id,paciente_id,paciente_nome,paciente_telefone,tipo_atendimento,medico_id,data_agendamento,data_consulta,status
AG00001,PAC0050,Patrícia Correia Brandão,54912341342,convenio,MED04,12/08/2025 12:48,2025-09-26 10:00,falta
AG00002,PAC0015,Pedro Brandão Batista,(53) 96470-3160,particular,MED04,2025-08-14 08:41,2025-09-25 08:00,realizada
AG00003,PAC0050,Patrícia Correia Brandão,54912341342,Convênio,MED04,2025-08-14 16:41,2025-09-29 09:00,falta
AG00004,PAC0028,Felipe Coelho Almeida,(53) 94895-4499,Convênio,MED06,2025-08-15 10:33,2025-09-25 08:30,faltou
AG00005,PAC0023,Eduardo Miranda Fernandes,(51) 98562-6321,convenio,MED05,2025-08-15 12:05,25/09/2025 16:00,cancelado
AG00006,PAC0031,Fernando Becker Aguiar,51942355515,particular,MED02,18/08/2025 08:20,2025-10-02 15:00,realizada
AG00007,PAC0038,Aline Soares Costa,51949817719,convenio,MED05,2025-08-18 13:41,2025-10-01 14:00,realizada
AG00008,PAC0039,Eduardo Weber Castro,(51) 96184-7151,convenio,MED01,2025-08-20 08:33,2025-10-03 14:00,Realizada
AG00009,PAC0035,Débora Marques Campos,54984407414,convenio,MED02,2025-08-20 10:00,2025-09-30 16:30,FALTA
AG00010,PAC0018,Rodrigo Oliveira Rodrigues,(51) 92304-5539,convenio,MED02,2025-08-20 13:05,2025-10-07 08:30,realizada
AG00011,PAC0037,Cristina Viana Queiroz,(51) 90307-5736,convenio,MED04,2025-08-20 14:48,2025-10-06 10:30,falta
AG00012,PAC0041,Beatriz Soares Nascimento,93607,CONVENIO,MED05,2025-08-20 15:00,2025-10-07 14:30,falta
AG00013,PAC0056,Juliana Weber Brandão,+55 51 936962963,Convênio,MED02,2025-08-20 16:55,2025-09-30 14:30,realizada
AG00014,PAC0029,Caio Souza Rodrigues,(51) 93841-1283,convenio,MED06,2025-08-21 08:00,2025-09-25 09:30,faltou
AG00015,PAC0024,Cristina Sales Aguiar,(51) 91690-1913,convenio,MED01,2025-08-21 08:12,01/10/2025 07:30,realizada
AG00016,PAC0068,Vanessa Tomasi Queiroz,(53) 91051-3636,convenio,MED01,2025-08-21 12:48,2025-10-03 16:00,cancelado
AG00017,PAC0047,Raquel Ramos Prado,+55 54 907183846,particular,MED03,2025-08-21 13:12,2025-09-29 15:00,faltou
AG00018,PAC0015,Pedro Brandão Batista,(53) 96470-3160,particular,MED04,2025-08-21 14:41,2025-10-06 11:30,FALTA
AG04475,PAC0028,Felipe Coelho Almeida,(53) 94895-4499,convenio,MED04,2026-05-06 08:28,2026-05-08 10:00,atendido
AG00019,PAC0040,Maria Marques Barbosa,(51) 96845-6814,convenio,MED03,2025-08-21 17:05,2025-10-06 13:00,atendido
AG00020,PAC0032,Daniel Souza Farias,54996395682,convenio,MED01,22/08/2025 10:48,2025-10-03 17:30,Realizada
AG00021,PAC0072,Rafael Teixeira Fonseca,,PARTICULAR,MED03,2025-08-22 11:33,03/10/2025 11:00,cancelado pelo paciente
AG00022,PAC0030,Tatiane Campos Barbosa,(51) 92954-8265,convenio,MED06,2025-08-22 11:55,2025-09-25 10:00,no_show
AG00023,PAC0026,Elaine Souza Santos,+55 51 990266056,Particular,MED03,2025-08-22 13:12,2025-09-29 13:00,faltou
AG00024,PAC0007,Juliana Soares Freitas,(54) 98991-4330,convenio,MED02,2025-08-22 15:33,2025-09-25 14:00,falta
AG00025,PAC0012,Pedro Moura Tomasi,(51) 94954-9026,particular,MED05,2025-08-25 12:20,2025-09-30 17:30,falta
AG00026,PAC0044,Tatiane Dias Correia,(53) 92104-5395,convenio,MED03,25/08/2025 16:05,2025-09-26 10:30,cancelado pelo paciente
AG00027,PAC0064,Daniel Coelho Freitas,(53) 98705-6910,convenio,MED03,2025-08-26 09:41,2025-10-01 15:00,realizada
AG00028,PAC0066,Eduardo Monteiro Reis,53986799759,convenio,MED04,2025-08-26 13:20,2025-10-01 09:00,realizada
AG00029,PAC0022,Samuel Farias Pires,54939218051,particular,MED04,2025-08-26 14:12,2025-10-03 11:00,realizada
AG00030,PAC0016,Murilo Viana Kuhn,+55 51 982888446,convenio,MED04,2025-08-26 17:05,2025-09-25 08:30,falta
AG00031,PAC0052,Daniel Araújo Coelho,(51) 98488-8292,particular,MED04,2025-08-27 08:12,2025-09-26 11:30,Realizada
AG00032,PAC0021,Jéssica Hoffmann Coelho,(51) 93213-2241,particular,MED05,2025-08-27 14:05,2025-10-02 17:00,realizada
AG00033,PAC0025,César Martins Brandão,51989062672,convenio,MED05,2025-08-27 16:48,25/09/2025 17:00,falta
AG00034,PAC0006,Fabiana Freitas Ramos,92836,convenio,MED05,28/08/2025 09:48,08/10/2025 17:00,realizada
AG00035,PAC0105,TÂNIA BRANDÃO NUNES,54972085152,Convênio,MED06,2025-08-28 11:00,14/10/2025 09:00,realizada
AG00036,PAC0008,João Xavier Cavalcanti,(51) 90091-7145,convenio,MED04,2025-08-28 12:00,2025-09-29 10:00,faltou
AG00037,PAC0007,Juliana Soares Freitas,(54) 98991-4330,convenio,MED04,2025-08-28 12:41,2025-10-03 09:00,cancelado
AG00038,PAC0016,Murilo Viana Kuhn,+55 51 982888446,convenio,MED04,2025-08-28 14:55,2025-10-01 10:00,realizada
AG00039,PAC0009,Isabela Souza Aguiar,53909669091,particular,MED04,2025-08-28 16:20,2025-10-10 10:30,faltou
AG00040,PAC0010,Rafael Coelho Oliveira,51917974054,convenio,MED03,2025-08-28 16:48,03/10/2025 11:30,realizada
AG00041,PAC0056,Juliana Weber Brandão,+55 51 936962963,CONVENIO,MED06,2025-08-28 17:20,2025-10-09 08:00,realizada
AG00042,PAC0037,Cristina Viana Queiroz,(51) 90307-5736,Convênio,MED04,2025-08-29 10:55,2025-10-02 09:00,realizada
AG00043,PAC0094,Fernando Nascimento Viana,51999977924,convenio,MED03,2025-08-29 12:48,2025-10-13 15:30,FALTA
AG00044,PAC0034,Adriana Peixoto Rezende,51990650617,convenio,MED01,2025-08-29 13:41,2025-09-26 13:30,atendido
AG00045,PAC0026,Elaine Souza Santos,+55 51 990266056,particular,MED02,2025-08-29 15:20,09/10/2025 16:30,desmarcou
AG00046,PAC0073,Márcio Mendes Bertoldi,(51) 98959-6065,convenio,MED04,2025-08-29 15:48,2025-10-03 08:00,realizada
AG00047,PAC0048,Beatriz Queiroz Soares,(51) 98970-4340,particular,MED04,2025-08-29 17:05,2025-09-26 09:00,Realizada
AG00048,PAC0027,Viviane Vieira Ramos,(53) 91096-7130,convenio,MED02,2025-09-01 08:12,2025-09-30 08:00,falta
AG00049,PAC0009,Isabela Souza Aguiar,53909669091,particular,MED02,2025-09-01 09:55,2025-09-25 15:00,realizada
AG00050,PAC0028,Felipe Coelho Almeida,(53) 94895-4499,convênio,MED01,2025-09-01 10:12,15/10/2025 08:30,cancelada_paciente
AG00051,PAC0113,Fernando Ferreira Rezende,(51) 95512-6270,particular,MED04,2025-09-01 10:41,2025-10-15 09:30,realizada
AG00052,PAC0013,Sônia Nunes Xavier,51920780234,particular,MED05,01/09/2025 11:00,2025-09-30 15:00,realizada
AG00053,PAC0095,Vanessa Dias Hoffmann,53934170837,particular,MED04,2025-09-01 11:41,2025-10-15 09:00,realizada
AG00054,PAC0089,Emerson Gomes Coelho,51982389020,PARTICULAR,MED06,01/09/2025 12:41,2025-10-08 17:00,realizada
AG00055,PAC0054,Cristina Correia Pinto,(54) 94326-3725,convenio,MED02,2025-09-01 13:55,2025-10-02 09:00,falta
AG00056,PAC0052,Daniel Araújo Coelho,(51) 98488-8292,Particular,MED04,2025-09-01 14:00,2025-10-02 10:00,realizada
AG00057,PAC0050,Patrícia Correia Brandão,54912341342,convenio,MED04,2025-09-01 15:48,2025-10-01 08:30,falta
AG00058,PAC0073,Márcio Mendes Bertoldi,(51) 98959-6065,convenio,MED04,2025-09-01 15:55,2025-10-15 08:00,atendido
AG05996,PAC1299,Raquel Campos Almeida,+55 54 999768445,particular,MED04,2026-07-22 16:20,2026-07-29 09:00,cancelado clinica
AG00059,PAC0029,Caio Souza Rodrigues,(51) 93841-1283,convenio,MED04,2025-09-01 17:41,03/10/2025 10:30,realizada
AG00060,PAC0024,Cristina Sales Aguiar,(51) 91690-1913,convenio,MED05,2025-09-02 12:41,29/09/2025 17:00,realizada
AG00061,PAC0046,Wagner Macedo Bezerra,(54) 91918-5886,particular,MED03,2025-09-02 13:05,2025-10-01 17:00,realizada
AG00062,PAC0034,Adriana Peixoto Rezende,51990650617,Convênio,MED03,2025-09-02 13:33,2025-09-29 16:30,realizada
AG00063,PAC0082,Raquel Andrade Tomasi,519405,convenio,MED04,2025-09-02 13:48,2025-10-08 10:00,realizada
AG00064,PAC0059,Mateus Pereira Machado,53995768911,Convênio,MED04,02/09/2025 14:48,2025-10-02 08:30,Realizada
AG00065,PAC0027,Viviane Vieira Ramos,(53) 91096-7130,convenio,MED06,2025-09-03 08:05,2025-09-25 08:00,realizada
AG00066,PAC0094,Fernando Nascimento Viana,51999977924,convenio,MED05,03/09/2025 12:20,09/10/2025 16:30,realizada
AG00067,PAC0016,Murilo Viana Kuhn,+55 51 982888446,convenio,MED01,2025-09-03 12:33,2025-10-01 09:30,ausente
AG00068,PAC0040,Maria Marques Barbosa,(51) 96845-6814,convenio,MED01,2025-09-03 12:41,2025-09-29 11:30,falta
AG00069,PAC0128,Aline Oliveira Queiroz,(54) 99381-1787,convenio,MED04,2025-09-03 15:12,2025-10-17 11:30,falta
AG00070,PAC0058,Paulo Lima Farias,(51) 98437-6481,Particular,MED02,2025-09-03 16:55,2025-09-30 17:00,REALIZADA
AG00071,PAC0076,Lucas Lorenzi Cavalcanti,(54) 99861-1609,particular,MED01,2025-09-03 17:00,2025-10-06 07:30,falta
AG00072,PAC0062,Luciana Soares Lorenzi,(51) 96645-1918,CONVENIO,MED05,2025-09-03 17:33,06/10/2025 14:00,realizada
AG00073,PAC0063,Vitor Xavier Lopes,54972055015,particular,MED03,04/09/2025 10:05,2025-10-13 14:30,desmarcou
AG00074,PAC0005,Lorena Martins Ferreira,(51) 93740-9546,convenio,MED02,2025-09-04 10:48,2025-09-25 11:00,Realizada
AG00075,PAC0072,Rafael Teixeira Fonseca,,particular,MED04,2025-09-04 11:33,2025-10-14 08:30,realizada
AG00076,PAC0040,Maria Marques Barbosa,(51) 96845-6814,Convênio,MED01,2025-09-04 12:05,2025-09-26 17:30,realizada
AG00077,PAC0052,Daniel Araújo Coelho,(51) 98488-8292,Particular,MED01,2025-09-04 14:05,2025-10-08 08:30,falta
AG00078,PAC0079,Daniel Tomasi Pires,,particular,MED05,2025-09-04 17:12,2025-10-08 14:30,faltou
AG00079,PAC0047,Raquel Ramos Prado,+55 54 907183846,particular,MED01,2025-09-04 17:20,2025-10-10 16:30,FALTA
AG00080,PAC0088,Beatriz Rezende Rocha,(53) 91979-7265,particular,MED02,2025-09-05 10:20,16/10/2025 15:00,Realizada
AG00081,PAC0066,Eduardo Monteiro Reis,53986799759,convenio,MED04,2025-09-05 10:41,03/10/2025 09:30,FALTA
AG00082,PAC0091,Murilo Martins Santana,(54) 91396-4088,CONVENIO,MED02,2025-09-05 11:12,14/10/2025 08:00,realizada
AG00083,PAC0047,Raquel Ramos Prado,+55 54 907183846,particular,MED01,05/09/2025 11:48,2025-10-06 08:30,falta
AG00084,PAC0011,Sônia Machado Campos,+55 51 995322750,Convênio,MED04,2025-09-05 12:05,13/10/2025 11:30,realizada
AG00085,PAC0038,Aline Soares Costa,51949817719,convenio,MED04,05/09/2025 13:05,2025-10-15 10:00,realizada
AG00086,PAC0067,Henrique Müller Vieira,+55 53 981682185,PARTICULAR,MED06,2025-09-05 14:12,2025-10-16 08:30,FALTA
AG00087,PAC0075,Luiza Costa Souza,51940709045,particular,MED01,05/09/2025 15:33,2025-10-13 08:00,FALTA
AG00088,PAC0002,Felipe Bertoldi Souza,,convenio,MED02,2025-09-08 08:00,2025-09-25 08:30,realizada
AG00089,PAC0061,Gustavo Siqueira Pires,(53) 96472-8115,convenio,MED03,2025-09-08 10:41,2025-10-17 09:00,faltou
AG00090,PAC0003,Camila Miranda Carvalho,51961003307,convenio,MED05,2025-09-08 11:00,2025-10-02 16:30,realizada
AG00091,PAC0030,Tatiane Campos Barbosa,(51) 92954-8265,convenio,MED04,2025-09-08 11:55,03/10/2025 11:30,atendido
AG00092,PAC0104,Natália Hoffmann Dias,92916,convenio,MED04,2025-09-08 12:05,2025-10-23 09:00,cancelada_clinica
AG00093,PAC0052,Daniel Araújo Coelho,(51) 98488-8292,particular,MED04,2025-09-08 12:33,2025-10-20 08:00,realizada
AG00094,PAC0054,Cristina Correia Pinto,(54) 94326-3725,convenio,MED06,08/09/2025 12:55,2025-10-15 15:00,falta
AG00095,PAC0020,Beatriz Tavares Borges,+55 53 923601395,convenio,MED06,2025-09-08 13:20,2025-10-01 15:30,realizada
AG00096,PAC0068,Vanessa Tomasi Queiroz,(53) 91051-3636,convenio,MED02,08/09/2025 13:48,2025-10-09 14:00,realizada
AG00097,PAC0044,Tatiane Dias Correia,(53) 92104-5395,convenio,MED03,2025-09-08 14:05,2025-10-13 17:30,realizada
AG00098,PAC0050,Patrícia Correia Brandão,54912341342,convenio,MED05,2025-09-08 15:41,09/10/2025 17:30,falta
AG00099,PAC0010,Rafael Coelho Oliveira,51917974054,convenio,MED02,2025-09-08 16:00,2025-09-25 15:30,realizada
AG00100,PAC0130,Débora Becker Correia,(54) 91064-5965,particular,MED01,2025-09-08 17:05,2025-10-20 10:30,faltou
AG00101,PAC0006,Fabiana Freitas Ramos,92836,convenio,MED03,2025-09-08 17:33,2025-10-01 14:00,realizada
AG00102,PAC0022,SAMUEL FARIAS PIRES,54939218051,PARTICULAR,MED02,09/09/2025 09:05,2025-10-14 16:00,realizada
AG00103,PAC0046,Wagner Macedo Bezerra,(54) 91918-5886,particular,MED01,2025-09-09 10:05,2025-10-01 11:00,Realizada
AG00104,PAC0004,Maria Pereira Macedo,(54) 92837-8326,convenio,MED05,2025-09-09 11:33,2025-10-06 15:00,falta
AG00105,PAC0027,Viviane Vieira Ramos,(53) 91096-7130,convenio,MED02,2025-09-09 12:33,2025-10-07 14:30,realizada
AG00106,PAC0103,Natália Marques Santos,+55 51 976030999,convenio,MED02,09/09/2025 12:55,2025-10-14 09:30,faltou
AG00107,PAC0114,Daniel Rodrigues Queiroz,(54) 94891-7895,CONVENIO,MED04,2025-09-09 12:55,2025-10-17 09:30,FALTA
AG00108,PAC0039,Eduardo Weber Castro,(51) 96184-7151,convenio,MED01,2025-09-09 13:12,2025-09-29 07:30,faltou
AG00109,PAC0099,Arthur Zanella Borges,(51) 94316-0876,convenio,MED04,2025-09-09 13:48,2025-10-16 08:30,falta
AG00110,PAC0009,Isabela Souza Aguiar,53909669091,particular,MED04,2025-09-09 14:12,2025-10-09 08:00,realizada
AG00111,PAC0051,Tânia Pinto Rezende,51969124332,convenio,MED04,2025-09-09 16:00,2025-09-26 11:00,realizada
AG00112,PAC0047,Raquel Ramos Prado,+55 54 907183846,particular,MED05,2025-09-09 16:41,30/09/2025 16:30,realizada
AG00113,PAC0027,Viviane Vieira Ramos,(53) 91096-7130,convenio,MED02,2025-09-09 17:12,2025-09-30 09:00,falta
AG00114,PAC0114,Daniel Rodrigues Queiroz,(54) 94891-7895,convenio,MED02,09/09/2025 17:41,2025-10-21 14:30,atendido
AG00115,PAC0039,Eduardo Weber Castro,(51) 96184-7151,convenio,MED04,10/09/2025 09:00,2025-10-06 11:00,REALIZADA
AG00116,PAC0055,Patrícia Prado Teixeira,51975702934,convenio,MED02,2025-09-10 09:05,16/10/2025 11:00,falta
AG00117,PAC0031,Fernando Becker Aguiar,51942355515,particular,MED06,2025-09-10 09:33,2025-09-25 11:00,faltou
AG00118,PAC0022,Samuel Farias Pires,54939218051,particular,MED04,2025-09-10 10:12,2025-10-13 10:00,Realizada
AG00119,PAC0062,Luciana Soares Lorenzi,(51) 96645-1918,convenio,MED04,2025-09-10 11:00,2025-10-17 10:00,falta
AG00120,PAC0042,Henrique Santos Miranda,53953980453,convenio,MED05,10/09/2025 13:12,2025-10-27 17:30,realizada
AG00121,PAC0023,Eduardo Miranda Fernandes,(51) 98562-6321,Convênio,MED01,2025-09-10 14:00,2025-10-06 11:30,cancelado
AG00122,PAC0096,Débora Bezerra Castro,(51) 98563-5074,Particular,MED03,2025-09-10 14:33,2025-10-10 11:30,falta
AG00123,PAC0019,Eduardo Rezende Marques,53938389923,Convênio,MED04,2025-09-10 14:48,2025-09-25 11:30,realizada
AG00124,PAC0069,Sérgio Hoffmann Carvalho,+55 51 979759770,particular,MED04,2025-09-10 15:48,2025-10-10 10:00,no_show
AG00125,PAC0116,Leandro Becker Marques,51920146861,particular,MED02,2025-09-10 16:41,2025-10-23 15:00,realizada
AG00126,PAC0055,Patrícia Prado Teixeira,51975702934,convenio,MED04,2025-09-10 17:00,2025-10-14 10:30,ausente
AG00127,PAC0013,Sônia Nunes Xavier,51920780234,particular,MED01,2025-09-10 17:12,2025-10-13 07:30,falta
AG00128,PAC0090,João Vieira Souza,51979665854,convenio,MED01,2025-09-10 17:12,15/10/2025 08:00,realizada
AG00129,PAC0161,Lorena Ramos Machado,(54) 93359-2298,particular,MED02,2025-09-11 08:00,2025-10-28 10:30,confirmado
AG00130,PAC0042,Henrique Santos Miranda,53953980453,convenio,MED06,11/09/2025 08:20,2025-10-22 14:00,realizada
AG00131,PAC0057,Arthur Santana Kuhn,+55 51 921041025,convenio,MED06,11/09/2025 08:48,15/10/2025 14:30,no_show
AG00132,PAC0004,Maria Pereira Macedo,(54) 92837-8326,convenio,MED02,2025-09-11 09:00,2025-10-07 09:30,falta
AG00133,PAC0085,Emerson Reis Macedo,51972488125,convenio,MED03,11/09/2025 09:00,2025-10-15 13:00,realizada
AG00134,PAC0131,Daniel Dias Barbosa,51972616925,convenio,MED05,2025-09-11 12:33,2025-10-20 14:30,realizada
AG00135,PAC0006,Fabiana Freitas Ramos,92836,convenio,MED02,2025-09-11 14:12,2025-09-25 11:30,realizada
AG00136,PAC0087,Murilo Bittencourt Carvalho,51906332369,Convênio,MED04,2025-09-11 15:20,2025-10-08 10:30,realizada
AG00137,PAC0163,Aline Reis Brandão,+55 51 977816336,particular,MED04,2025-09-11 15:20,28/10/2025 11:00,falta
AG00138,PAC0001,Tânia Moreira Andrade,+55 53 979217421,convenio,MED02,2025-09-11 15:55,2025-09-25 08:00,realizada
AG00139,PAC0031,Fernando Becker Aguiar,51942355515,particular,MED01,2025-09-11 15:55,2025-10-24 15:30,falta
AG00140,PAC0083,Marcos Alves Rocha,51917272994,Convênio,MED04,2025-09-11 16:00,2025-10-09 10:30,cancelado
AG00141,PAC0013,Sônia Nunes Xavier,51920780234,particular,MED01,2025-09-12 08:12,2025-10-20 11:30,falta
AG00142,PAC0022,Samuel Farias Pires,54939218051,particular,MED05,12/09/2025 08:20,2025-09-25 15:30,realizada
AG00143,PAC0002,Felipe Bertoldi Souza,,convênio,MED04,2025-09-12 11:48,10/10/2025 11:30,Realizada
AG00144,PAC0011,Sônia Machado Campos,+55 51 995322750,convenio,MED01,2025-09-12 12:00,2025-10-15 07:00,Realizada
AG00145,PAC0033,Caio Lima Zanella,53948151415,convenio,MED01,2025-09-12 13:33,2025-10-17 13:30,realizada
AG00146,PAC0040,Maria Marques Barbosa,(51) 96845-6814,convenio,MED01,2025-09-12 14:00,2025-09-29 08:30,realizada
AG00147,PAC0014,Sônia Silva Reis,+55 53 998575311,particular,MED02,2025-09-12 14:12,25/09/2025 17:30,REALIZADA
AG00148,PAC0080,Alexandre Lopes Pires,(51) 96893-0854,convenio,MED01,2025-09-12 15:33,2025-10-10 14:00,realizada
AG00149,PAC0039,Eduardo Weber Castro,(51) 96184-7151,Convênio,MED05,2025-09-12 15:41,2025-10-14 17:30,falta
AG00150,PAC0048,Beatriz Queiroz Soares,(51) 98970-4340,particular,MED02,2025-09-12 15:55,2025-10-16 14:00,Realizada
AG00151,PAC0032,Daniel Souza Farias,54996395682,convenio,MED06,2025-09-12 16:20,2025-09-25 11:30,falta
AG00152,PAC0013,Sônia Nunes Xavier,51920780234,Particular,MED02,2025-09-12 16:41,2025-09-25 17:00,realizada
AG00153,PAC0060,Adriana Pereira Bittencourt,(51) 92521-5053,convenio,MED05,2025-09-12 16:48,2025-10-06 16:30,atendido
AG00154,PAC0033,Caio Lima Zanella,53948151415,convenio,MED01,2025-09-12 17:33,2025-09-26 13:00,realizada
AG00155,PAC0060,Adriana Pereira Bittencourt,(51) 92521-5053,convenio,MED04,2025-09-12 17:33,2025-10-27 09:00,falta
AG00156,PAC0041,Beatriz Soares Nascimento,93607,convenio,MED03,2025-09-15 09:05,2025-09-26 08:00,no_show
AG00157,PAC0083,Marcos Alves Rocha,51917272994,convenio,MED02,2025-09-15 09:33,2025-10-14 15:00,realizada
AG00158,PAC0106,Bianca Mendes Bezerra,(51) 97292-7284,convenio,MED05,2025-09-15 10:41,2025-10-16 14:30,realizada
AG00159,PAC0026,Elaine Souza Santos,+55 51 990266056,particular,MED01,2025-09-15 11:00,2025-10-01 08:00,falta
AG00160,PAC0081,Rodrigo Farias Tomasi,+55 51 914179864,convenio,MED02,2025-09-15 12:00,2025-10-21 09:00,realizada
AG00161,PAC0045,Henrique Macedo Rodrigues,(51) 98619-6258,particular,MED03,2025-09-15 13:12,2025-10-01 15:30,cancelado pelo paciente
AG00162,PAC0025,César Martins Brandão,51989062672,convenio,MED06,2025-09-15 14:00,2025-10-29 16:00,faltou
AG00163,PAC0015,Pedro Brandão Batista,(53) 96470-3160,particular,MED05,2025-09-15 14:41,2025-10-06 16:00,desmarcou
AG00164,PAC0008,João Xavier Cavalcanti,(51) 90091-7145,convenio,MED02,2025-09-15 16:12,25/09/2025 14:30,cancelado
AG00165,PAC0026,Elaine Souza Santos,+55 51 990266056,particular,MED05,2025-09-15 16:33,2025-09-25 17:30,Realizada
AG00166,PAC0020,Beatriz Tavares Borges,+55 53 923601395,convenio,MED04,2025-09-15 16:48,2025-10-21 10:00,realizada
AG00167,PAC0012,Pedro Moura Tomasi,(51) 94954-9026,particular,MED02,15/09/2025 17:55,2025-09-25 16:30,falta
AG00168,PAC0111,Tatiane Andrade Barbosa,+55 51 920305986,particular,MED04,2025-09-16 08:48,2025-10-15 11:00,atendido
AG00169,PAC0094,Fernando Nascimento Viana,51999977924,convenio,MED06,2025-09-16 09:00,2025-10-09 09:30,ausente
AG00170,PAC0054,Cristina Correia Pinto,(54) 94326-3725,convenio,MED01,2025-09-16 09:48,2025-10-03 15:30,realizada
AG00171,PAC0041,Beatriz Soares Nascimento,93607,convenio,MED04,2025-09-16 10:20,2025-09-26 10:30,realizada
AG00172,PAC0068,Vanessa Tomasi Queiroz,(53) 91051-3636,convenio,MED03,2025-09-16 11:05,2025-10-13 15:00,falta
AG00173,PAC0091,Murilo Martins Santana,(54) 91396-4088,convênio,MED04,2025-09-16 11:48,2025-10-27 08:30,REALIZADA
AG00174,PAC0034,Adriana Peixoto Rezende,51990650617,convênio,MED03,2025-09-16 12:05,2025-10-15 16:30,faltou
AG00175,PAC0081,Rodrigo Farias Tomasi,+55 51 914179864,convenio,MED05,16/09/2025 14:05,2025-10-13 14:30,realizada
AG00176,PAC0134,Thiago Souza Xavier,+55 51 982189018,Particular,MED04,2025-09-16 14:12,2025-10-20 11:30,falta
AG00177,PAC0017,José Rezende Ferreira,(53) 96891-7121,particular,MED02,2025-09-16 14:33,2025-09-30 08:30,realizada
AG00178,PAC0058,Paulo Lima Farias,(51) 98437-6481,PARTICULAR,MED04,16/09/2025 14:48,13/10/2025 09:00,cancelada_paciente
AG00179,PAC0041,Beatriz Soares Nascimento,93607,convenio,MED05,2025-09-16 15:00,2025-10-13 16:00,realizada
AG00180,PAC0101,César Almeida Campos,(54) 95435-8456,particular,MED03,2025-09-16 16:00,2025-10-13 16:00,FALTA
AG00181,PAC0016,Murilo Viana Kuhn,+55 51 982888446,convenio,MED01,2025-09-16 16:12,29/09/2025 09:00,realizada
AG00182,PAC0111,Tatiane Andrade Barbosa,+55 51 920305986,particular,MED05,2025-09-16 17:12,2025-10-28 17:00,falta
AG00183,PAC0062,Luciana Soares Lorenzi,(51) 96645-1918,convenio,MED01,2025-09-16 17:20,2025-10-01 07:00,faltou
AG00184,PAC0060,Adriana Pereira Bittencourt,(51) 92521-5053,Convênio,MED04,2025-09-16 17:55,2025-10-21 08:30,ausente
AG00185,PAC0004,Maria Pereira Macedo,(54) 92837-8326,convenio,MED03,2025-09-17 08:33,2025-10-01 14:30,ausente
AG00186,PAC0099,Arthur Zanella Borges,(51) 94316-0876,convenio,MED03,2025-09-17 08:55,2025-10-20 14:00,realizada
AG00187,PAC0017,José Rezende Ferreira,(53) 96891-7121,particular,MED04,2025-09-17 09:00,2025-09-25 09:00,realizada
AG00188,PAC0116,Leandro Becker Marques,51920146861,Particular,MED06,2025-09-17 09:05,15/10/2025 16:30,Realizada
AG00189,PAC0061,Gustavo Siqueira Pires,(53) 96472-8115,convenio,MED03,2025-09-17 09:12,2025-10-03 08:00,falta
AG00190,PAC0020,Beatriz Tavares Borges,+55 53 923601395,convenio,MED05,2025-09-17 09:55,2025-10-02 14:00,realizada
AG00191,PAC0004,Maria Pereira Macedo,(54) 92837-8326,convenio,MED02,2025-09-17 10:20,2025-09-25 10:00,atendido
AG00192,PAC0061,Gustavo Siqueira Pires,(53) 96472-8115,convenio,MED03,2025-09-17 11:00,2025-10-06 14:00,realizada
AG00193,PAC0010,Rafael Coelho Oliveira,51917974054,convenio,MED04,2025-09-17 11:12,2025-09-30 08:30,realizada
AG00194,PAC0056,Juliana Weber Brandão,+55 51 936962963,convenio,MED04,2025-09-17 11:48,2025-10-06 08:00,REALIZADA
AG00195,PAC0014,Sônia Silva Reis,+55 53 998575311,particular,MED04,17/09/2025 13:05,2025-09-30 08:00,faltou
AG00196,PAC0119,Samuel Nunes Reis,,convenio,MED02,2025-09-17 13:12,2025-10-16 17:00,realizada
AG00197,PAC0020,Beatriz Tavares Borges,+55 53 923601395,CONVENIO,MED02,2025-09-17 13:20,2025-10-09 10:30,realizada
AG00198,PAC0019,Eduardo Rezende Marques,53938389923,Convênio,MED02,17/09/2025 14:00,2025-10-30 09:30,no_show
AG00199,PAC0125,Roberto Zanella Viana,(53) 99681-4060,particular,MED02,17/09/2025 15:05,2025-10-28 16:00,falta
AG00200,PAC0012,Pedro Moura Tomasi,(51) 94954-9026,particular,MED06,2025-09-17 15:12,07/10/2025 08:00,realizada
AG00201,PAC0067,Henrique Müller Vieira,+55 53 981682185,particular,MED05,17/09/2025 15:12,2025-10-29 16:00,realizada
AG00202,PAC0045,Henrique Macedo Rodrigues,(51) 98619-6258,particular,MED03,2025-09-17 15:55,2025-10-08 17:00,FALTA
AG00203,PAC0081,Rodrigo Farias Tomasi,+55 51 914179864,Convênio,MED02,2025-09-17 16:33,2025-10-07 10:30,falta
AG00204,PAC0007,Juliana Soares Freitas,(54) 98991-4330,convenio,MED05,17/09/2025 16:41,2025-09-29 14:00,falta
AG00205,PAC0080,Alexandre Lopes Pires,(51) 96893-0854,convenio,MED02,2025-09-17 16:41,2025-10-07 10:00,atendido
AG00206,PAC0038,Aline Soares Costa,51949817719,convenio,MED01,2025-09-17 17:12,2025-09-26 16:30,realizada
AG00207,PAC0054,Cristina Correia Pinto,(54) 94326-3725,convenio,MED05,17/09/2025 17:12,06/10/2025 17:30,ausente
AG00208,PAC0019,Eduardo Rezende Marques,53938389923,convenio,MED02,2025-09-17 17:33,2025-09-30 16:00,realizada
AG00209,PAC0121,Helena Araújo Freitas,(54) 90376-5305,convenio,MED04,2025-09-18 08:00,2025-10-22 10:30,realizada
AG00210,PAC0063,Vitor Xavier Lopes,54972055015,particular,MED01,2025-09-18 09:00,01/10/2025 09:00,faltou
AG00211,PAC0014,Sônia Silva Reis,+55 53 998575311,PARTICULAR,MED05,2025-09-18 09:33,2025-10-01 17:30,realizada
AG00212,PAC0053,Fabiana Bezerra Siqueira,(54) 98288-4576,convenio,MED04,2025-09-18 11:05,2025-10-08 08:00,realizada
AG00213,PAC0005,Lorena Martins Ferreira,(51) 93740-9546,convenio,MED04,2025-09-18 11:55,13/10/2025 09:30,realizada
AG00214,PAC0040,Maria Marques Barbosa,(51) 96845-6814,convenio,MED03,2025-09-18 12:41,2025-09-29 14:30,cancelado
AG00215,PAC0059,Mateus Pereira Machado,53995768911,convenio,MED04,2025-09-18 13:00,2025-09-30 11:00,realizada
AG00216,PAC0095,Vanessa Dias Hoffmann,53934170837,Particular,MED04,2025-09-18 13:05,2025-10-14 11:30,realizada
AG00217,PAC0034,Adriana Peixoto Rezende,51990650617,convenio,MED02,2025-09-18 13:12,2025-10-02 09:30,realizada
AG00218,PAC0140,Lucas Ramos Silva,+55 51 983709241,PARTICULAR,MED04,2025-09-18 13:41,2025-10-30 10:30,realizada
AG00219,PAC0036,Igor Bertoldi Sales,(51) 97246-2488,particular,MED03,2025-09-18 14:12,2025-10-27 16:30,falta
AG00220,PAC0055,Patrícia Prado Teixeira,51975702934,convenio,MED04,2025-09-18 14:48,2025-09-29 11:30,ausente
AG00221,PAC0053,Fabiana Bezerra Siqueira,(54) 98288-4576,convenio,MED03,2025-09-18 16:12,2025-09-29 17:00,falta
AG00222,PAC0039,Eduardo Weber Castro,(51) 96184-7151,convenio,MED01,2025-09-18 16:48,26/09/2025 17:00,no_show
AG00223,PAC0008,João Xavier Cavalcanti,(51) 90091-7145,convenio,MED01,2025-09-18 17:20,2025-09-29 11:00,FALTA
AG00224,PAC0026,Elaine Souza Santos,+55 51 990266056,particular,MED03,2025-09-18 17:33,2025-10-06 16:30,falta
AG01629,PAC0245,Juliana Bezerra Duarte,54992501078,particular,MED01,04/12/2025 08:12,2025-12-10 07:00,Realizada
AG00225,PAC0067,Henrique Müller Vieira,+55 53 981682185,particular,MED06,2025-09-19 08:05,2025-10-01 14:00,faltou
AG00226,PAC0064,Daniel Coelho Freitas,(53) 98705-6910,Convênio,MED03,2025-09-19 08:48,2025-10-22 16:00,falta
AG00227,PAC0079,Daniel Tomasi Pires,,particular,MED04,2025-09-19 09:12,2025-10-06 08:30,cancelado pelo paciente
AG00228,PAC0027,Viviane Vieira Ramos,(53) 91096-7130,CONVENIO,MED02,2025-09-19 09:55,2025-10-09 15:30,realizada
AG00229,PAC0069,Sérgio Hoffmann Carvalho,+55 51 979759770,Particular,MED04,2025-09-19 10:05,2025-10-16 11:00,REALIZADA
AG00230,PAC0074,Priscila Farias Zanella,54944868202,particular,MED04,2025-09-19 11:48,2025-10-03 08:30,cancelado
AG00231,PAC0011,Sônia Machado Campos,+55 51 995322750,convenio,MED02,2025-09-19 12:20,2025-09-25 16:00,realizada
AG00232,PAC0043,Fábio Sales Vieira,53938390312,particular,MED03,2025-09-19 12:20,2025-09-26 09:30,falta
AG00233,PAC0001,Tânia Moreira Andrade,+55 53 979217421,CONVENIO,MED04,2025-09-19 13:33,2025-10-02 09:30,realizada
AG00234,PAC0035,Débora Marques Campos,54984407414,convenio,MED01,2025-09-19 14:33,2025-10-22 07:00,realizada
AG00235,PAC0025,César Martins Brandão,51989062672,convenio,MED04,19/09/2025 15:33,2025-11-03 11:00,REALIZADA
AG00236,PAC0041,Beatriz Soares Nascimento,93607,convenio,MED03,2025-09-19 15:55,2025-09-29 14:00,realizada
AG00237,PAC0020,Beatriz Tavares Borges,+55 53 923601395,convenio,MED01,2025-09-19 16:00,2025-10-01 11:30,faltou
AG00238,PAC0146,Júlia Moreira Souza,(51) 93874-9982,particular,MED04,19/09/2025 16:12,2025-10-23 11:00,realizada
AG00239,PAC0024,Cristina Sales Aguiar,(51) 91690-1913,convenio,MED05,2025-09-19 17:12,2025-09-25 16:30,faltou
AG00240,PAC0012,Pedro Moura Tomasi,(51) 94954-9026,particular,MED06,19/09/2025 17:41,01/10/2025 17:30,faltou
AG00241,PAC0064,Daniel Coelho Freitas,(53) 98705-6910,convenio,MED06,2025-09-22 08:00,2025-10-02 10:30,falta
AG00242,PAC0169,Mateus Zanella Freitas,(54) 94611-3087,particular,MED02,2025-09-22 08:00,30/10/2025 17:00,REALIZADA
AG00243,PAC0151,Roberto Bittencourt Araújo,51907015223,particular,MED01,2025-09-22 08:05,2025-10-24 17:00,ausente
AG00244,PAC0032,Daniel Souza Farias,54996395682,convenio,MED03,2025-09-22 08:48,2025-10-27 17:00,falta
AG00245,PAC0156,Patrícia Moura Castro,(51) 93069-9847,convenio,MED05,2025-09-22 09:12,28/10/2025 14:30,faltou
AG00246,PAC0157,Isabela Peioto Lopes,51933483757,convenio,MED03,2025-09-22 09:33,2025-11-03 17:00,cancelado pelo paciente
AG00247,PAC0093,João Bezerra Souza,+55 51 962059532,particular,MED02,22/09/2025 10:00,2025-10-21 14:00,atendido
AG00248,PAC0086,Luiza Costa Santana,+55 53 917497258,convenio,MED06,2025-09-22 10:12,2025-10-23 11:00,no_show
AG00249,PAC0018,Rodrigo Oliveira Rodrigues,(51) 92304-5539,convenio,MED02,2025-09-22 10:41,30/09/2025 15:00,faltou
AG00250,PAC0045,Henrique Macedo Rodrigues,(51) 98619-6258,particular,MED05,2025-09-22 11:33,2025-10-01 17:00,falta
AG00251,PAC0078,Márcio Duarte Rodrigues,51997483587,Convênio,MED01,2025-09-22 11:33,06/10/2025 09:00,Realizada
AG00252,PAC0013,Sônia Nunes Xavier,51920780234,Particular,MED01,2025-10-06 07:00,29/09/2025 07:00,realizada
AG00253,PAC0160,Renata Kuhn Bezerra,53989869970,Convênio,MED02,2025-09-22 12:20,2025-10-28 09:30,faltou
AG00254,PAC0111,Tatiane Andrade Barbosa,+55 51 920305986,particular,MED05,22/09/2025 15:41,2025-10-27 14:30,falta
AG00255,PAC0037,Cristina Viana Queiroz,(51) 90307-5736,convenio,MED05,22/09/2025 16:33,2025-10-01 15:00,FALTA
AG00256,PAC0091,Murilo Martins Santana,(54) 91396-4088,convenio,MED02,2025-09-22 16:33,2025-10-09 11:30,atendido
AG00257,PAC0038,Aline Soares Costa,51949817719,convenio,MED04,22/09/2025 16:55,2025-09-30 11:30,cancelada_paciente
AG00258,PAC0069,Sérgio Hoffmann Carvalho,+55 51 979759770,particular,MED02,2025-09-22 17:12,2025-10-09 17:30,desmarcou
AG00259,PAC0036,Igor Bertoldi Sales,(51) 97246-2488,Particular,MED01,2025-09-22 17:20,26/09/2025 14:30,realizada
AG00260,PAC0087,Murilo Bittencourt Carvalho,51906332369,convenio,MED01,2025-09-23 08:05,31/10/2025 17:30,realizada
AG00261,PAC0010,Rafael Coelho Oliveira,51917974054,convenio,MED05,2025-09-23 08:12,2025-10-13 14:00,realizada
AG00262,PAC0139,Roberto Teixeira Monteiro,(51) 94905-0474,convenio,MED06,23/09/2025 08:20,2025-10-21 09:00,falta
AG00263,PAC0094,Fernando Nascimento Viana,51999977924,convenio,MED03,2025-09-23 10:41,2025-10-15 15:30,desmarcou
AG00264,PAC0145,Diego Gonçalves Peixoto,+55 51 936594709,convênio,MED01,23/09/2025 10:41,27/10/2025 10:00,no_show
AG00265,PAC0037,Cristina Viana Queiroz,(51) 90307-5736,convenio,MED01,2025-09-23 11:12,2025-09-26 15:30,Realizada
AG00266,PAC0033,Caio Lima Zanella,53948151415,convenio,MED04,2025-09-23 12:05,2025-10-01 09:30,REALIZADA
AG00267,PAC0148,Isabela Tavares Costa,53985280547,convenio,MED04,2025-09-23 12:20,2025-10-29 08:00,ausente
AG00268,PAC0114,Daniel Rodrigues Queiroz,(54) 94891-7895,convênio,MED05,2025-09-23 13:00,2025-10-15 15:30,faltou
AG00269,PAC0097,Luiza Duarte Mendes,0000000000,convenio,MED06,23/09/2025 13:12,2025-10-23 08:30,no_show
AG00270,PAC0114,Daniel Rodrigues Queiroz,(54) 94891-7895,convenio,MED03,2025-09-23 14:48,2025-10-17 10:00,cancelada_paciente
AG00271,PAC0004,Maria Pereira Macedo,(54) 92837-8326,convenio,MED01,2025-09-23 15:33,2025-10-03 13:00,realizada
AG00272,PAC0059,Mateus Pereira Machado,53995768911,convenio,MED01,2025-09-23 15:48,2025-10-29 08:00,REALIZADA
AG00273,PAC0061,Gustavo Siqueira Pires,(53) 96472-8115,Convênio,MED04,23/09/2025 16:05,2025-10-06 10:00,realizada
AG00274,PAC0045,Henrique Macedo Rodrigues,(51) 98619-6258,particular,MED03,2025-09-23 17:00,2025-09-26 11:30,realizada
AG00275,PAC0005,Lorena Martins Ferreira,(51) 93740-9546,convenio,MED06,23/09/2025 17:20,2025-09-30 10:30,realizada
AG00276,PAC0168,Cristina Farias Müller,51992073539,convenio,MED06,2025-09-23 17:33,2025-10-29 16:30,realizada
AG00277,PAC0187,Pedro Araújo Cavalcanti,+55 51 971188841,particular,MED02,2025-09-24 09:05,2025-11-04 08:30,realizada
AG00278,PAC0008,João Xavier Cavalcanti,(51) 90091-7145,convenio,MED05,2025-09-24 09:12,2025-10-06 14:30,realizada
AG00279,PAC0047,Raquel Ramos Prado,+55 54 907183846,particular,MED04,24/09/2025 09:20,2025-09-26 08:30,realizada
AG00280,PAC0076,Lucas Lorenzi Cavalcanti,(54) 99861-1609,particular,MED04,2025-09-24 09:55,15/10/2025 11:30,Realizada
AG00281,PAC0005,Lorena Martins Ferreira,(51) 93740-9546,convenio,MED05,2025-09-24 10:12,2025-09-29 17:30,realizada
AG00282,PAC0075,Luiza Costa Souza,51940709045,particular,MED04,2025-09-24 10:20,09/10/2025 11:30,ausente
AG00283,PAC0035,Débora Marques Campos,54984407414,convenio,MED01,2025-09-24 10:48,2025-09-26 14:00,falta
AG00284,PAC0061,Gustavo Siqueira Pires,(53) 96472-8115,convenio,MED06,2025-09-24 11:12,2025-09-30 09:30,faltou
AG00285,PAC0003,Camila Miranda Carvalho,51961003307,convenio,MED02,2025-09-24 12:00,2025-09-25 09:30,REALIZADA
AG00286,PAC0052,Daniel Araújo Coelho,(51) 98488-8292,PARTICULAR,MED04,2025-09-24 12:00,2025-10-02 11:00,Realizada
AG00287,PAC0079,Daniel Tomasi Pires,,particular,MED03,2025-09-24 12:00,2025-10-06 17:30,falta
AG00288,PAC0046,Wagner Macedo Bezerra,(54) 91918-5886,particular,MED01,24/09/2025 12:00,2025-10-08 07:00,cancelado pelo paciente
AG00289,PAC0010,Rafael Coelho Oliveira,51917974054,convenio,MED02,2025-09-24 12:12,2025-10-02 16:00,atendido
AG00290,PAC0081,Rodrigo Farias Tomasi,+55 51 914179864,convenio,MED05,2025-09-24 12:12,30/10/2025 14:30,Realizada
AG00291,PAC0173,Lucas Bertoldi Pires,+55 51 957675179,particular,MED01,2025-09-24 12:12,2025-10-31 17:00,cancelado pelo paciente
AG00292,PAC0043,Fábio Sales Vieira,53938390312,particular,MED04,2025-09-24 13:12,2025-10-01 10:30,realizada
AG00293,PAC0008,João Xavier Cavalcanti,(51) 90091-7145,convenio,MED04,2025-09-24 13:55,2025-10-02 10:30,Realizada
AG00294,PAC0068,Vanessa Tomasi Queiroz,(53) 91051-3636,Convênio,MED02,2025-09-24 14:00,2025-10-02 08:30,faltou
AG00295,PAC0030,Tatiane Campos Barbosa,(51) 92954-8265,convenio,MED02,2025-09-24 14:12,2025-10-02 11:00,realizada
AG00296,PAC0188,Leonardo Gomes Guimarães,51988024838,particular,MED04,2025-09-24 14:20,2025-11-05 11:30,falta
AG00297,PAC0105,Tânia Brandão Nunes,54972085152,convenio,MED02,2025-09-24 14:41,2025-10-14 17:30,REALIZADA
AG00298,PAC0042,Henrique Santos Miranda,53953980453,convenio,MED03,2025-09-24 14:55,2025-09-26 08:30,realizada
AG00299,PAC0198,Elaine Silva Souza,(54) 96875-1665,convenio,MED04,2025-09-24 16:33,2025-11-05 10:30,realizada
AG00300,PAC0034,Adriana Peixoto Rezende,51990650617,convenio,MED04,2025-09-24 16:48,2025-10-07 10:00,realizada
AG00301,PAC0018,Rodrigo Oliveira Rodrigues,(51) 92304-5539,convênio,MED04,2025-09-24 17:00,2025-09-25 11:00,realizada
AG00302,PAC0060,Adriana Pereira Bittencourt,(51) 92521-5053,convenio,MED05,2025-09-24 17:33,2025-10-16 14:00,falta
AG00303,PAC0021,Jéssica Hoffmann Coelho,(51) 93213-2241,PARTICULAR,MED05,2025-09-25 08:00,2025-09-25 15:00,realizada
AG00304,PAC0110,Carolina Viana Ribeiro,(51) 94788-7655,particular,MED04,2025-09-25 08:12,2025-11-10 08:30,realizada
AG00305,PAC0057,Arthur Santana Kuhn,+55 51 921041025,convenio,MED02,2025-09-25 09:33,2025-10-02 17:00,realizada
AG00306,PAC0002,Felipe Bertoldi Souza,,convenio,MED02,25/09/2025 09:55,2025-10-02 11:30,faltou
AG00307,PAC0048,Beatriz Queiroz Soares,(51) 98970-4340,particular,MED03,2025-09-25 10:00,2025-09-29 17:30,realizada
AG00308,PAC0020,Beatriz Tavares Borges,+55 53 923601395,convênio,MED05,2025-09-25 10:05,2025-09-25 14:00,realizada
AG00309,PAC0055,Patrícia Prado Teixeira,51975702934,convenio,MED01,2025-09-25 10:05,2025-10-01 10:00,realizada
AG00310,PAC0070,Caio Aguiar Lima,54902502405,convenio,MED05,2025-09-25 10:20,2025-10-07 16:00,no_show
AG00311,PAC0078,Márcio Duarte Rodrigues,51997483587,convenio,MED03,25/09/2025 11:00,2025-10-22 17:00,REALIZADA
AG00312,PAC0151,Roberto Bittencourt Araújo,51907015223,PARTICULAR,MED02,2025-09-25 11:00,2025-11-04 09:00,faltou
AG00313,PAC0051,Tânia Pinto Rezende,51969124332,convenio,MED04,2025-09-25 11:00,2025-11-10 10:00,falta
AG00314,PAC0022,Samuel Farias Pires,54939218051,particular,MED04,25/09/2025 11:05,2025-10-06 09:30,cancelada_clinica
AG00315,PAC0045,Henrique Macedo Rodrigues,(51) 98619-6258,particular,MED04,2025-09-25 11:20,01/10/2025 11:30,realizada
AG00316,PAC0051,Tânia Pinto Rezende,51969124332,convenio,MED04,2025-09-25 11:41,2025-11-04 08:00,realizada
AG00317,PAC0092,Maria Fernandes Pinto,(51) 90949-2947,convenio,MED05,2025-09-25 11:55,2025-11-03 16:30,FALTA
AG00318,PAC0038,Aline Soares Costa,51949817719,convenio,MED02,2025-09-25 12:33,2025-10-09 08:00,realizada
AG00319,PAC0019,Eduardo Rezende Marques,53938389923,convenio,MED04,25/09/2025 12:48,2025-10-13 11:00,Realizada
AG00320,PAC0055,Patrícia Prado Teixeira,51975702934,Convênio,MED06,25/09/2025 13:00,2025-10-07 10:00,falta
AG00321,PAC0001,Tânia Moreira Andrade,+55 53 979217421,convenio,MED06,2025-09-25 13:41,2025-09-30 08:30,realizada
AG00322,PAC0035,Débora Marques Campos,54984407414,convenio,MED04,2025-09-25 14:05,2025-09-30 09:00,Realizada
AG00323,PAC0046,Wagner Macedo Bezerra,(54) 91918-5886,particular,MED04,2025-09-25 14:48,2025-09-26 08:00,realizada
AG00324,PAC0009,Isabela Souza Aguiar,53909669091,particular,MED02,2025-09-25 14:48,2025-09-30 14:00,cancelado
AG00325,PAC0054,Cristina Correia Pinto,(54) 94326-3725,Convênio,MED04,25/09/2025 14:55,2025-09-29 09:30,FALTA
AG00326,PAC0024,Cristina Sales Aguiar,(51) 91690-1913,convenio,MED04,2025-09-25 15:48,2025-09-29 11:00,FALTA
AG00327,PAC0038,Aline Soares Costa,51949817719,convenio,MED04,2025-09-25 16:00,2025-10-28 09:30,FALTA
AG00328,PAC0047,Raquel Ramos Prado,+55 54 907183846,particular,MED01,25/09/2025 16:41,2025-10-20 10:00,faltou
AG00329,PAC0156,Patrícia Moura Castro,(51) 93069-9847,convenio,MED04,2025-09-25 17:05,2025-10-27 09:30,atendido
AG00330,PAC0083,Marcos Alves Rocha,51917272994,convenio,MED05,2025-09-25 17:55,07/10/2025 15:00,Realizada
AG06749,PAC1184,Paulo Silva Duarte,(53) 93980-1751,convenio,MED04,2026-08-28 15:00,2026-09-01 10:00,realizada
AG00331,PAC0049,Marcos Xavier Marques,51940355702,convenio,MED04,26/09/2025 08:19,26/09/2025 09:30,realizada
AG00332,PAC0037,Cristina Viana Queiroz,(51) 90307-5736,convenio,MED01,2025-09-26 09:05,2025-09-29 08:00,realizada
AG00333,PAC0017,José Rezende Ferreira,(53) 96891-7121,particular,MED05,2025-09-26 09:05,2025-09-30 14:30,cancelada_clinica
AG00334,PAC0104,Natália Hoffmann Dias,92916,convenio,MED04,2025-09-26 09:12,31/10/2025 08:30,Realizada
AG00335,PAC0084,Sérgio Nunes Mendes,+55 51 974719531,convenio,MED01,2025-09-26 09:33,2025-10-13 07:00,FALTA
AG00336,PAC0057,Arthur Santana Kuhn,+55 51 921041025,convênio,MED02,2025-09-26 09:55,2025-09-30 15:30,confirmada
AG00337,PAC0199,Aline Pereira Fernandes,+55 51 917035851,convenio,MED01,2025-09-26 10:41,10/11/2025 10:30,falta
AG00338,PAC0052,Daniel Araújo Coelho,(51) 98488-8292,particular,MED03,2025-09-26 11:12,2025-09-29 13:30,realizada
AG00339,PAC0075,Luiza Costa Souza,51940709045,particular,MED04,2025-09-26 11:20,2025-10-03 10:00,FALTA
AG00340,PAC0077,Elaine Becker Santana,+55 51 905469242,convenio,MED01,2025-09-26 11:41,2025-10-06 08:00,realizada
AG00341,PAC0021,Jéssica Hoffmann Coelho,(51) 93213-2241,Particular,MED05,2025-09-26 12:12,01/10/2025 15:30,realizada
AG00342,PAC0003,Camila Miranda Carvalho,51961003307,convenio,MED01,2025-09-26 13:20,2025-09-29 10:00,realizada
AG00343,PAC0050,Patrícia Correia Brandão,54912341342,convenio,MED03,2025-09-26 13:20,2025-10-24 08:30,ausente
AG00344,PAC0042,Henrique Santos Miranda,53953980453,convenio,MED06,2025-09-26 13:55,2025-10-07 09:30,realizada
AG00345,PAC0012,Pedro Moura Tomasi,(51) 94954-9026,Particular,MED02,26/09/2025 14:33,2025-09-30 10:00,realizada
AG00346,PAC0071,Roberto Alves Xavier,(53) 93439-5365,particular,MED01,2025-09-26 15:05,2025-10-03 14:30,falta
AG00347,PAC0065,Aline Barbosa Pinto,51907069182,convenio,MED01,2025-09-26 15:05,2025-10-27 07:30,confirmado
AG00348,PAC0017,José Rezende Ferreira,(53) 96891-7121,particular,MED05,2025-09-26 15:33,02/10/2025 14:30,realizada
AG00349,PAC0063,Vitor Xavier Lopes,54972055015,particular,MED03,2025-09-26 15:41,2025-10-31 11:00,realizada
AG00350,PAC0020,Beatriz Tavares Borges,+55 53 923601395,convenio,MED01,26/09/2025 16:48,2025-10-10 14:30,falta
AG00351,PAC0079,Daniel Tomasi Pires,,particular,MED03,2025-09-26 17:00,2025-10-08 13:30,realizada
AG00352,PAC0034,Adriana Peixoto Rezende,51990650617,Convênio,MED01,2025-09-29 08:00,2025-09-29 10:30,realizada
AG00353,PAC0027,Viviane Vieira Ramos,(53) 91096-7130,convenio,MED04,2025-09-29 08:12,2025-09-29 11:00,atendido
AG00354,PAC0019,Eduardo Rezende Marques,53938389923,convenio,MED02,2025-09-29 08:41,13/11/2025 11:30,realizada
AG00355,PAC0172,Márcio Bertoldi Guimarães,(54) 99040-9724,convenio,MED05,2025-09-29 09:00,11/11/2025 14:30,atendido
AG00356,PAC0006,Fabiana Freitas Ramos,92836,convenio,MED02,2025-09-29 09:20,2025-10-02 10:30,realizada
AG00357,PAC0017,José Rezende Ferreira,(53) 96891-7121,particular,MED04,2025-09-29 09:32,2025-09-29 10:30,cancelada_paciente
AG00358,PAC0157,Isabela Peixoto Lopes,51933483757,convenio,MED04,2025-09-29 10:05,2025-10-27 10:30,falta
AG00359,PAC0055,Patrícia Prado Teixeira,51975702934,convenio,MED05,2025-09-29 10:33,01/10/2025 16:00,
AG00360,PAC0029,Caio Souza Rodrigues,(51) 93841-1283,convênio,MED02,29/09/2025 11:12,2025-10-02 14:00,realizada
AG00361,PAC0056,Juliana Weber Brandão,+55 51 936962963,convenio,MED04,2025-09-29 11:19,30/09/2025 11:30,realizada
AG00362,PAC0066,Eduardo Monteiro Reis,53986799759,convenio,MED06,2025-09-29 11:33,09/10/2025 11:30,falta
AG00363,PAC0143,Raquel Pereira Macedo,(54) 98269-0375,convenio,MED01,2025-09-29 11:33,29/10/2025 08:30,realizada
AG00364,PAC0057,Arthur Santana Kuhn,+55 51 921041025,convenio,MED01,2025-09-29 11:48,2025-10-01 11:30,realizada
AG00365,PAC0069,Sérgio Hoffmann Carvalho,+55 51 979759770,particular,MED04,2025-09-29 12:12,2025-10-02 08:00,cancelada_paciente
AG00366,PAC0090,João Vieira Souza,51979665854,convenio,MED02,2025-09-29 12:20,2025-10-09 10:00,atendido
AG00367,PAC0090,João Vieira Souza,51979665854,Convênio,MED02,2025-09-29 12:20,2025-10-28 16:30,falta
AG00368,PAC0054,Cristina Correia Pinto,(54) 94326-3725,convenio,MED05,2025-09-29 13:00,2025-10-08 17:30,falta
AG00369,PAC0060,Adriana Pereira Bittencourt,(51) 92521-5053,convenio,MED05,2025-09-29 13:00,2025-10-13 17:30,realizada
AG00370,PAC0046,Wagner Macedo Bezerra,(54) 91918-5886,particular,MED03,2025-09-29 13:27,2025-09-29 14:30,REALIZADA
AG00371,PAC0099,Arthur Zanella Borges,(51) 94316-0876,convenio,MED05,2025-09-29 13:33,2025-10-23 16:30,Realizada
AG00372,PAC0098,Ana Fernandes Castro,54958716908,particular,MED04,2025-09-29 14:20,2025-10-10 11:00,REALIZADA
AG00373,PAC0062,Luciana Soares Lorenzi,(51) 96645-1918,convenio,MED04,2025-09-29 14:33,2025-10-07 09:00,falta
AG00374,PAC0018,Rodrigo Oliveira Rodrigues,(51) 92304-5539,convênio,MED02,2025-09-29 14:41,2025-09-30 17:30,REALIZADA
AG00375,PAC0087,Murilo Bittencourt Carvalho,51906332369,convenio,MED03,29/09/2025 15:12,2025-10-22 14:00,realizada
AG00376,PAC0060,Adriana Pereira Bittencourt,(51) 92521-5053,convenio,MED05,2025-09-29 15:20,2025-09-30 15:30,realizada
AG00377,PAC0016,Murilo Viana Kuhn,+55 51 982888446,Convênio,MED03,2025-09-29 15:41,2025-10-03 09:30,ausente
AG00378,PAC0040,Maria Marques Barbosa,(51) 96845-6814,convenio,MED01,2025-09-29 16:12,2025-10-01 10:30,realizada
AG00379,PAC0071,Roberto Alves Xavier,(53) 93439-5365,particular,MED05,2025-09-30 08:12,2025-10-09 15:00,falta
AG00380,PAC0095,Vanessa Dias Hoffmann,53934170837,particular,MED06,2025-09-30 08:12,2025-10-09 10:00,realizada
AG00381,PAC0015,Pedro Brandão Batista,(53) 96470-3160,particular,MED04,2025-09-30 08:27,2025-09-30 09:30,realizada
AG00382,PAC0173,Lucas Bertoldi Pires,+55 51 957675179,Particular,MED02,2025-09-30 08:55,2025-11-06 08:30,realizada
AG00383,PAC0047,Raquel Ramos Prado,+55 54 907183846,particular,MED02,2025-09-30 09:39,2025-09-30 14:00,atendido
AG00384,PAC0097,Luiza Duarte Mendes,0000000000,convenio,MED04,2025-09-30 09:41,2025-10-10 08:30,realizada
AG00385,PAC0033,Caio Lima Zanella,53948151415,convenio,MED04,2025-09-30 09:48,2025-11-03 11:30,realizada
AG00386,PAC0053,Fabiana Bezerra Siqueira,(54) 98288-4576,convenio,MED06,2025-09-30 10:00,2025-10-02 08:00,realizada
AG00387,PAC0027,Viviane Vieira Ramos,(53) 91096-7130,convenio,MED05,2025-09-30 10:48,2025-10-07 15:30,falta
AG00388,PAC0043,Fábio Sales Vieira,53938390312,particular,MED06,2025-09-30 13:12,08/10/2025 17:30,Realizada
AG00389,PAC0233,Rafael Andrade Alves,+55 51 998902976,Convênio,MED04,2025-09-30 13:33,14/11/2025 10:00,falta
AG00390,PAC0012,Pedro Moura Tomasi,(51) 94954-9026,particular,MED01,2025-09-30 13:55,2025-10-08 09:30,falta
AG00391,PAC0038,Aline Soares Costa,51949817719,convenio,MED01,2025-09-30 14:20,2025-10-01 08:30,REALIZADA
AG00392,PAC0014,Sônia Silva Reis,+55 53 998575311,particular,MED04,2025-09-30 14:41,2025-10-10 08:00,realizada
AG00393,PAC0085,Emerson Reis Macedo,51972488125,convenio,MED02,2025-09-30 14:48,2025-10-30 16:30,faltou
AG00394,PAC0005,Lorena Martins Ferreira,(51) 93740-9546,convenio,MED03,2025-09-30 15:05,07/11/2025 09:00,no_show
AG00395,PAC0027,Viviane Vieira Ramos,(53) 91096-7130,convenio,MED01,2025-09-30 15:12,2025-10-10 13:00,realizada
AG00396,PAC0133,Júlia Ferreira Marques,51985181718,convenio,MED04,30/09/2025 15:33,2025-11-12 11:00,Realizada
AG00397,PAC0028,Felipe Coelho Almeida,(53) 94895-4499,convenio,MED03,30/09/2025 16:05,01/10/2025 17:30,desmarcou
AG00398,PAC0036,Igor Bertoldi Sales,(51) 97246-2488,particular,MED04,2025-09-30 17:12,14/11/2025 11:30,cancelado
AG00399,PAC0070,Caio Aguiar Lima,54902502405,convenio,MED04,01/10/2025 08:40,2025-10-02 08:00,realizada
AG00400,PAC0041,Beatriz Soares Nascimento,93607,CONVENIO,MED03,01/10/2025 09:48,2025-10-06 17:00,ausente
AG00401,PAC0061,Gustavo Siqueira Pires,(53) 96472-8115,convenio,MED03,2025-10-01 10:38,2025-10-01 17:30,atendido
AG00402,PAC0027,Viviane Vieira Ramos,(53) 91096-7130,convenio,MED05,2025-10-01 10:55,07/10/2025 17:30,realizada
AG00403,PAC0043,Fábio Sales Vieira,53938390312,Particular,MED02,2025-10-01 11:05,2025-10-02 10:00,realizada
AG00404,PAC0037,Cristina Viana Queiroz,(51) 90307-5736,convenio,MED04,2025-10-01 11:05,2025-10-10 09:30,Realizada
AG00405,PAC0093,João Bezerra Souza,+55 51 962059532,particular,MED04,01/10/2025 11:55,2025-10-09 09:30,atendido
AG00406,PAC0076,Lucas Lorenzi Cavalcanti,(54) 99861-1609,particular,MED02,01/10/2025 12:00,2025-10-16 09:00,realizada
AG00407,PAC0008,João Xavier Cavalcanti,(51) 90091-7145,convenio,MED02,01/10/2025 12:05,2025-10-14 08:30,realizada
AG00408,PAC0034,Adriana Peixoto Rezende,51990650617,Convênio,MED02,2025-10-01 12:20,2025-10-14 10:00,Realizada
AG00409,PAC0129,Larissa Pereira Dias,(51) 93595-3803,convenio,MED01,2025-10-01 12:33,2025-10-20 08:30,REALIZADA
AG00410,PAC0065,Aline Barbosa Pinto,51907069182,convenio,MED03,2025-10-01 12:41,2025-10-01 16:00,desmarcou
AG00411,PAC0037,Cristina Viana Queiroz,(51) 90307-5736,convenio,MED06,2025-10-01 13:05,2025-10-08 14:00,Realizada
AG00412,PAC0110,Carolina Viana Ribeiro,(51) 94788-7655,particular,MED05,01/10/2025 13:05,28/10/2025 16:30,falta
AG00413,PAC0006,Fabiana Freitas Ramos,92836,convenio,MED01,2025-10-01 13:33,2025-10-03 16:30,realizada
AG00414,PAC0020,Beatriz Tavares Borges,+55 53 923601395,convenio,MED02,01/10/2025 13:33,2025-10-07 17:30,realizada
AG00415,PAC0057,Arthur Santana Kuhn,+55 51 921041025,convenio,MED03,2025-10-01 13:55,01/10/2025 16:00,realizada
AG00416,PAC0048,Beatriz Queiroz Soares,(51) 98970-4340,particular,MED03,2025-10-01 14:18,2025-10-01 15:30,realizada
AG00417,PAC0055,Patrícia Prado Teixeira,51975702934,convenio,MED04,2025-10-01 15:00,31/10/2025 10:30,realizada
AG00418,PAC0048,Beatriz Queiroz Soares,(51) 98970-4340,particular,MED02,2025-10-01 15:55,2025-10-07 16:30,cancelada_paciente
AG00419,PAC0071,Roberto Alves Xavier,(53) 93439-5365,particular,MED02,2025-10-01 16:33,2025-10-07 15:30,realizada
AG00420,PAC0046,Wagner Macedo Bezerra,(54) 91918-5886,particular,MED02,2025-10-01 16:33,2025-10-14 11:00,falta
AG00421,PAC0040,Maria Marques Barbosa,(51) 96845-6814,convênio,MED01,2025-10-01 16:48,2025-10-06 11:00,cancelada_paciente
AG00422,PAC0109,Jéssica Rodrigues Teixeira,+55 51 918108952,convenio,MED05,01/10/2025 17:00,2025-11-10 14:30,realizada
AG00423,PAC0054,Cristina Correia Pinto,(54) 94326-3725,convenio,MED02,2025-10-01 17:12,2025-10-07 15:00,realizada
AG00424,PAC0027,Viviane Vieira Ramos,(53) 91096-7130,convênio,MED05,2025-10-01 17:20,2025-10-15 16:00,falta
AG00425,PAC0088,Beatriz Rezende Rocha,(53) 91979-7265,particular,MED06,2025-10-02 08:41,2025-10-08 15:30,cancelado pelo paciente
AG00426,PAC0096,Débora Bezerra Castro,(51) 98563-5074,particular,MED01,2025-10-02 09:12,2025-10-13 08:30,faltou
AG00427,PAC0123,Cláudia Bittencourt Pinto,(53) 96497-9758,particular,MED01,2025-10-02 09:12,2025-10-17 14:00,no_show
AG00428,PAC0122,Luiza Reis Becker,(54) 96239-4809,convenio,MED05,2025-10-02 09:55,2025-10-16 15:30,falta
AG00429,PAC0023,Eduardo Miranda Fernandes,(51) 98562-6321,convenio,MED04,02/10/2025 10:05,07/10/2025 11:30,falta
AG00430,PAC0020,Beatriz Tavares Borges,+55 53 923601395,convenio,MED01,2025-10-02 10:05,2025-10-13 10:30,realizada
AG00431,PAC0076,Lucas Lorenzi Cavalcanti,(54) 99861-1609,particular,MED03,2025-10-02 11:00,2025-10-10 08:00,realizada
AG00432,PAC0167,Cláudia Almeida Soares,54987332667,convenio,MED05,02/10/2025 11:00,2025-10-29 16:30,realizada
AG00433,PAC0008,João Xavier Cavalcanti,(51) 90091-7145,convenio,MED01,2025-10-02 11:33,03/10/2025 17:00,faltou
AG00434,PAC0060,Adriana Pereira Bittencourt,(51) 92521-5053,convenio,MED03,2025-10-02 12:05,2025-10-08 15:30,falta
AG00435,PAC0027,Viviane Vieira Ramos,(53) 91096-7130,CONVENIO,MED01,2025-10-02 12:05,15/10/2025 09:30,realizada
AG00436,PAC0029,Caio Souza Rodrigues,(51) 93841-1283,convenio,MED03,2025-10-02 12:20,2025-10-06 13:30,falta
AG00437,PAC0009,Isabela Souza Aguiar,53909669091,Particular,MED02,02/10/2025 13:00,2025-10-16 09:30,realizada
AG00438,PAC0001,Tânia Moreira Andrade,+55 53 979217421,convenio,MED05,2025-10-02 13:33,2025-10-15 15:00,cancelada_paciente
AG00439,PAC0036,Igor Bertoldi Sales,(51) 97246-2488,particular,MED03,2025-10-02 13:41,2025-11-10 16:00,atendido
AG00440,PAC0209,Gustavo Pereira Aguiar,51958609952,particular,MED03,02/10/2025 13:41,2025-11-12 13:00,Realizada
AG00441,PAC0001,Tânia Moreira Andrade,+55 53 979217421,convenio,MED02,2025-10-02 14:20,2025-10-07 11:30,realizada
AG00442,PAC0124,Márcio Castro Teixeira,+55 53 944047803,particular,MED04,2025-10-02 14:33,14/11/2025 09:30,realizada
AG00443,PAC0040,Maria Marques Barbosa,(51) 96845-6814,convenio,MED06,2025-10-02 14:55,16/10/2025 11:00,realizada
AG00444,PAC0077,Elaine Becker Santana,+55 51 905469242,Convênio,MED05,02/10/2025 15:20,2025-10-08 15:00,realizada
AG00445,PAC0092,Maria Fernndes Pinto,(51) 90949-2947,convenio,MED02,2025-10-02 15:48,2025-10-09 16:00,Realizada
AG00446,PAC0118,Natália Miranda Batista,(53) 91252-8676,convenio,MED02,2025-10-02 15:48,16/10/2025 16:30,realizada
AG00447,PAC0094,Fernando Nascimento Viana,51999977924,convenio,MED05,2025-10-02 15:48,2025-11-05 17:00,Realizada
AG00448,PAC0256,Gabriel Guimarães Vieira,53953943109,Convênio,MED05,2025-10-02 15:55,2025-11-19 14:30,atendido
AG00449,PAC0050,Patrícia Correia Brandão,54912341342,convenio,MED06,2025-10-02 16:33,2025-10-16 10:00,falta
AG00450,PAC0023,Eduardo Miranda Fernandes,(51) 98562-6321,convenio,MED04,2025-10-02 17:05,2025-10-07 08:00,faltou
AG00451,PAC0082,Raquel Andrade Tomasi,519405,Convênio,MED02,2025-10-02 17:12,07/10/2025 14:00,faltou
AG00452,PAC0013,Sônia Nunes Xavier,51920780234,PARTICULAR,MED04,2025-10-02 17:20,2025-10-03 08:30,atendido
AG00453,PAC0028,Felipe Coelho Almeida,(53) 94895-4499,convenio,MED02,03/10/2025 08:41,09/10/2025 11:00,cancelado
AG00454,PAC0107,Otávio Aguiar Xavier,(51) 91651-8979,convenio,MED06,2025-10-03 08:41,14/10/2025 08:30,atendido
AG00455,PAC0030,Tatiane Campos Barbosa,(51) 92954-8265,convenio,MED06,2025-10-03 08:55,2025-10-07 11:00,realizada
AG00456,PAC0004,Maria Pereira Macedo,(54) 92837-8326,convenio,MED01,03/10/2025 08:55,2025-10-08 10:00,Realizada
AG00457,PAC0190,Sérgio Ribeiro Xavier,+55 54 920720983,convenio,MED01,2025-10-03 09:33,2025-11-07 15:30,no_show
AG00458,PAC0045,Henrique Macedo Rodrigues,(51) 98619-6258,particular,MED06,2025-10-03 09:41,2025-10-16 11:30,falta
AG00459,PAC0051,Tânia Pinto Rezende,51969124332,convenio,MED01,2025-10-03 09:41,2025-10-29 09:00,no_show
AG00460,PAC0130,Débora Becker Correia,(54) 91064-5965,particular,MED02,2025-10-03 10:12,2025-11-04 14:00,realizada
AG00461,PAC0032,Daniel Souza Farias,54996395682,Convênio,MED05,2025-10-03 10:20,2025-10-09 14:00,realizada
AG00462,PAC0097,Luiza Duarte Mendes,0000000000,convênio,MED01,2025-10-03 10:20,2025-10-17 17:00,falta
AG00463,PAC0072,Rafael Teixeira Fonseca,,Particular,MED02,2025-10-03 10:41,2025-10-14 17:00,atendido
AG00464,PAC0032,Daniel Souza Farias,54996395682,convenio,MED03,2025-10-03 11:48,2025-10-10 10:00,cancelada_clinica
AG00465,PAC0203,Samuel Cardoso Pires,(54) 95205-1502,convenio,MED05,2025-10-03 11:55,2025-11-06 17:00,cancelada_paciente
AG00466,PAC0144,Simone Tavares Silva,(51) 94714-1641,convenio,MED01,2025-10-03 12:20,2025-10-24 14:00,cancelado
AG00467,PAC0065,Aline Barbosa Pinto,51907069182,convenio,MED04,2025-10-03 12:48,2025-10-16 09:30,Realizada
AG00468,PAC0074,Priscila Farias Zanella,54944868202,particular,MED01,2025-10-03 12:55,2025-10-17 13:00,no_show
AG00469,PAC0029,Caio Souza Rodrigues,(51) 93841-1283,convenio,MED02,2025-10-03 13:48,2025-10-07 16:00,realizada
AG00470,PAC0015,Pedro Brandão Batista,(53) 96470-3160,particular,MED03,2025-10-03 14:48,2025-10-29 14:30,falta
AG00471,PAC0035,Débora Marques Campos,54984407414,convenio,MED04,2025-10-03 14:55,2025-10-16 11:30,falta
AG00472,PAC0073,Márcio Mendes Bertoldi,(51) 98959-6065,convênio,MED03,03/10/2025 15:05,2025-10-31 09:00,realizada
AG00473,PAC0013,Sônia Nunes Xavier,51920780234,Particular,MED02,2025-10-03 15:12,2025-10-07 11:00,realizada
AG00474,PAC0088,Beatriz Rezende Rocha,(53) 91979-7265,particular,MED01,2025-10-03 15:12,2025-10-10 13:30,atendido
AG00475,PAC0065,Aline Barbosa Pinto,51907069182,convenio,MED04,2025-10-03 15:33,2025-10-23 09:30,realizada
AG00476,PAC0059,Mateus Pereira Machado,53995768911,convenio,MED05,2025-10-03 16:00,05/11/2025 16:30,Realizada
AG00477,PAC0084,Sérgio Nunes Mendes,+55 51 974719531,convenio,MED01,2025-10-03 16:05,08/10/2025 08:00,ausente
AG00478,PAC0048,Beatriz Queiroz Soares,(51) 98970-4340,particular,MED03,2025-10-03 16:33,2025-10-10 10:30,realizada
AG00479,PAC0029,Caio Souza Rodrigues,(51) 93841-1283,convênio,MED02,2025-10-03 16:33,2025-10-16 17:30,realizada
AG00480,PAC0023,Eduardo Miranda Fernandes,(51) 98562-6321,convenio,MED01,2025-10-03 16:48,17/11/2025 08:30,ausente
AG00481,PAC0169,Mateus Zanella Freitas,(54) 94611-3087,particular,MED01,2025-10-03 17:41,03/11/2025 11:00,faltou
AG00482,PAC0066,Eduardo Monteiro Reis,53986799759,Convênio,MED04,2025-10-06 08:00,2025-10-08 08:30,realizada
AG00483,PAC0078,Márcio Duarte Rodrigues,51997483587,convenio,MED04,06/10/2025 08:00,2025-10-08 11:00,no_show
AG00484,PAC0005,Lorena Martins Ferreira,(51) 93740-9546,convenio,MED04,2025-10-06 08:19,2025-10-06 09:00,REALIZADA
AG00485,PAC0033,Caio Lima Zanella,53948151415,convenio,MED03,2025-10-06 08:33,2025-10-06 16:00,realizada
AG00486,PAC0062,Luciana Soares Lorenzi,(51) 96645-1918,convenio,MED05,2025-10-06 08:52,2025-10-06 16:00,realizada
AG00487,PAC0075,Luiza Costa Souza,51940709045,Particular,MED04,2025-10-06 09:00,2025-10-17 10:30,realizada
AG00488,PAC0110,Carolina Viana Ribeiro,(51) 94788-7655,particular,MED04,2025-10-06 09:00,03/11/2025 08:00,realizada
AG00489,PAC0078,Márcio Duarte Rodrigues,51997483587,convenio,MED04,2025-10-06 09:05,2025-10-07 09:30,realizada
AG00490,PAC0076,Lucas Lorenzi Cavalcanti,(54) 99861-1609,particular,MED02,06/10/2025 09:05,2025-10-09 08:30,realizada
AG00491,PAC0112,Rafael Becker Santana,+55 51 997116675,Convênio,MED04,2025-10-06 09:12,2025-10-15 08:30,
AG00492,PAC0019,Eduardo Rezende Marques,53938389923,convenio,MED04,06/10/2025 09:20,2025-10-09 11:00,realizada
AG00493,PAC0100,Wagner Gomes Siqueira,+55 51 970125392,convenio,MED03,2025-10-06 09:41,2025-10-13 13:30,realizada
AG00494,PAC0074,Priscila Farias Zanella,54944868202,particular,MED01,2025-10-06 10:12,2025-10-06 11:30,atendido
AG00495,PAC0211,Gisele Brandão Mendes,(53) 97547-4117,particular,MED06,2025-10-06 10:12,2025-11-19 16:00,Realizada
AG00496,PAC0002,Felipe Bertoldi Souza,,CONVENIO,MED01,2025-10-06 10:16,2025-10-06 11:00,realizada
AG00497,PAC0137,Bianca Santos Campos,51904467571,Particular,MED05,2025-10-06 10:55,21/10/2025 14:00,realizada
AG00498,PAC0042,Henrique Santos Miranda,53953980453,convenio,MED02,2025-10-06 11:05,2025-10-14 14:00,falta
AG00499,PAC0024,Cristina Sales Aguiar,(51) 91690-1913,CONVENIO,MED05,2025-10-06 11:05,2025-10-20 15:00,realizada
AG00500,PAC0195,Fernando Bezerra Freitas,(54) 97553-3852,particular,MED04,2025-10-06 11:05,2025-11-05 09:00,cancelada_paciente
AG00501,PAC0083,Marcos Alves Rocha,51917272994,convenio,MED03,2025-10-06 11:12,2025-10-10 08:30,REALIZADA
AG00502,PAC0078,Márcio Duarte Rodrigues,51997483587,convenio,MED03,2025-10-06 11:33,2025-10-24 09:30,FALTA
AG00503,PAC0067,Henrique Müller Vieira,+55 53 981682185,particular,MED05,2025-10-06 12:00,2025-10-09 15:30,realizada
AG00504,PAC0012,Pedro Moura Tomasi,(51) 94954-9026,particular,MED01,2025-10-06 12:20,2025-10-10 17:30,falta
AG00505,PAC0064,Daniel Coelho Freitas,(53) 98705-6910,convenio,MED05,2025-10-06 12:41,2025-10-09 17:00,realizada
AG00506,PAC0230,João Ribeiro Moreira,(51) 91971-1250,convenio,MED03,2025-10-06 13:33,2025-11-14 10:30,realizada
AG00507,PAC0101,César Almeida Campos,(54) 95435-8456,particular,MED02,2025-10-06 15:33,16/10/2025 16:00,falta
AG00508,PAC0100,Wagner Gomes Siqueira,+55 51 970125392,Convênio,MED01,2025-10-06 16:12,2025-10-22 09:00,ausente
AG00509,PAC0096,Débora Bezerra Castro,(51) 98563-5074,Particular,MED02,2025-10-06 16:20,2025-11-04 09:30,FALTA
AG00510,PAC0063,Vitor Xavier Lopes,54972055015,particular,MED04,06/10/2025 16:33,2025-10-07 08:30,realizada
AG00511,PAC0171,Fábio Gonçalves Macedo,+55 51 919138398,convenio,MED01,2025-10-06 17:05,31/10/2025 13:00,ausente
AG04779,PAC0860,Rodrigo Rodrigues Almeida,(51) 90297-4885,Particular,MED03,2026-05-21 12:33,2026-05-25 16:30,realizada
AG00512,PAC0059,Mateus Pereira Machado,53995768911,Convênio,MED04,2025-10-07 08:12,2025-10-21 08:00,cancelado clinica
AG00513,PAC0186,Camila Freitas Reis,+55 51 975524678,convenio,MED02,07/10/2025 08:20,2025-11-04 08:00,Realizada
AG00514,PAC0008,João Xavier Cavalcanti,(51) 90091-7145,convenio,MED06,2025-10-07 08:39,2025-10-07 10:30,REALIZADA
AG00515,PAC0176,Mariana Andrade Santana,53986213047,particular,MED04,2025-10-07 09:12,2025-11-13 11:30,cancelado clinica
AG00516,PAC0023,Eduardo Miranda Fernandes,(51) 98562-6321,CONVENIO,MED01,2025-10-07 09:55,2025-10-15 11:30,realizada
AG00517,PAC0125,Roberto Zanella Viana,(53) 99681-4060,Particular,MED04,2025-10-07 10:48,2025-10-17 11:00,Realizada
AG00518,PAC0086,Luiza Costa Santana,+55 53 917497258,convenio,MED04,07/10/2025 11:12,2025-10-21 09:30,atendido
AG00519,PAC0140,Lucas Ramos Silva,+55 51 983709241,particular,MED04,2025-10-07 11:12,2025-10-27 10:00,Realizada
AG00520,PAC0085,Emerson Reis Macedo,51972488125,convenio,MED03,2025-10-07 11:41,2025-10-08 16:30,realizada
AG00521,PAC0186,Camila Freitas Reis,+55 51 975524678,convenio,MED04,2025-10-07 11:41,2025-11-12 08:30,Realizada
AG00522,PAC0051,Tânia Pinto Rezende,51969124332,convenio,MED03,2025-10-07 11:48,2025-10-20 14:30,FALTA
AG00523,PAC0219,Otávio Miranda Pinto,(54) 96002-1930,CONVENIO,MED02,2025-10-07 11:48,2025-11-13 09:00,realizada
AG00524,PAC0083,Marcos Alves Rocha,51917272994,convenio,MED04,2025-10-07 11:48,2025-11-18 11:00,FALTA
AG00525,PAC0099,Arthur Zanella Borges,(51) 94316-0876,convenio,MED01,2025-10-07 11:55,2025-10-13 10:00,realizada
AG00526,PAC0102,Fernando Gonçalves Lopes,(53) 91997-8707,particular,MED05,2025-10-07 12:12,2025-10-13 17:00,ausente
AG00527,PAC0049,Marcos Xavier Marques,51940355702,convenio,MED02,2025-10-07 12:27,2025-10-09 17:30,Realizada
AG00528,PAC0076,Lucas Lorenzi Cavalcanti,(54) 99861-1609,particular,MED03,2025-10-07 12:48,2025-11-21 09:30,falta
AG00529,PAC0051,Tânia Pinto Rezende,51969124332,convênio,MED05,2025-10-07 13:00,2025-10-08 16:00,realizada
AG00530,PAC0006,Fabiana Freitas Ramos,92836,convênio,MED02,2025-10-07 13:36,2025-10-09 11:00,realizada
AG00531,PAC0078,Márcio Duarte Rodrigues,51997483587,convenio,MED06,07/10/2025 13:49,2025-10-08 15:30,realizada
AG00532,PAC0048,Beatriz Queiroz Soares,(51) 98970-4340,particular,MED02,2025-10-07 14:20,2025-10-07 17:00,REALIZADA
AG00533,PAC0149,Lucas Cavalcanti Correia,51955318507,particular,MED03,2025-10-07 14:33,2025-10-29 15:00,REALIZADA
AG00534,PAC0192,Gabriel Soares Müller,(54) 96672-6448,particular,MED02,2025-10-07 15:00,2025-11-11 08:30,realizada
AG00535,PAC0060,Adriana Pereira Bittencourt,(51) 92521-5053,convenio,MED05,2025-10-08 08:05,20/10/2025 15:30,realizada
AG00536,PAC0052,Daniel Araújo Coelho,(51) 98488-8292,particular,MED01,2025-10-08 08:08,2025-10-08 09:00,realizada
AG00537,PAC0035,Débora Marques Campos,54984407414,convenio,MED01,2025-10-08 08:12,2025-10-08 10:30,realizada
AG00538,PAC0086,Luiza Costa Santana,+55 53 917497258,convenio,MED03,2025-10-08 08:20,2025-10-08 17:30,Realizada
AG00539,PAC0108,José Peixoto Schmidt,53944228144,convenio,MED06,08/10/2025 08:33,14/10/2025 10:30,realizada
AG00540,PAC0118,Natália Miranda Batista,(53) 91252-8676,Convênio,MED04,2025-10-08 08:33,20/10/2025 10:30,falta
AG00541,PAC0080,Alexandre Lopes Pires,(51) 96893-0854,convenio,MED06,2025-10-08 09:00,2025-10-23 09:00,realizada
AG00542,PAC0106,Bianca Mendes Bezerra,(51) 97292-7284,Convênio,MED02,2025-10-08 09:20,06/11/2025 10:30,realizada
AG00543,PAC0023,Eduardo Miranda Fernandes,(51) 98562-6321,Convênio,MED02,2025-10-08 09:48,2025-10-23 10:00,cancelada_paciente
AG00544,PAC0006,Fabiana Freitas Ramos,92836,Convênio,MED04,2025-10-08 10:20,2025-11-11 10:00,no_show
AG00545,PAC0046,Wagner Macedo Bezerra,(54) 91918-5886,particular,MED01,2025-10-08 10:41,15/10/2025 11:00,cancelado clinica
AG00546,PAC0220,Rodrigo Cardoso Bittencourt,51962049321,particular,MED02,2025-10-08 10:41,2025-11-13 09:30,no_show
AG00547,PAC0066,Eduardo Monteiro Reis,53986799759,convenio,MED01,08/10/2025 11:12,2025-11-12 11:30,realizada
AG00548,PAC0065,Aline Barbosa Pinto,51907069182,convênio,MED03,2025-10-08 11:48,2025-10-29 14:00,atendido
AG00549,PAC0108,José Peixoto Schmidt,53944228144,convenio,MED01,2025-10-08 12:00,05/11/2025 08:00,realizada
AG00550,PAC0063,Vitor Xavier Lopes,54972055015,particular,MED03,08/10/2025 12:48,2025-10-08 14:30,REALIZADA
AG00551,PAC0225,Rodrigo Farias Brandão,+55 51 962322121,particular,MED04,2025-10-08 12:48,2025-11-14 10:30,faltou
AG00552,PAC0132,Cláudia Souza Nascimento,(51) 98903-9821,particular,MED03,08/10/2025 13:41,2025-10-20 17:30,falta
AG00553,PAC0043,Fábio Sales Vieira,53938390312,particular,MED02,2025-10-08 13:41,21/10/2025 16:00,realizada
AG00554,PAC0111,Tatiane Andrade Barbosa,+55 51 920305986,Particular,MED01,2025-10-08 14:00,2025-10-15 10:00,falta
AG00555,PAC0079,Daniel Tomasi Pires,,particular,MED04,2025-10-08 15:12,2025-10-09 08:30,realizada
AG00556,PAC0094,Fernando Nascimento Viana,51999977924,convenio,MED04,2025-10-08 15:55,2025-10-14 11:00,realizada
AG00557,PAC0082,Raquel Andrade Tomasi,519405,convenio,MED01,2025-10-08 16:20,2025-11-12 08:00,realizada
AG00558,PAC0107,Otávio Aguiar Xavier,(51) 91651-8979,convenio,MED04,2025-10-08 16:33,06/11/2025 08:00,atendido
AG00559,PAC0135,Viviane Souza Prado,,convenio,MED03,2025-10-08 16:41,2025-10-27 14:30,Realizada
AG00560,PAC0033,Caio Lima Zanella,53948151415,convenio,MED03,2025-10-08 16:48,2025-10-24 10:30,realizada
AG00561,PAC0121,Helena Araújo Freitas,(54) 90376-5305,convenio,MED05,08/10/2025 17:05,16/10/2025 15:00,falta
AG00562,PAC0193,Rafael Andrade Ferreira,(51) 96136-9012,convenio,MED06,08/10/2025 17:33,2025-11-18 10:00,cancelado
AG00563,PAC0038,Aline Soares Costa,51949817719,convenio,MED02,08/10/2025 17:52,2025-10-09 16:30,realizada
AG00564,PAC0018,Rodrigo Oliveira Rodrigues,(51) 92304-5539,Convênio,MED04,09/10/2025 08:03,2025-10-09 09:00,atendido
AG00565,PAC0014,Sônia Silva Reis,+55 53 998575311,particular,MED01,2025-10-09 08:12,2025-10-10 15:30,no_show
AG00566,PAC0143,Raquel Pereira Macedo,(54) 98269-0375,Convênio,MED04,2025-10-09 08:33,2025-10-23 08:00,realizada
AG00567,PAC0139,Roberto Teixeira Monteiro,(51) 94905-0474,CONVENIO,MED03,2025-10-09 09:41,2025-11-10 15:30,falta
AG00568,PAC0050,Patrícia Correia Brandão,54912341342,convenio,MED01,09/10/2025 09:55,2025-10-13 11:30,no_show
AG00569,PAC0158,Diego Viana Souza,(51) 91172-2760,convenio,MED05,2025-10-09 10:00,2025-10-27 14:00,cancelado pelo paciente
AG00570,PAC0079,Daniel Tomasi Pires,,particular,MED03,2025-10-09 10:05,2025-10-17 08:30,realizada
AG00571,PAC0012,Pedro Moura Tomasi,(51) 94954-9026,particular,MED01,09/10/2025 10:12,13/10/2025 11:00,realizada
AG00572,PAC0072,Rafael Teixeira Fonseca,,particular,MED02,2025-10-09 10:55,23/10/2025 14:30,atendido
AG00573,PAC0109,Jéssica Rodrigues Teixeira,+55 51 918108952,convenio,MED06,2025-10-09 11:00,2025-11-13 09:00,REALIZADA
AG00574,PAC0002,Felipe Bertoldi Souza,,convenio,MED01,2025-10-09 11:12,2025-10-20 11:00,falta
AG00575,PAC0057,Arthur Santana Kuhn,+55 51 921041025,convenio,MED06,2025-10-09 11:12,2025-10-22 16:30,REALIZADA
AG00576,PAC0095,Vanessa Dias Hoffmann,53934170837,particular,MED01,2025-10-09 11:48,2025-10-20 07:00,cancelado pelo paciente
AG00577,PAC0070,Caio Aguiar Lima,54902502405,convênio,MED01,09/10/2025 12:33,2025-10-24 13:00,realizada
AG00578,PAC0011,Sônia Machado Campos,+55 51 995322750,convenio,MED04,2025-10-09 12:55,2025-11-19 09:00,falta
AG00579,PAC0141,Rodrigo Tomasi Brandão,(51) 91828-0393,Convênio,MED03,2025-10-09 13:55,2025-10-22 17:30,realizada
AG00580,PAC0079,Daniel Tomasi Pires,,particular,MED04,2025-10-09 14:11,2025-10-13 09:00,realizada
AG00581,PAC0025,César Martins Brandão,51989062672,convenio,MED02,2025-10-09 15:00,2025-10-16 11:30,no_show
AG00582,PAC0142,José Ferreira Nunes,+55 53 936084144,Convênio,MED05,2025-10-09 15:20,2025-10-22 14:30,realizada
AG00583,PAC0049,Marcos Xavier Marques,51940355702,convenio,MED05,2025-10-09 15:55,2025-10-16 17:30,falta
AG00584,PAC0026,Elaine Souza Santos,+55 51 990266056,particular,MED01,2025-10-09 16:12,2025-10-22 08:00,no_show
AG00585,PAC0092,Maria Fernandes Pinto,(51) 90949-2947,Convênio,MED01,2025-10-09 16:12,2025-10-24 16:00,falta
AG00586,PAC0135,Viviane Souza Prdo,,convenio,MED05,2025-10-09 16:41,2025-11-12 14:00,atendido
AG00587,PAC0064,Daniel Coelho Freitas,(53) 98705-6910,convenio,MED03,2025-10-09 16:55,2025-10-31 10:30,FALTA
AG00588,PAC0053,Fabiana Bezerra Siqueira,(54) 98288-4576,convenio,MED04,2025-10-09 17:33,2025-10-22 10:00,realizada
AG00589,PAC0021,Jéssica Hoffmann Coelho,(51) 93213-2241,particular,MED04,09/10/2025 17:33,18/11/2025 11:30,falta
AG00590,PAC0003,Camila Miranda Carvalho,51961003307,CONVENIO,MED01,2025-10-09 17:41,17/10/2025 15:00,realizada
AG00591,PAC0247,Lucas Batista Santos,(53) 91830-5408,convenio,MED05,2025-10-09 17:55,2025-11-18 16:30,realizada
AG00592,PAC0058,Paulo Lima Farias,(51) 98437-6481,particular,MED03,2025-10-10 08:25,2025-10-10 09:00,realizada
AG00593,PAC0198,Elaine Silva Souza,(54) 96875-1665,Convênio,MED02,2025-10-10 08:41,06/11/2025 09:00,Realizada
AG00594,PAC0119,Samuel Nunes Reis,,convenio,MED05,2025-10-10 08:41,2025-11-06 16:00,realizada
AG00595,PAC0074,Priscila Farias Zanella,54944868202,Particular,MED01,2025-10-10 09:03,2025-10-15 08:30,falta
AG00596,PAC0002,Felipe Bertoldi Souza,,convenio,MED01,2025-10-10 09:55,2025-11-03 08:00,realizada
AG00597,PAC0068,Vanessa Tomasi Queiroz,(53) 91051-3636,Convênio,MED06,2025-10-10 10:05,2025-10-23 08:00,realizada
AG00598,PAC0102,Fernando Gonçalves Lopes,(53) 91997-8707,particular,MED05,2025-10-10 10:48,2025-11-06 14:00,realizada
AG00599,PAC0099,Arthur Zanella Borges,(51) 94316-0876,convênio,MED04,10/10/2025 11:12,13/10/2025 08:30,realizada
AG00600,PAC0067,Henrique Müller Vieira,+55 53 981682185,Particular,MED01,2025-10-10 11:20,13/10/2025 09:30,realizada
AG00601,PAC0067,Henrique Müller Vieira,+55 53 981682185,particular,MED04,2025-10-10 12:00,2025-10-21 11:30,realizada
AG00602,PAC0005,Lorena Martins Ferreira,(51) 93740-9546,convenio,MED02,2025-10-10 12:05,2025-10-30 17:30,realizada
AG00603,PAC0147,Ricardo Carvalho Teixeira,(53) 92099-0039,particular,MED05,2025-10-10 12:20,2025-10-23 14:30,faltou
AG00604,PAC0055,Patrícia Prado Teixeira,51975702934,convênio,MED03,2025-10-10 13:05,2025-10-29 13:30,realizada
AG00605,PAC0033,Caio Lima Zanella,53948151415,convenio,MED01,2025-10-10 13:20,2025-10-17 16:00,no_show
AG00606,PAC0086,Luiza Costa Santana,+55 53 917497258,convenio,MED04,2025-10-10 14:05,2025-10-16 10:00,faltou
AG00607,PAC0079,Daniel Tomasi Pires,,Particular,MED01,2025-10-10 14:41,2025-10-10 16:00,realizada
AG00608,PAC0037,Cristina Viana Queiroz,(51) 90307-5736,convenio,MED04,2025-10-10 15:05,2025-10-14 09:00,falta
AG00609,PAC0006,Fabiana Freitas Ramos,92836,convenio,MED05,2025-10-10 15:55,2025-10-14 14:30,realizada
AG00610,PAC0002,Felipe Bertoldi Souza,,convenio,MED03,2025-10-10 16:20,2025-11-07 08:00,falta
AG00611,PAC0029,Caio Souza Rodrigues,(51) 93841-1283,convenio,MED04,2025-10-10 16:41,2025-10-17 08:30,Realizada
AG00612,PAC0177,Henrique Cavalcanti Prado,(51) 99505-1131,convenio,MED01,2025-10-10 16:55,2025-11-03 07:30,FALTA
AG00613,PAC0115,Carla Souza Lopes,(51) 93283-0302,particular,MED04,2025-10-10 17:05,2025-10-29 09:00,atendido
AG00614,PAC0113,Fernando Ferreira Rezende,(51) 95512-6270,particular,MED05,2025-10-10 17:05,2025-11-04 14:30,realizada
AG00615,PAC0099,Arthur Zanella Borges,(51) 94316-0876,Convênio,MED01,2025-10-10 17:55,2025-11-21 16:00,realizada
AG00616,PAC0168,Cristina Farias Müller,51992073539,Convênio,MED02,13/10/2025 08:05,2025-11-06 17:00,realizada
AG00617,PAC0110,Carolina Viana Ribeiro,(51) 94788-7655,particular,MED01,2025-10-13 09:48,2025-10-15 09:00,cancelado pelo paciente
AG00618,PAC0039,Eduardo Weber Castro,(51) 96184-7151,convenio,MED03,2025-10-13 10:12,05/11/2025 17:00,FALTA
AG00619,PAC0155,César Peixoto Moreira,51959800742,convenio,MED03,2025-10-13 10:33,2025-10-27 16:00,falta
AG00620,PAC0024,Cristina Sales Aguiar,(51) 91690-1913,convenio,MED03,2025-10-13 10:48,13/10/2025 14:00,realizada
AG00621,PAC0094,Fernando Nascimento Viana,51999977924,Convênio,MED04,2025-10-13 10:48,2025-10-28 10:30,atendido
AG00622,PAC0100,Wagner Gomes Siqueira,+55 51 970125392,convenio,MED03,2025-10-13 11:04,2025-10-13 13:00,realizada
AG00623,PAC0021,Jéssica Hoffmann Coelho,(51) 93213-2241,particular,MED02,13/10/2025 11:05,2025-10-23 17:30,atendido
AG00624,PAC0050,Patrícia Correia Brandão,54912341342,convenio,MED02,2025-10-13 11:13,2025-10-14 11:00,realizada
AG00625,PAC0083,Marcos Alves Rocha,51917272994,convênio,MED01,2025-10-13 11:41,2025-10-27 08:30,ausente
AG00626,PAC0023,Eduardo Miranda Fernandes,(51) 98562-6321,convenio,MED01,2025-10-13 11:48,2025-10-15 10:30,realizada
AG04366,PAC0851,Lorena Fernandes Xavier,(53) 90795-8447,convenio,MED04,2026-04-29 11:55,2026-05-12 11:30,realizada
AG00627,PAC0106,Bianca Mendes Bezerra,(51) 97292-7284,convenio,MED04,13/10/2025 12:00,2025-10-14 08:00,FALTA
AG00628,PAC0122,Luiza Reis Becker,(54) 96239-4809,convenio,MED02,2025-10-13 12:33,2025-11-06 16:30,ausente
AG00629,PAC0070,Caio Aguiar Lima,54902502405,convenio,MED03,2025-10-13 12:41,2025-10-15 14:00,realizada
AG00630,PAC0077,Elaine Becker Santana,+55 51 905469242,convenio,MED01,2025-10-13 13:05,2025-10-27 10:30,atendido
AG00631,PAC0089,Emerson Gomes Coelho,51982389020,particular,MED03,2025-10-13 13:35,2025-10-13 14:30,Realizada
AG00632,PAC0158,Diego Viana Souza,(51) 91172-2760,convenio,MED01,2025-10-13 14:20,24/11/2025 08:30,falta
AG00633,PAC0115,Carla Souza Lopes,(51) 93283-0302,particular,MED06,13/10/2025 15:05,2025-10-15 14:00,realizada
AG00634,PAC0050,Patrícia Correia Brandão,54912341342,convenio,MED04,2025-10-13 16:48,2025-11-19 08:30,faltou
AG00635,PAC0036,Igor Bertoldi Sales,(51) 97246-2488,particular,MED01,2025-10-13 17:48,2025-10-24 17:30,realizada
AG00636,PAC0048,Beatriz Queiroz Soars,(51) 98970-4340,particular,MED04,2025-10-14 08:20,2025-10-28 10:00,realizada
AG00637,PAC0163,Aline Reis Brandão,+55 51 977816336,particular,MED04,2025-10-14 08:20,2025-11-10 08:00,realizada
AG00638,PAC0109,Jéssica Rodrigues Teixeira,+55 51 918108952,convenio,MED06,2025-10-14 08:54,2025-10-14 11:30,realizada
AG00639,PAC0017,José Rezende Ferreira,(53) 96891-7121,particular,MED03,2025-10-14 09:05,2025-11-24 14:00,faltou
AG00640,PAC0098,Ana Fernandes Castro,54958716908,particular,MED02,2025-10-14 09:20,2025-11-11 16:30,Realizada
AG00641,PAC0015,Pedro Brandão Batista,(53) 96470-3160,particular,MED04,2025-10-14 09:33,2025-10-29 08:30,Realizada
AG00642,PAC0168,Cristina Farias Müller,51992073539,convenio,MED01,2025-10-14 10:00,2025-11-19 08:30,realizada
AG00643,PAC0121,Helena Araújo Freitas,(54) 90376-5305,convenio,MED02,2025-10-14 10:33,2025-10-23 16:00,realizada
AG00644,PAC0066,Eduardo Monteiro Reis,53986799759,Convênio,MED01,2025-10-14 10:41,2025-10-20 08:00,REALIZADA
AG00645,PAC0074,Priscila Farias Zanella,54944868202,Particular,MED01,2025-10-14 10:48,2025-10-15 07:30,falta
AG00646,PAC0117,Simone Dias Barbosa,51992737016,particular,MED02,2025-10-14 11:20,2025-10-16 08:00,atendido
AG00647,PAC0060,Adriana Pereira Bittencourt,(51) 92521-5053,convenio,MED06,2025-10-14 11:33,2025-10-16 09:30,REALIZADA
AG00648,PAC0068,Vanessa Tomasi Queiroz,(53) 91051-3636,convenio,MED04,2025-10-14 11:41,2025-10-15 10:30,realizada
AG00649,PAC0246,Rodrigo Alves Miranda,(53) 95892-7244,convenio,MED05,2025-10-14 11:41,2025-11-18 16:00,cancelado pelo paciente
AG00650,PAC0101,César Almeida Campos,(54) 95435-8456,particular,MED01,2025-10-14 12:05,2025-10-29 10:00,falta
AG00651,PAC0120,Samuel Hoffmann Pires,+55 51 982666130,particular,MED04,14/10/2025 12:33,2025-10-16 10:30,REALIZADA
AG00652,PAC0045,Henrique Macedo Rodrigues,(51) 98619-6258,particular,MED03,14/10/2025 12:33,2025-10-20 17:00,realizada
AG00653,PAC0057,Arthur Santana Kuhn,+55 51 921041025,convenio,MED06,2025-10-14 13:12,2025-10-21 11:30,realizada
AG00654,PAC0159,Tânia Rocha Monteiro,53920999820,convenio,MED05,14/10/2025 13:12,2025-10-27 15:00,realizada
AG00655,PAC0135,Viviane Souza Prado,,convenio,MED04,2025-10-14 14:05,2025-10-24 11:30,realizada
AG00656,PAC0010,Rafael Coelho Oliveira,51917974054,Convênio,MED04,2025-10-14 14:33,2025-10-16 08:00,realizada
AG00657,PAC0083,Marcos Alves Rocha,51917272994,convenio,MED02,2025-10-14 14:33,2025-10-30 10:30,realizada
AG00658,PAC0104,Natália Hoffmann Dias,92916,convenio,MED02,2025-10-14 14:40,2025-10-14 16:30,realizada
AG00659,PAC0012,Pedro Moura Tomasi,(51) 94954-9026,particular,MED01,2025-10-14 15:12,2025-10-22 11:00,ausente
AG00660,PAC0107,Otávio Aguiar Xavier,(51) 91651-8979,Convênio,MED02,14/10/2025 15:12,2025-10-23 08:00,realizada
AG00661,PAC0075,Luiza Costa Souza,51940709045,Particular,MED03,2025-10-14 15:31,2025-10-15 15:30,realizada
AG00662,PAC0065,Aline Barbosa Pinto,51907069182,convenio,MED02,2025-10-14 15:41,2025-10-23 09:00,desmarcou
AG00663,PAC0178,Felipe Pires Reis,54996725726,particular,MED02,2025-10-14 15:48,18/11/2025 17:00,realizada
AG00664,PAC0026,Elaine Souza Santos,+55 51 990266056,Particular,MED02,2025-10-14 16:05,2025-11-27 15:30,FALTA
AG00665,PAC0029,Caio Souza Rodrigues,(51) 93841-1283,convenio,MED01,2025-10-14 16:12,2025-10-15 09:00,realizada
AG00666,PAC0040,Maria Marques Barbosa,(51) 96845-6814,convenio,MED01,2025-10-14 16:20,22/10/2025 11:30,desmarcou
AG00667,PAC0192,Gabriel Soares Müller,(54) 96672-6448,particular,MED02,2025-10-14 16:55,2025-11-11 11:30,faltou
AG00668,PAC0039,Eduardo Weber Castro,(51) 96184-7151,Convênio,MED05,2025-10-14 17:33,2025-11-10 15:30,REALIZADA
AG00669,PAC0044,Tatiane Dias Correia,(53) 92104-5395,convenio,MED05,2025-10-14 17:41,15/10/2025 14:30,realizada
AG00670,PAC0097,Luiza Duarte Mendes,0000000000,Convênio,MED04,2025-10-15 08:05,2025-10-22 09:30,realizada
AG00671,PAC0083,Marcos Alves Rocha,51917272994,convenio,MED05,2025-10-15 08:12,20/10/2025 17:00,realizada
AG00672,PAC0142,José Ferreira Nunes,+55 53 936084144,convenio,MED04,2025-10-15 09:05,2025-10-22 08:30,Realizada
AG00673,PAC0202,Rodrigo Nunes Rodrigues,(51) 91862-9879,Convênio,MED06,2025-10-15 09:20,2025-11-27 09:00,FALTA
AG00674,PAC0016,Murilo Viana Kuhn,+55 51 982888446,convenio,MED02,2025-10-15 09:48,2025-10-16 10:00,realizada
AG00675,PAC0069,Sérgio Hoffmann Carvalho,+55 51 979759770,PARTICULAR,MED01,2025-10-15 09:55,2025-11-28 17:00,falta
AG00676,PAC0103,Natália Marques Santos,+55 51 976030999,convenio,MED05,2025-10-15 10:33,15/10/2025 15:00,realizada
AG00677,PAC0113,Fernando Ferreira Rezende,(51) 95512-6270,particular,MED05,15/10/2025 10:33,2025-10-20 16:00,REALIZADA
AG00678,PAC0108,José Peixoto Schmidt,53944228144,convenio,MED02,2025-10-15 10:55,2025-11-13 16:30,realizada
AG00679,PAC0133,Júlia Ferreira Marques,51985181718,convênio,MED04,15/10/2025 12:20,2025-11-03 09:00,realizada
AG00680,PAC0062,Luciana Soares Lorenzi,(51) 96645-1918,convenio,MED05,2025-10-15 12:33,2025-10-21 15:00,atendido
AG00681,PAC0286,Murilo Borges Siqueira,(51) 97367-8015,particular,MED03,2025-10-15 13:00,28/11/2025 08:00,REALIZADA
AG00682,PAC0187,Pedro Araújo Cavalcanti,+55 51 971188841,particular,MED05,2025-10-15 13:41,12/11/2025 17:30,falta
AG00683,PAC0014,Sônia Silva Reis,+55 53 998575311,particular,MED01,15/10/2025 13:48,2025-10-29 09:30,faltou
AG00684,PAC0162,Daniel Aguiar Lima,(51) 93357-2645,PARTICULAR,MED04,2025-10-15 14:33,2025-10-28 08:30,realizada
AG00685,PAC0098,Ana Fernandes Castro,54958716908,particular,MED03,2025-10-15 14:48,2025-10-17 09:30,realizada
AG00686,PAC0002,Felipe Bertoldi Souza,,convenio,MED01,2025-10-15 15:00,2025-10-17 17:30,realizada
AG00687,PAC0131,Daniel Dias Barbosa,51972616925,convenio,MED03,2025-10-15 15:20,2025-10-20 16:00,realizada
AG00688,PAC0149,Lucas Cavalcanti Correia,51955318507,PARTICULAR,MED05,15/10/2025 15:20,2025-10-23 17:00,faltou
AG00689,PAC0197,Carolina Lorenzi Souza,(51) 94236-2099,convenio,MED05,2025-10-15 16:12,2025-11-11 15:00,REALIZADA
AG00690,PAC0126,Luiza Soares Kuhn,51931656299,convenio,MED03,2025-10-15 16:33,2025-10-17 08:00,realizada
AG00691,PAC0030,Tatiane Campos Barbosa,(51) 92954-8265,Convênio,MED01,15/10/2025 16:41,20/10/2025 09:30,realizada
AG00692,PAC0125,Roberto Zanella Viana,(53) 99681-4060,particular,MED01,2025-10-15 16:48,2025-10-17 16:30,ausente
AG00693,PAC0140,Lucas Ramos Silva,+55 51 983709241,particular,MED01,2025-10-16 08:05,2025-10-22 07:30,realizada
AG00694,PAC0039,Eduardo Weber Castro,(51) 96184-7151,convenio,MED06,2025-10-16 08:08,2025-10-16 09:00,realizada
AG00695,PAC0028,Felipe Coelho Almeida,(53) 94895-4499,convenio,MED01,2025-10-16 08:12,2025-11-26 08:00,faltou
AG00696,PAC0124,Márcio Castro Teixeira,+55 53 944047803,particular,MED01,2025-10-16 08:48,2025-10-17 15:30,REALIZADA
AG00697,PAC0212,Roberto Müller Rodrigues,+55 51 916328803,convenio,MED05,2025-10-16 09:05,2025-11-10 15:00,faltou
AG00698,PAC0005,Lorena Martins Ferreira,(51) 93740-9546,Convênio,MED04,2025-10-16 09:20,2025-10-27 08:00,ausente
AG00699,PAC0095,Vanessa Dias Hoffmann,53934170837,particular,MED02,2025-10-16 09:55,2025-11-06 15:30,realizada
AG00700,PAC0201,Cristina Marques Bertoldi,(53) 93697-2429,convenio,MED02,2025-10-16 10:05,2025-11-06 08:00,FALTA
AG00701,PAC0114,Daniel Rodrigues Queiroz,(54) 94891-7895,convenio,MED03,2025-10-16 10:20,2025-10-24 08:00,realizada
AG00702,PAC0159,Tânia Rocha Monteiro,53920999820,convenio,MED05,2025-10-16 10:20,2025-11-19 15:30,Realizada
AG00703,PAC0127,Lucas Fonseca Martins,+55 51 955329550,convenio,MED03,2025-10-16 11:48,2025-10-17 10:00,realizada
AG00704,PAC0133,Júlia Ferreira Marques,51985181718,convenio,MED04,2025-10-16 11:55,20/10/2025 08:30,realizada
AG00705,PAC0016,Murilo Viana Kuhn,+55 51 982888446,convenio,MED04,2025-10-16 12:05,2025-10-22 09:00,cancelada_paciente
AG00706,PAC0048,Beatriz Queiroz Soares,(51) 98970-4340,particular,MED03,2025-10-16 13:20,12/11/2025 15:00,desmarcou
AG00707,PAC0113,Fernando Ferreira Rezende,(51) 95512-6270,particular,MED01,16/10/2025 14:20,22/10/2025 08:30,atendido
AG00708,PAC0041,Beatriz Soares Nascimento,93607,convenio,MED06,16/10/2025 14:48,2025-10-28 08:30,cancelada_paciente
AG00709,PAC0112,Rafael Becker Santana,+55 51 997116675,Convênio,MED02,2025-10-16 15:00,2025-10-21 08:00,atendido
AG00710,PAC0090,João Vieira Souza,51979665854,convenio,MED01,2025-10-16 15:00,2025-11-05 08:30,realizada
AG00711,PAC0114,Daniel Rodrigues Queiroz,(54) 94891-7895,convenio,MED01,2025-10-16 15:20,2025-10-17 14:30,realizada
AG00712,PAC0061,Gustavo Siqueira Pires,(53) 96472-8115,convenio,MED05,16/10/2025 15:41,2025-10-23 14:00,REALIZADA
AG00713,PAC0037,Cristina Viana Queiroz,(51) 90307-5736,convenio,MED01,16/10/2025 15:41,2025-10-27 09:00,REALIZADA
AG00714,PAC0069,Sérgio Hoffmann Carvalho,+55 51 979759770,particular,MED04,2025-10-16 16:00,2025-10-20 11:00,ausente
AG00715,PAC0012,Pedro Moura Tomasi,(51) 94954-9026,particular,MED02,2025-10-16 16:33,2025-11-18 11:30,atendido
AG00716,PAC0148,Isabela Tavares Costa,53985280547,convenio,MED03,16/10/2025 16:55,2025-10-24 10:00,Realizada
AG00717,PAC0226,Luciana Bezerra Castro,,convenio,MED06,2025-10-16 16:55,2025-11-13 09:30,realizada
AG00718,PAC0228,Felipe Bertoldi Ramos,(51) 90044-8991,particular,MED06,2025-10-16 16:55,13/11/2025 11:00,falta
AG00719,PAC0205,José Rezende Sales,+55 51 981800370,Convênio,MED04,2025-10-17 08:12,2025-11-06 10:30,REALIZADA
AG00720,PAC0013,Sônia Nunes Xavier,51920780234,particular,MED03,2025-10-17 08:20,2025-10-22 14:30,falta
AG00721,PAC0150,Otávio Aguiar Fernandes,+55 54 909410298,convenio,MED01,2025-10-17 08:33,2025-10-24 13:30,realizada
AG00722,PAC0176,Mariana Andrade Santana,53986213047,particular,MED04,2025-10-17 09:20,2025-10-31 08:00,realizada
AG00723,PAC0096,Débora Bezerra Castro,(51) 98563-5074,particular,MED06,2025-10-17 09:48,30/10/2025 11:30,no_show
AG00724,PAC0093,João Bezerra Souza,+55 51 962059532,Particular,MED03,17/10/2025 10:20,2025-10-20 13:30,Realizada
AG00725,PAC0049,Marcos Xavier Marques,51940355702,convenio,MED03,2025-10-17 10:20,2025-10-20 15:30,cancelada_clinica
AG00726,PAC0135,Viviane Souza Prado,,convenio,MED02,2025-10-17 11:12,2025-10-21 15:30,realizada
AG00727,PAC0016,Murilo Viana Kuhn,+55 51 982888446,convenio,MED03,2025-10-17 11:33,2025-10-20 13:00,FALTA
AG00728,PAC0069,Sérgio Hoffmann Carvalho,+55 51 979759770,particular,MED05,2025-10-17 11:33,2025-10-20 16:30,realizada
AG00729,PAC0086,Luiza Costa Santana,+55 53 917497258,convenio,MED02,2025-10-17 11:48,2025-11-04 11:30,falta
AG00730,PAC0143,Raquel Pereira Macedo,(54) 98269-0375,convenio,MED03,2025-10-17 11:48,2025-11-26 13:30,Realizada
AG00731,PAC0038,Aline Soares Costa,51949817719,CONVENIO,MED06,2025-10-17 12:33,2025-11-26 16:30,falta
AG00732,PAC0040,Maria Marques Barbosa,(51) 96845-6814,convenio,MED01,2025-10-17 12:41,2025-10-24 14:30,realizada
AG00733,PAC0049,Marcos Xavier Marques,51940355702,convenio,MED01,2025-10-17 12:55,2025-11-19 11:00,realizada
AG00734,PAC0159,Tânia Rocha Monteiro,53920999820,convenio,MED02,2025-10-17 13:05,2025-10-28 10:00,realizada
AG00735,PAC0100,Wagner Gomes Siqueira,+55 51 970125392,convenio,MED01,17/10/2025 13:12,2025-10-22 09:30,Realizada
AG00736,PAC0032,Daniel Souza Farias,54996395682,convenio,MED01,2025-10-17 14:20,2025-10-24 16:30,cancelada_paciente
AG00737,PAC0174,Leandro Lopes Costa,+55 51 940373326,convenio,MED03,17/10/2025 14:20,2025-10-31 08:30,REALIZADA
AG00738,PAC0103,Natália Marques Santos,+55 51 976030999,convenio,MED06,2025-10-17 15:05,2025-10-22 15:00,realizada
AG00739,PAC0122,Luiza Reis Becker,(54) 96239-4809,convenio,MED01,2025-10-17 15:48,2025-10-31 14:00,falta
AG00740,PAC0129,Larissa Pereira Dias,(51) 93595-3803,convenio,MED01,2025-10-17 16:00,2025-11-21 13:00,realizada
AG00741,PAC0038,Aline Soares Costa,51949817719,convenio,MED02,17/10/2025 16:41,2025-10-30 16:00,faltou
AG00742,PAC0057,Arthur Santana Kuhn,+55 51 921041025,convenio,MED03,2025-10-17 17:12,2025-11-07 10:30,realizada
AG00743,PAC0154,Rodrigo Marques Nascimento,53982064389,convenio,MED03,2025-10-17 17:20,2025-10-27 15:30,falta
AG00744,PAC0070,Caio Aguiar Lima,54902502405,convenio,MED05,20/10/2025 08:20,2025-10-22 15:00,atendido
AG00745,PAC0030,Tatiane Campos Barbosa,(51) 92954-8265,convenio,MED03,2025-10-20 09:12,2025-10-22 15:30,realizada
AG00746,PAC0126,Luiza Soares Kuhn,51931656299,convênio,MED04,2025-10-20 10:05,31/10/2025 11:30,realizada
AG00747,PAC0247,Lucas Batista Santos,(53) 91830-5408,convenio,MED06,2025-10-20 10:12,2025-11-19 17:00,cancelado pelo paciente
AG00748,PAC0022,Samuel Farias Pires,54939218051,Particular,MED05,2025-10-20 10:20,01/12/2025 15:30,falta
AG00749,PAC0138,Caio Dias Miranda,(51) 95753-1987,Convênio,MED06,2025-10-20 10:41,2025-10-21 08:30,realizada
AG00750,PAC0218,Patrícia Campos Tomasi,53991528676,particular,MED03,20/10/2025 10:55,2025-11-26 15:30,realizada
AG00751,PAC0130,Débora Becker Correia,(54) 91064-5965,Particular,MED03,20/10/2025 12:20,2025-11-03 14:30,falta
AG00752,PAC0099,Arthur Zanella Borges,(51) 94316-0876,convenio,MED03,2025-10-20 12:41,2025-10-20 16:30,realizada
AG00753,PAC0107,Otávio Aguiar Xavier,(51) 91651-8979,convenio,MED01,2025-10-20 14:00,2025-10-22 10:00,realizada
AG00754,PAC0089,Emerson Gomes Coelho,51982389020,particular,MED01,2025-10-20 14:05,2025-11-12 08:30,realizada
AG00755,PAC0145,Diego Gonçalves Peixoto,+55 51 936594709,convenio,MED04,2025-10-20 14:55,2025-10-23 10:00,realizada
AG00756,PAC0001,Tânia Moreira Andrade,+55 53 979217421,convenio,MED05,2025-10-20 15:00,2025-10-28 15:30,realizada
AG00757,PAC0031,Fernando Becker Aguiar,51942355515,particular,MED04,2025-10-20 15:00,2025-11-03 08:30,no_show
AG00758,PAC0071,Roberto Alves Xavier,(53) 93439-5365,particular,MED02,2025-10-20 15:12,2025-10-28 17:30,Realizada
AG00759,PAC0090,João Vieira Souza,51979665854,convenio,MED05,20/10/2025 16:00,2025-10-22 15:30,realizada
AG00760,PAC0114,Daniel Rodrigues Queiroz,(54) 94891-7895,convenio,MED05,2025-10-20 16:05,2025-10-21 17:00,REALIZADA
AG00761,PAC0162,Daniel Aguiar Lima,(51) 93357-2645,Particular,MED03,2025-10-20 17:41,2025-11-26 15:00,realizada
AG00762,PAC0022,Samuel Farias Pires,54939218051,particular,MED02,2025-10-21 08:00,2025-10-28 11:00,falta
AG00763,PAC0048,Beatriz Queiroz Soares,(51) 98970-4340,particular,MED05,21/10/2025 08:05,21/10/2025 17:30,atendido
AG00764,PAC0077,Elaine Becker Santana,+55 51 905469242,convenio,MED04,2025-10-21 08:12,2025-10-23 11:30,realizada
AG00765,PAC0122,Luiza Reis Becker,(54) 96239-4809,convenio,MED05,2025-10-21 08:48,2025-11-12 17:00,falta
AG00766,PAC0136,Paulo Marques Duarte,+55 51 970089778,convenio,MED04,2025-10-21 08:52,21/10/2025 10:30,realizada
AG00767,PAC0150,Otávio Aguiar Fernandes,+55 54 909410298,convenio,MED02,21/10/2025 08:55,2025-10-30 11:30,falta
AG00768,PAC0179,Fabiana Xavier Carvalho,(51) 91659-2857,convenio,MED01,2025-10-21 09:20,2025-11-03 10:30,REALIZADA
AG00769,PAC0012,Pedro Moura Tomasi,(51) 94954-9026,particular,MED06,2025-10-21 09:33,2025-11-05 15:30,falta
AG00770,PAC0081,Rodrigo Farias Tomasi,+55 51 914179864,convenio,MED04,2025-10-21 09:55,2025-10-28 08:00,realizada
AG00771,PAC0023,Eduardo Miranda Fernandes,(51) 98562-6321,convenio,MED04,2025-10-21 10:00,2025-10-24 08:00,realizada
AG00772,PAC0053,Fabiana Bezerra Siqueira,(54) 98288-4576,convenio,MED02,2025-10-21 10:00,2025-10-30 14:30,falta
AG00773,PAC0284,Mateus Guimarães Guimarães,(51) 94626-9159,particular,MED06,2025-10-21 10:12,2025-11-27 08:30,realizada
AG00774,PAC0034,Adriana Peixoto Rezende,51990650617,convenio,MED04,21/10/2025 10:20,2025-10-24 11:00,cancelado clinica
AG00775,PAC0116,Leandro Becker Marques,51920146861,particular,MED03,2025-10-21 10:33,2025-10-24 09:00,realizada
AG00776,PAC0199,Aline Pereira Fernandes,+55 51 917035851,convênio,MED04,2025-10-21 10:55,2025-11-05 11:00,no_show
AG00777,PAC0019,Eduardo Rezende Marques,53938389923,convenio,MED03,21/10/2025 11:00,2025-10-27 13:30,atendido
AG00778,PAC0062,Luciana Soares Lorenzi,(51) 96645-1918,convenio,MED04,21/10/2025 11:00,2025-10-27 11:30,realizada
AG00779,PAC0173,Lucas Bertoldi Pires,+55 51 957675179,particular,MED06,2025-10-21 11:20,2025-11-04 11:30,ausente
AG00780,PAC0270,Fernando Dias Santana,+55 53 978879045,particular,MED02,2025-10-21 12:00,25/11/2025 15:00,realizada
AG00781,PAC0131,Daniel Dias Barbosa,51972616925,convenio,MED05,2025-10-21 12:12,2025-10-21 15:30,realizada
AG00782,PAC0274,Gisele Santana Souza,(51) 99456-8476,convênio,MED06,2025-10-21 12:41,26/11/2025 16:00,no_show
AG00783,PAC0048,Beatriz Queiroz Soares,(51) 98970-4340,PARTICULAR,MED02,21/10/2025 12:55,2025-10-23 09:30,cancelada_paciente
AG00784,PAC0063,Vitor Xavier Lopes,54972055015,particular,MED06,2025-10-21 13:00,2025-11-04 10:30,falta
AG00785,PAC0049,Marcos Xavier Marques,51940355702,convenio,MED01,2025-10-21 13:12,2025-12-01 08:00,falta
AG00786,PAC0091,Murilo Martins Santana,(54) 91396-4088,convenio,MED05,2025-10-21 13:28,2025-10-21 14:30,realizada
AG00787,PAC0036,Igor Bertoldi Sales,(51) 97246-2488,particular,MED06,2025-10-21 14:05,2025-11-11 11:00,REALIZADA
AG00788,PAC0100,Wagner Gomes Siqueira,+55 51 970125392,convenio,MED03,2025-10-21 14:20,22/10/2025 15:00,realizada
AG00789,PAC0129,Larissa Pereira Dias,(51) 93595-3803,convenio,MED03,2025-10-21 14:33,2025-10-29 13:00,realizada
AG00790,PAC0257,Mariana Marques Andrade,(51) 96369-9054,convenio,MED04,2025-10-21 14:48,2025-11-21 10:30,realizada
AG00791,PAC0274,Gisele Santana Souza,(51) 99456-8476,Convênio,MED01,2025-10-21 15:05,2025-11-26 09:00,falta
AG00792,PAC0106,Bianca Mendes Bezerra,(51) 97292-7284,convenio,MED04,2025-10-21 15:05,27/11/2025 11:30,Realizada
AG00793,PAC0046,Wagner Macedo Bezerra,(54) 91918-5886,PARTICULAR,MED01,2025-10-21 15:55,2025-11-14 16:00,REALIZADA
AG00794,PAC0011,Sônia Machado Campos,+55 51 995322750,convenio,MED01,2025-10-21 16:33,22/10/2025 10:30,realizada
AG00795,PAC0153,João Brandão Xavier,(51) 92374-5251,particular,MED06,2025-10-21 16:41,2025-10-29 15:30,falta
AG00796,PAC0180,Jéssica Gomes Siqueira,(54) 91118-2098,particular,MED03,2025-10-21 16:48,03/11/2025 13:30,realizada
AG00797,PAC0169,Mateus Zanella Freitas,(54) 94611-3087,particular,MED03,2025-10-21 17:20,2025-11-03 15:00,realizada
AG00798,PAC0008,João Xavier Cavalcanti,(51) 90091-7145,Convênio,MED03,21/10/2025 17:55,2025-11-05 14:00,cancelada_paciente
AG00799,PAC0069,Sérgio Hoffmann Carvalho,+55 51 979759770,particular,MED02,2025-10-22 08:05,2025-10-23 15:30,desmarcou
AG00800,PAC0015,Pedro Brandão Batista,(53) 96470-3160,particular,MED04,22/10/2025 08:05,2025-11-24 10:30,cancelada_paciente
AG00801,PAC0093,João Bezerra Souza,+55 51 962059532,particular,MED04,2025-10-22 09:00,2025-11-03 10:00,faltou
AG00802,PAC0023,Eduardo Miranda Fernandes,(51) 98562-6321,convenio,MED01,2025-10-22 09:46,2025-10-22 11:30,realizada
AG00803,PAC0088,Beatriz Rezende Rocha,(53) 91979-7265,particular,MED05,2025-10-22 10:05,2025-10-27 15:30,realizada
AG00804,PAC0001,Tânia Moreira Andrade,+55 53 979217421,convenio,MED06,2025-10-22 10:12,2025-12-03 17:00,realizada
AG00805,PAC0019,Eduardo Rezende Marques,53938389923,convenio,MED01,2025-10-22 10:41,2025-10-29 10:30,realizada
AG00806,PAC0192,Gabriel Soares Müller,(54) 96672-6448,particular,MED01,2025-10-22 11:05,2025-11-07 17:30,cancelado pelo paciente
AG00807,PAC0120,Samuel Hoffmann Pires,+55 51 982666130,particular,MED05,2025-10-22 11:12,2025-10-29 17:30,realizada
AG00808,PAC0144,Simone Tavares Silva,(51) 94714-1641,convênio,MED04,2025-10-22 12:12,2025-10-23 08:30,realizada
AG00809,PAC0086,Luiza Costa Santana,+55 53 917497258,convenio,MED06,2025-10-22 12:20,2025-10-28 09:30,atendido
AG00810,PAC0112,Rafael Becker Santana,+55 51 997116675,convenio,MED01,2025-10-22 12:20,2025-11-03 09:00,falta
AG00811,PAC0299,Priscila Souza Bezerra,(53) 91166-7412,particular,MED01,2025-10-22 13:41,2025-12-05 13:00,falta
AG00812,PAC0084,Sérgio Nunes Mendes,+55 51 974719531,convenio,MED05,2025-10-22 14:12,2025-11-11 16:00,falta
AG00813,PAC0139,Roberto Teixeira Monteiro,(51) 94905-0474,convenio,MED02,2025-10-22 14:33,2025-10-23 10:00,realizada
AG00814,PAC0014,Sônia Silva Reis,+55 53 998575311,particular,MED04,2025-10-22 14:33,2025-10-28 11:30,realizada
AG00815,PAC0206,Thiago Queiroz Zanella,(53) 97519-4745,convenio,MED01,2025-10-22 15:12,2025-11-10 08:30,atendido
AG00816,PAC0159,Tânia Rocha Monteiro,53920999820,Convênio,MED04,2025-10-22 15:12,2025-11-27 10:00,ausente
AG00817,PAC0191,Jéssica Xavier Borges,54972294445,convenio,MED05,2025-10-22 15:48,2025-11-04 15:00,realizada
AG00818,PAC0254,Juliana Monteiro Dias,+55 53 932153346,PARTICULAR,MED03,22/10/2025 15:48,2025-12-03 15:00,Realizada
AG00819,PAC0153,João Brandão Xavier,(51) 92374-5251,particular,MED01,2025-10-22 16:00,27/10/2025 11:30,falta
AG00820,PAC0074,Priscila Farias Zanella,54944868202,particular,MED02,2025-10-23 08:00,2025-11-18 14:30,faltou
AG00821,PAC0165,Jéssica Rodrigues Tavares,(53) 97357-6178,Convênio,MED01,2025-10-23 08:12,2025-10-29 11:00,FALTA
AG00822,PAC0273,Gisele Pinto Rocha,(53) 98330-4304,particular,MED04,23/10/2025 08:33,25/11/2025 10:00,realizada
AG00823,PAC0159,Tânia Rocha Monteiro,53920999820,convênio,MED02,2025-10-23 08:41,2025-10-30 15:30,realizada
AG00824,PAC0202,Rodrigo Nunes Rodrigues,(51) 91862-9879,convenio,MED02,2025-10-23 09:00,2025-11-06 10:00,realizada
AG00825,PAC0128,Aline Oliveira Queiroz,(54) 99381-1787,convenio,MED02,2025-10-23 09:05,2025-10-23 14:00,realizada
AG00826,PAC0211,Gisele Brandão Mendes,(53) 97547-4117,particular,MED01,2025-10-23 09:41,2025-11-10 07:30,ausente
AG00827,PAC0055,Patrícia Prado Teixeira,51975702934,convenio,MED06,2025-10-23 10:15,2025-10-23 11:30,realizada
AG00828,PAC0018,Rodrigo Oliveira Rodrigues,(51) 92304-5539,convênio,MED03,2025-10-23 10:20,31/10/2025 09:30,cancelada_clinica
AG00829,PAC0036,Igor Bertoldi Sales,(51) 97246-2488,particular,MED02,2025-10-23 10:20,2025-11-04 10:00,realizada
AG00830,PAC0185,Gabriel Carvalho Nunes,+55 51 941741132,Convênio,MED05,2025-10-23 10:41,2025-11-03 17:00,Realizada
AG00831,PAC0232,Emerson Marques Castro,+55 51 922393221,Convênio,MED04,2025-10-23 10:41,2025-11-14 09:00,falta
AG00832,PAC0265,Júlia Duarte Kuhn,51955576440,convenio,MED01,2025-10-23 10:41,2025-11-28 13:00,falta
AG00833,PAC0150,Otávio Aguiar Fernandes,+55 54 909410298,convenio,MED04,2025-10-23 11:00,2025-10-24 08:30,realizada
AG00834,PAC0023,Eduardo Miranda Fernandes,(51) 98562-6321,convenio,MED01,2025-10-23 11:33,12/11/2025 07:30,confirmado
AG00835,PAC0152,Jéssica Pinto Zanella,(51) 93054-2542,convenio,MED01,2025-10-23 11:55,2025-10-27 09:30,Realizada
AG00836,PAC0196,Carla Lorenzi Silva,(54) 90336-6604,particular,MED04,23/10/2025 12:00,2025-11-05 09:30,faltou
AG00837,PAC0037,Cristina Viana Queiroz,(51) 90307-5736,convenio,MED06,2025-10-23 13:41,2025-11-12 16:00,falta
AG00838,PAC0147,Ricardo Carvalho Teixeira,(53) 92099-0039,Particular,MED05,2025-10-23 13:48,2025-11-03 16:00,realizada
AG00839,PAC0148,Isabela Tavares Costa,53985280547,convenio,MED05,2025-10-23 14:00,2025-10-23 15:30,cancelado pelo paciente
AG00840,PAC0271,Marcos Weber Rezende,53957925052,convenio,MED02,2025-10-23 14:00,2025-11-25 16:00,falta
AG00841,PAC0045,Henrique Macedo Rodrigues,(51) 98619-6258,particular,MED01,2025-10-23 14:33,2025-11-07 17:00,realizada
AG00842,PAC0038,Aline Soares Costa,51949817719,convenio,MED05,2025-10-23 14:37,2025-10-23 15:30,atendido
AG00843,PAC0165,Jéssica Rodrigues Tavares,(53) 97357-6178,convenio,MED06,2025-10-23 14:48,29/10/2025 17:30,falta
AG00844,PAC0077,Elaine Becker Santana,+55 51 905469242,convenio,MED06,2025-10-23 15:33,2025-11-06 10:30,falta
AG00845,PAC0140,Lucas Ramos Silva,+55 51 983709241,particular,MED03,2025-10-23 17:48,2025-11-21 10:00,realizada
AG00846,PAC0076,Lucas Lorenzi Cavalcanti,(54) 99861-1609,particular,MED01,2025-10-24 08:00,2025-11-14 13:30,ausente
AG00847,PAC0105,Tânia Brandão Nunes,54972085152,convenio,MED05,2025-10-24 08:48,2025-11-06 16:30,REALIZADA
AG00848,PAC0126,Luiza Soares Kuhn,51931656299,convênio,MED05,2025-10-24 08:55,2025-10-30 14:00,realizada
AG00849,PAC0155,César Peixoto Moreira,51959800742,Convênio,MED02,2025-10-24 08:55,2025-11-11 08:00,realizada
AG00850,PAC0161,Lorena Ramos Machado,(54) 93359-2298,Particular,MED05,2025-10-24 09:05,2025-10-30 16:30,realizada
AG00851,PAC0079,Daniel Tomasi Pires,,particular,MED04,2025-10-24 09:41,2025-10-24 10:30,realizada
AG00852,PAC0098,Ana Fernandes Castro,54958716908,particular,MED04,2025-10-24 10:12,06/11/2025 09:00,realizada
AG00853,PAC0021,Jéssica Hoffmann Coelho,(51) 93213-2241,Particular,MED04,2025-10-24 10:41,2025-10-31 09:00,cancelado
AG00854,PAC0105,Tânia Brandão Nunes,54972085152,convenio,MED01,24/10/2025 10:41,2025-11-14 17:30,atendido
AG00855,PAC0177,Henrique Cavalcanti Prado,(51) 99505-1131,convenio,MED01,2025-10-24 11:05,2025-11-14 15:00,faltou
AG00856,PAC0101,César Almeida Campos,(54) 95435-8456,particular,MED03,24/10/2025 12:05,2025-11-07 09:30,realizada
AG00857,PAC0002,Felipe Bertoldi Souza,,convenio,MED01,2025-10-24 12:12,2025-10-31 13:30,desmarcou
AG00858,PAC0077,Elaine Becker Santana,+55 51 905469242,convenio,MED02,2025-10-24 12:33,2025-10-28 11:30,realizada
AG00859,PAC0237,Sérgio Carvalho Reis,(53) 91921-6641,particular,MED01,2025-10-24 12:33,2025-11-28 16:30,atendido
AG00860,PAC0190,Sérgio Ribeiro Xavier,+55 54 920720983,convenio,MED01,2025-10-24 13:41,2025-11-26 11:00,no_show
AG00861,PAC0180,Jéssica Gomes Siqueira,(54) 91118-2098,particular,MED02,2025-10-24 14:00,2025-11-13 11:00,realizada
AG00862,PAC0028,Felipe Coelho Almeida,(53) 94895-4499,CONVENIO,MED01,2025-10-24 14:48,2025-11-21 16:30,falta
AG00863,PAC0080,Alexandre Lopes Pires,(51) 96893-0854,convenio,MED01,2025-10-24 15:00,2025-10-29 07:30,confirmado
AG00864,PAC0279,Gabriel Sales Marques,+55 51 944995049,convenio,MED02,2025-10-24 15:12,2025-11-27 11:00,FALTA
AG00865,PAC0052,Daniel Araújo Coelho,(51) 98488-8292,particular,MED03,2025-10-24 15:48,2025-11-26 16:30,realizada
AG00866,PAC0018,Rodrigo Oliveira Rodrigues,(51) 92304-5539,convenio,MED05,2025-10-24 15:55,2025-10-30 16:00,cancelado clinica
AG00867,PAC0182,João Farias Mendes,0000000000,convenio,MED03,24/10/2025 16:00,2025-11-03 16:30,FALTA
AG00868,PAC0133,Júlia Ferreira Marques,51985181718,convenio,MED02,2025-10-24 16:00,2025-12-04 14:30,faltou
AG00869,PAC0013,Sônia Nunes Xavier,51920780234,particular,MED02,24/10/2025 16:41,2025-10-30 10:00,REALIZADA
AG00870,PAC0020,Beatriz Tavares Borges,+55 53 923601395,convenio,MED03,2025-10-24 16:48,31/10/2025 11:30,cancelado
AG00871,PAC0212,Roberto Müller Rodrigues,+55 51 916328803,convenio,MED06,2025-10-24 16:55,19/11/2025 15:00,realizada
AG00872,PAC0315,José Aguiar Carvalho,54982105845,convênio,MED03,2025-10-27 08:12,2025-12-08 15:30,faltou
AG00873,PAC0044,Tatiane Dias Correia,(53) 92104-5395,convenio,MED05,2025-10-27 09:05,2025-11-05 14:00,realizada
AG00874,PAC0192,Gabriel Soares Müller,(54) 96672-6448,PARTICULAR,MED05,27/10/2025 09:20,04/11/2025 17:00,Realizada
AG00875,PAC0097,Luiza Duarte Mendes,0000000000,convenio,MED06,2025-10-27 09:20,2025-11-25 09:00,falta
AG00876,PAC0023,Eduardo Miranda Fernandes,(51) 98562-6321,Convênio,MED06,2025-10-27 09:33,2025-11-05 14:30,realizada
AG00877,PAC0075,Luiza Costa Souza,51940709045,Particular,MED05,2025-10-27 10:12,2025-10-27 14:00,realizada
AG00878,PAC0251,Tânia Ribeiro Cavalcanti,(51) 93341-6083,particular,MED05,2025-10-27 10:33,2025-12-04 16:30,realizada
AG00879,PAC0108,José Peixoto Schmidt,53944228144,convenio,MED02,27/10/2025 10:48,2025-10-28 08:30,realizada
AG00880,PAC0085,Emerson Reis Macedo,51972488125,convenio,MED01,27/10/2025 10:48,2025-11-19 09:30,realizada
AG00881,PAC0144,Simone Tavares Silva,(51) 94714-1641,convenio,MED06,27/10/2025 11:00,2025-10-29 14:30,cancelada_clinica
AG00882,PAC0170,Caio Nunes Santana,+55 51 994753655,convenio,MED06,2025-10-27 11:05,2025-10-30 10:30,realizada
AG00883,PAC0181,Renata Fernandes Mendes,(53) 97434-1317,particular,MED03,2025-10-27 11:33,2025-11-03 14:00,realizada
AG00884,PAC0049,Marcos Xavier Marques,51940355702,convenio,MED02,2025-10-27 11:55,30/10/2025 08:30,realizada
AG00885,PAC0283,Tatiane Santana Rezende,(51) 93913-5212,convenio,MED03,27/10/2025 12:33,2025-12-03 17:00,realizada
AG00886,PAC0101,César Almeida Campos,(54) 95435-8456,particular,MED06,2025-10-27 12:48,2025-11-04 08:30,no_show
AG00887,PAC0103,Natália Marques Santos,+55 51 976030999,convenio,MED04,2025-10-27 13:20,2025-11-07 09:00,realizada
AG00888,PAC0164,Natália Nunes Nascimento,51974592966,convenio,MED05,2025-10-27 14:05,2025-10-28 16:00,FALTA
AG00889,PAC0129,Larissa Pereira Dias,(51) 93595-3803,convenio,MED02,2025-10-27 15:20,2025-11-18 14:00,falta
AG00890,PAC0279,Gabriel Sales Marques,+55 51 944995049,convenio,MED05,2025-10-27 15:20,2025-11-27 15:00,no_show
AG00891,PAC0273,Gisele Pinto Rocha,(53) 98330-4304,particular,MED05,2025-10-27 15:55,26/11/2025 15:30,faltou
AG00892,PAC0032,Daniel Souza Farias,54996395682,convenio,MED05,2025-10-27 16:41,2025-10-28 15:00,realizada
AG00893,PAC0145,Diego Gonçalves Peixoto,+55 51 936594709,convenio,MED04,27/10/2025 16:48,2025-11-04 09:00,cancelado
AG00894,PAC0151,Roberto Bittencourt Araújo,51907015223,particular,MED02,27/10/2025 17:12,2025-10-28 14:00,faltou
AG00895,PAC0166,Letícia Borges Sales,53973820040,convenio,MED03,2025-10-27 17:33,2025-10-29 16:00,REALIZADA
AG00896,PAC0255,Tânia Rodrigues Araújo,(51) 92877-8385,convenio,MED04,2025-10-27 17:33,2025-11-19 10:30,realizada
AG00897,PAC0172,Márcio Bertoldi Guimarães,(54) 99040-9724,convenio,MED01,27/10/2025 17:41,2025-10-31 16:00,realizada
AG00898,PAC0154,Rodrigo Marques Nascimento,53982064389,convenio,MED05,2025-10-27 17:48,2025-10-28 14:00,realizada
AG00899,PAC0097,Luiza Duarte Mendes,0000000000,convênio,MED01,2025-10-27 17:55,2025-11-17 07:00,no_show
AG00900,PAC0051,Tânia Pinto Rezende,51969124332,convenio,MED06,2025-10-28 09:05,28/10/2025 11:00,Realizada
AG00901,PAC0203,Samuel Cardoso Pires,(54) 95205-1502,convenio,MED05,2025-10-28 09:05,2025-11-18 14:30,cancelado
AG00902,PAC0014,Sônia Silva Reis,+55 53 998575311,particular,MED01,2025-10-28 09:12,2025-10-29 07:00,realizada
AG00903,PAC0184,Tânia Santos Carvalho,51916335247,particular,MED04,2025-10-28 09:41,2025-11-03 10:30,cancelado clinica
AG00904,PAC0088,Beatriz Rezende Rocha,(53) 91979-7265,particular,MED03,2025-10-28 10:12,2025-10-29 17:30,realizada
AG00905,PAC0171,Fábio Gonçalves Macedo,+55 51 919138398,convenio,MED01,2025-10-28 11:33,2025-12-08 08:30,realizada
AG00906,PAC0265,Júlia Duarte Kuhn,51955576440,Convênio,MED04,2025-10-28 11:48,2025-11-24 09:30,faltou
AG00907,PAC0120,Samuel Hoffmann Pires,+55 51 982666130,particular,MED04,2025-10-28 11:55,2025-10-31 10:00,cancelado
AG00908,PAC0153,João Brandão Xavier,(51) 92374-5251,particular,MED03,2025-10-28 12:05,2025-11-05 13:30,REALIZADA
AG00909,PAC0051,Tânia Pinto Rezende,51969124332,convenio,MED01,2025-10-28 13:05,2025-10-29 11:30,Realizada
AG00910,PAC0049,Marcos Xavier Marques,51940355702,convenio,MED03,2025-10-28 14:12,2025-11-03 13:00,REALIZADA
AG00911,PAC0157,Isabela Peixoto Lopes,51933483757,convenio,MED04,2025-10-28 15:05,29/10/2025 10:00,Realizada
AG00912,PAC0088,Beatriz Rezende Rocha,(53) 91979-7265,particular,MED02,2025-10-28 15:05,2025-12-11 15:00,realizada
AG00913,PAC0235,Caio Ramos Macedo,(51) 99887-7612,particular,MED01,2025-10-28 15:55,2025-11-26 09:30,falta
AG00914,PAC0162,Daniel Aguiar Lima,(51) 93357-2645,particular,MED01,2025-10-28 16:00,2025-11-03 10:00,realizada
AG00915,PAC0171,Fábio Gonçalves Macedo,+55 51 919138398,convenio,MED01,2025-10-28 17:00,2025-11-10 08:00,FALTA
AG00916,PAC0224,Márcio Marques Borges,(53) 90872-5646,convênio,MED04,2025-10-28 17:20,2025-11-13 08:30,falta
AG00917,PAC0301,Sérgio Sales Batista,+55 53 955389383,convenio,MED06,2025-10-28 17:33,2025-12-02 09:00,falta
AG00918,PAC0076,Lucas Lorenzi Cavalcanti,(54) 99861-1609,particular,MED01,2025-10-28 17:48,07/11/2025 15:00,realizada
AG00919,PAC0054,Cristina Correia Pinto,(54) 94326-3725,convenio,MED06,2025-10-29 08:20,2025-10-30 08:00,REALIZADA
AG00920,PAC0158,Diego Viana Souza,(51) 91172-2760,convenio,MED06,2025-10-29 08:33,2025-10-30 09:00,realizada
AG00921,PAC0029,Caio Souza Rodrigues,(51) 93841-1283,convenio,MED02,2025-10-29 08:33,2025-11-11 16:00,realizada
AG00922,PAC0184,Tânia Santos Carvalho,51916335247,particular,MED02,2025-10-29 08:33,2025-11-13 08:30,falta
AG00923,PAC0215,Letícia Müller Miranda,51982593554,convenio,MED01,2025-10-29 09:00,2025-11-12 07:00,realizada
AG00924,PAC0252,Patrícia Sales Almeida,+55 51 976043292,convenio,MED03,2025-10-29 09:12,2025-11-19 15:00,cancelada_paciente
AG00925,PAC0087,Murilo Bittencourt Carvalho,51906332369,convenio,MED05,2025-10-29 09:20,2025-10-30 15:30,atendido
AG00926,PAC0147,Ricardo Carvalho Teixeira,(53) 92099-0039,Particular,MED05,2025-10-29 09:20,2025-11-04 16:00,Realizada
AG00927,PAC0192,Gabriel Soares Müller,(54) 96672-6448,particular,MED05,2025-10-29 09:33,04/11/2025 16:30,falta
AG00928,PAC0109,Jéssica Rodrigues Teixeira,+55 51 918108952,CONVENIO,MED04,2025-10-29 09:41,2025-10-29 11:30,realizada
AG00929,PAC0135,Viviane Souza Prado,,convenio,MED05,2025-10-29 10:46,2025-10-29 14:30,atendido
AG00930,PAC0189,João Becker Borges,92286,convenio,MED04,29/10/2025 10:55,2025-11-04 10:00,realizada
AG00931,PAC0075,Luiza Costa Souza,51940709045,particular,MED03,29/10/2025 10:55,2025-11-10 17:00,realizada
AG00932,PAC0208,Caio Santos Costa,+55 53 990845581,CONVENIO,MED06,2025-10-29 11:05,2025-11-06 11:30,falta
AG00933,PAC0119,Samuel Nunes Reis,,convenio,MED04,2025-10-29 11:48,2025-12-12 10:00,REALIZADA
AG00934,PAC0009,Isabela Souza Aguiar,53909669091,particular,MED01,2025-10-29 11:55,2025-10-31 15:00,Realizada
AG00935,PAC0037,Cristina Viana Queiroz,(51) 90307-5736,convenio,MED01,2025-10-29 12:12,2025-11-07 14:00,realizada
AG00936,PAC0137,Bianca Santos Campos,51904467571,particular,MED05,2025-10-29 12:12,2025-11-19 16:00,realizada
AG00937,PAC0204,Vitor Pinto Tavares,+55 51 986192699,convenio,MED05,2025-10-29 12:55,2025-11-25 17:00,realizada
AG00938,PAC0255,Tania Rodrigues Araujo,(51) 92877-8385,CONVENIO,MED03,2025-10-29 13:12,2025-12-08 15:00,realizada
AG00939,PAC0327,Simone Hoffmann Fernandes,+55 54 945806949,particular,MED03,2025-10-29 14:00,10/12/2025 13:00,no_show
AG00940,PAC0136,Paulo Marques Duarte,+55 51 970089778,convenio,MED04,2025-10-29 14:20,2025-12-03 11:30,falta
AG00941,PAC0134,Thiago Souza Xavier,+55 51 982189018,particular,MED06,2025-10-29 14:48,11/11/2025 09:00,faltou
AG00942,PAC0075,Luiza Costa Souza,51940709045,Particular,MED05,29/10/2025 15:05,2025-11-13 15:30,no_show
AG00943,PAC0147,Ricardo Carvalho Teixeira,(53) 92099-0039,particular,MED05,2025-10-29 15:33,2025-11-19 14:00,faltou
AG00944,PAC0214,Gustavo Moreira Batista,(51) 90353-3899,particular,MED04,2025-10-29 15:41,2025-12-09 10:30,realizada
AG00945,PAC0132,Cláudia Souza Nascimento,(51) 98903-9821,particular,MED04,2025-10-29 16:48,2025-11-10 09:30,Realizada
AG00946,PAC0101,César Almeida Campos,(54) 95435-8456,particular,MED02,2025-10-29 16:48,2025-11-11 17:30,realizada
AG00947,PAC0017,José Rezende Ferreira,(53) 96891-7121,particular,MED03,2025-10-29 16:55,2025-11-07 11:00,FALTA
AG00948,PAC0194,Gabriel Miranda Weber,+55 51 956700171,Convênio,MED04,29/10/2025 17:12,2025-11-05 08:00,faltou
AG00949,PAC0029,Caio Souza Rodrigues,(51) 93841-1283,Convênio,MED04,2025-10-29 17:41,2025-11-11 09:30,realizada
AG00950,PAC0092,Maria Fernandes Pinto,(51) 90949-2947,convenio,MED06,2025-10-30 08:05,2025-10-30 10:00,realizada
AG00951,PAC0065,Aline Barbosa Pinto,51907069182,convenio,MED01,2025-10-30 08:12,2025-10-31 16:30,Realizada
AG00952,PAC0033,Caio Lima Zanella,53948151415,convenio,MED03,2025-10-30 08:55,2025-11-12 16:00,no_show
AG00953,PAC0072,Rafael Teixeira Fonseca,,particular,MED05,30/10/2025 09:41,2025-11-12 16:30,realizada
AG00954,PAC0099,Arthur Zanella Borges,(51) 94316-0876,convenio,MED02,30/10/2025 09:48,30/10/2025 15:00,realizada
AG00955,PAC0259,Vitor Correia Queiroz,53934058645,convenio,MED01,2025-10-30 10:12,2025-11-21 15:00,cancelada_paciente
AG00956,PAC0180,Jéssica Gomes Siqueira,(54) 91118-2098,particular,MED06,2025-10-30 10:41,2025-11-12 17:00,atendido
AG00957,PAC0116,Leandro Becker Marques,51920146861,particular,MED04,2025-10-30 11:00,07/11/2025 08:30,Realizada
AG00958,PAC0023,Eduardo Miranda Fernandes,(51) 98562-6321,convenio,MED02,2025-10-30 11:00,2025-11-11 10:00,realizada
AG00959,PAC0131,Daniel Dias Barbosa,51972616925,Convênio,MED04,2025-10-30 11:05,2025-11-10 11:30,realizada
AG00960,PAC0055,Patrícia Prado Teixeira,51975702934,CONVENIO,MED04,2025-10-30 11:50,2025-10-31 10:00,Realizada
AG00961,PAC0051,Tânia Pinto Rezende,51969124332,Convênio,MED02,2025-10-30 12:00,2025-11-06 11:30,atendido
AG00962,PAC0193,Rafael Andrade Ferreira,(51) 96136-9012,convenio,MED03,2025-10-30 12:48,2025-11-10 17:30,REALIZADA
AG00963,PAC0241,José Andrade Vieira,(51) 96462-9066,particular,MED02,2025-10-30 13:20,2025-11-18 09:30,Realizada
AG00964,PAC0184,Tânia Santos Carvalho,51916335247,particular,MED06,2025-10-30 13:48,2025-11-05 16:00,faltou
AG00965,PAC0063,Vitor Xavier Lopes,54972055015,particular,MED05,2025-10-30 14:33,2025-11-05 14:30,faltou
AG00966,PAC0185,Gabriel Carvalho Nunes,+55 51 941741132,convenio,MED01,2025-10-30 14:55,2025-11-10 07:00,realizada
AG00967,PAC0024,Cristina Sales Aguiar,(51) 91690-1913,convenio,MED04,30/10/2025 15:00,11/11/2025 11:30,atendido
AG00968,PAC0136,Paulo Marques Duarte,+55 51 970089778,convenio,MED01,2025-10-30 15:10,2025-10-31 13:30,realizada
AG00969,PAC0086,Luiza Costa Santana,+55 53 917497258,convenio,MED05,2025-10-30 15:48,12/11/2025 14:30,realizada
AG00970,PAC0132,Cláudia Souza Nascimento,(51) 98903-9821,particular,MED05,2025-10-30 16:05,2025-12-04 14:30,realizada
AG00971,PAC0171,Fábio Gonçalves Macedo,+55 51 919138398,convenio,MED04,2025-10-30 16:12,2025-11-03 09:30,desmarcou
AG00972,PAC0053,Fabiana Bezerra Siqueira,(54) 98288-4576,CONVENIO,MED04,2025-10-30 16:12,04/11/2025 11:30,realizada
AG00973,PAC0075,Luiza Costa Souza,51940709045,particular,MED03,30/10/2025 16:33,10/11/2025 16:30,realizada
AG00974,PAC0214,Gustavo Moreira Batista,(51) 90353-3899,PARTICULAR,MED02,2025-10-30 16:33,2025-11-11 10:30,realizada
AG00975,PAC0206,Thiago Queiroz Zanella,(53) 97519-4745,convenio,MED05,2025-10-31 09:05,2025-11-06 14:30,desmarcou
AG00976,PAC0109,Jéssica Rodrigues Teixeira,+55 51 918108952,convenio,MED04,2025-10-31 09:48,2025-11-06 09:30,atendido
AG00977,PAC0177,Henrique Cavalcanti Prado,(51) 99505-1131,convenio,MED01,2025-10-31 10:05,2025-12-01 07:00,falta
AG00978,PAC0104,Natália Hofmann Dias,92916,convenio,MED04,2025-10-31 10:33,2025-11-07 09:30,realizada
AG00979,PAC0175,Jéssica Ramos Menezes,+55 53 941425285,particular,MED03,2025-10-31 10:43,2025-10-31 11:30,realizada
AG00980,PAC0308,Tatiane Alves Brandão,(51) 93232-6883,particular,MED05,2025-10-31 11:00,10/12/2025 17:30,no_show
AG00981,PAC0106,Bianca Mendes Bezerra,(51) 97292-7284,convenio,MED01,2025-10-31 11:33,2025-11-12 11:00,realizada
AG00982,PAC0258,Lucas Souza Santos,51979169994,particular,MED01,31/10/2025 11:41,2025-11-21 14:00,realizada
AG00983,PAC0243,Carla Costa Marques,+55 53 993331080,convenio,MED04,2025-10-31 12:20,2025-11-24 11:00,faltou
AG00984,PAC0289,Gabriel Aguiar Carvalho,54984298548,particular,MED04,2025-10-31 12:41,2025-11-28 09:30,ausente
AG00985,PAC0114,Daniel Rodrigues Queiroz,(54) 94891-7895,convenio,MED02,31/10/2025 12:55,2025-12-09 08:30,realizada
AG00986,PAC0022,Samuel Farias Pires,54939218051,particular,MED01,2025-10-31 13:12,2025-11-03 11:30,falta
AG00987,PAC0018,Rodrigo Oliveira Rodrigues,(51) 92304-5539,convenio,MED03,2025-10-31 13:41,2025-11-07 11:30,cancelado pelo paciente
AG00988,PAC0204,Vitor Pinto Tavares,+55 51 986192699,convenio,MED04,2025-10-31 13:48,2025-11-06 08:30,realizada
AG00989,PAC0066,Eduardo Monteiro Reis,53986799759,convenio,MED03,2025-10-31 14:33,2025-11-03 15:30,realizada
AG00990,PAC0012,Pedro Moura Tomasi,(51) 94954-9026,PARTICULAR,MED01,2025-10-31 15:05,2025-11-14 14:30,realizada
AG00991,PAC0018,Rodrigo Oliveira Rodrigues,(51) 92304-5539,Convênio,MED04,2025-10-31 15:33,2025-11-07 10:30,falta
AG00992,PAC0195,Fernando Bezerra Freitas,(54) 97553-3852,particular,MED01,31/10/2025 15:48,2025-12-15 11:00,REALIZADA
AG00993,PAC0076,Lucas Lorenzi Cavalcanti,(54) 99861-1609,particular,MED01,31/10/2025 16:20,2025-11-03 09:30,FALTA
AG00994,PAC0052,Daniel Araújo Coelho,(51) 98488-8292,particular,MED02,2025-10-31 17:48,2025-11-13 08:00,faltou
AG00995,PAC0178,Felipe Pires Reis,54996725726,particular,MED01,2025-10-31 17:55,2025-11-03 08:30,realizada
AG00996,PAC0037,Cristina Viana Queiroz,(51) 90307-5736,convenio,MED04,2025-11-03 08:00,06/11/2025 11:30,realizada
AG00997,PAC0099,Arthur Zanella Borges,(51) 94316-0876,convenio,MED04,2025-11-03 08:20,2025-11-07 08:00,realizada
AG00998,PAC0212,Roberto Müller Rodrigues,+55 51 916328803,Convênio,MED03,2025-11-03 08:20,17/11/2025 16:00,realizada
AG00999,PAC0244,Cláudia Schmidt Fernandes,53931902814,Convênio,MED04,2025-11-03 08:55,19/11/2025 08:00,falta
AG01000,PAC0085,Emerson Reis Macedo,51972488125,convenio,MED02,2025-11-03 08:55,27/11/2025 09:00,realizada
AG01001,PAC0146,Júlia Moreira Souza,(51) 93874-9982,particular,MED01,2025-11-03 09:12,2025-11-17 11:00,falta
AG01002,PAC0140,Lucas Ramos Silva,+55 51 983709241,particular,MED04,2025-11-03 09:20,2025-11-03 10:00,realizada
AG01003,PAC0055,Patrícia Prado Teixeira,51975702934,Convênio,MED02,03/11/2025 09:48,2025-12-09 16:00,Realizada
AG01004,PAC0193,Rafael Andrade Ferreira,(51) 96136-9012,convênio,MED03,2025-11-03 10:50,2025-11-05 14:00,REALIZADA
AG01005,PAC0174,Leandro Lopes Costa,+55 51 940373326,convenio,MED02,2025-11-03 11:12,2025-11-04 15:00,FALTA
AG01006,PAC0183,Renata Nascimento Santana,(51) 98027-7698,convenio,MED03,2025-11-03 11:51,2025-11-03 17:00,atendido
AG01007,PAC0050,Patrícia Correia Brandão,54912341342,convenio,MED03,2025-11-03 12:05,2025-11-05 14:30,falta
AG01008,PAC0152,Jéssica Pinto Zanella,(51) 93054-2542,convenio,MED06,03/11/2025 12:41,2025-11-04 10:30,realizada
AG01009,PAC0223,Mateus Pinto Brandão,(51) 94221-4969,convenio,MED04,2025-11-03 12:41,2025-11-13 08:00,realizada
AG01010,PAC0266,Henrique Mendes Peixoto,(51) 98097-1858,convenio,MED01,2025-11-03 12:48,2025-12-03 09:00,FALTA
AG01011,PAC0007,Juliana Soares Fretas,(54) 98991-4330,convenio,MED02,2025-11-03 13:41,2025-11-27 14:00,FALTA
AG01012,PAC0231,André Queiroz Lorenzi,+55 51 915555682,convenio,MED04,2025-11-03 14:05,2025-11-14 08:00,falta
AG01013,PAC0278,Otávio Marques Kuhn,(53) 97873-4085,convenio,MED04,2025-11-03 14:05,2025-11-26 11:30,realizada
AG01014,PAC0204,Vitor Pinto Tavares,+55 51 986192699,convenio,MED04,2025-11-03 14:33,2025-11-12 09:30,falta
AG01015,PAC0094,Fernando Nascimento Viana,51999977924,convenio,MED01,2025-11-03 14:41,2025-11-17 11:30,faltou
AG01016,PAC0131,Daniel Dias Barbosa,51972616925,convenio,MED01,2025-11-03 15:00,05/11/2025 09:30,realizada
AG01017,PAC0075,Luiza Costa Souza,51940709045,particular,MED04,03/11/2025 15:05,2025-11-13 09:30,falta
AG01018,PAC0041,Beatriz Soares Nascimento,93607,convenio,MED03,03/11/2025 15:33,10/11/2025 14:30,realizada
AG01019,PAC0095,Vanessa Dias Hoffmann,53934170837,particular,MED05,2025-11-03 15:55,2025-11-27 14:00,realizada
AG01020,PAC0208,Caio Santos Costa,+55 53 990845581,convenio,MED03,2025-11-03 16:48,2025-11-14 09:30,realizada
AG01021,PAC0228,Felipe Bertoldi Ramos,(51) 90044-8991,particular,MED03,2025-11-03 16:55,2025-11-17 15:00,falta
AG01022,PAC0147,Ricardo Carvalho Teixeira,(53) 92099-0039,particular,MED05,2025-11-03 17:00,2025-11-13 16:30,atendido
AG01023,PAC0088,Beatriz Rezende Rocha,(53) 91979-7265,Particular,MED01,03/11/2025 17:00,2025-11-24 11:00,Realizada
AG01024,PAC0254,Juliana Monteiro Dias,+55 53 932153346,particular,MED03,2025-11-03 17:05,2025-11-19 17:30,realizada
AG01025,PAC0009,Isabela Souza Aguiar,53909669091,particular,MED02,2025-11-03 17:33,2025-11-04 11:00,realizada
AG01026,PAC0129,Larissa Pereira Dias,(51) 93595-3803,convenio,MED04,2025-11-03 17:41,2025-11-04 11:00,REALIZADA
AG01027,PAC0029,Caio Souza Rodrigues,(51) 93841-1283,convenio,MED03,2025-11-03 17:55,2025-12-08 14:30,realizada
AG01028,PAC0190,Sérgio Ribeiro Xavier,+55 54 920720983,convenio,MED04,2025-11-04 08:21,2025-11-04 10:30,realizada
AG01029,PAC0183,Renata Nascimento Santana,(51) 98027-7698,convenio,MED01,2025-11-04 08:41,2025-11-05 11:30,realizada
AG01030,PAC0038,Aline Soares Costa,51949817719,convenio,MED05,2025-11-04 08:41,2025-11-11 14:00,falta
AG01031,PAC0071,Roberto Alves Xavier,(53) 93439-5365,particular,MED06,2025-11-04 08:48,2025-11-04 10:00,realizada
AG01032,PAC0354,Roberto Castro Monteiro,+55 53 965563215,particular,MED01,2025-11-04 09:00,2025-12-17 09:00,realizada
AG01033,PAC0188,Leonardo Gomes Guimarães,51988024838,Particular,MED02,2025-11-04 09:48,04/11/2025 10:30,realizada
AG01034,PAC0010,Rafael Coelho Oliveira,51917974054,convenio,MED01,04/11/2025 10:00,2025-11-12 09:00,realizada
AG01035,PAC0214,Gustavo Moreira Batista,(51) 90353-3899,particular,MED01,04/11/2025 10:00,2025-11-21 14:30,falta
AG01036,PAC0144,Simone Tavares Silva,(51) 94714-1641,convenio,MED06,2025-11-04 10:33,2025-11-06 08:30,Realizada
AG01037,PAC0065,Aline Barbosa Pinto,51907069182,Convênio,MED02,2025-11-04 10:41,2025-11-04 16:00,atendido
AG01038,PAC0170,CAIO NUNES SANTANA,+55 51 994753655,convenio,MED02,2025-11-04 10:51,2025-11-04 17:00,atendido
AG01039,PAC0028,Felipe Coelho Almeida,(53) 94895-4499,convenio,MED02,2025-11-04 11:00,2025-11-04 15:30,FALTA
AG01040,PAC0069,Sérgio Hoffmann Carvalho,+55 51 979759770,particular,MED05,2025-11-04 11:33,2025-11-06 15:30,realizada
AG01041,PAC0112,Rafael Becker Santana,+55 51 997116675,convenio,MED03,04/11/2025 11:41,2025-11-05 16:00,atendido
AG01042,PAC0202,Rodrigo Nunes Rodrigues,(51) 91862-9879,convenio,MED03,2025-11-04 12:05,2025-11-10 15:00,realizada
AG01043,PAC0165,Jéssica Rodrigues Tavares,(53) 97357-6178,convenio,MED05,2025-11-04 12:20,06/11/2025 15:00,realizada
AG01044,PAC0023,Eduardo Miranda Fernandes,(51) 98562-6321,CONVENIO,MED04,2025-11-04 12:33,2025-11-11 08:00,falta
AG01045,PAC0322,Aline Weber Xavier,(51) 92619-3072,particular,MED05,2025-11-04 13:41,2025-12-09 16:30,realizada
AG01046,PAC0200,Diego Ferreira Araújo,51922952546,convenio,MED05,2025-11-04 13:55,2025-11-05 15:00,realizada
AG01047,PAC0068,Vanessa Tomasi Queiroz,(53) 91051-3636,convenio,MED01,04/11/2025 13:57,2025-11-07 17:30,realizada
AG01048,PAC0190,Sérgio Ribeiro Xavier,+55 54 920720983,convenio,MED02,2025-11-04 14:00,2025-12-09 16:30,faltou
AG01049,PAC0168,Cristina Farias Müller,51992073539,convênio,MED03,2025-11-04 14:33,2025-12-01 14:30,cancelado clinica
AG01050,PAC0121,Helena Araújo Freitas,(54) 90376-5305,convenio,MED05,2025-11-04 14:41,2025-11-24 15:30,falta
AG01051,PAC0073,Márcio Mendes Bertoldi,(51) 98959-6065,convenio,MED02,2025-11-04 15:00,2025-12-11 08:00,realizada
AG01052,PAC0240,Fabiana Martins Weber,+55 51 959205241,particular,MED02,2025-11-04 15:20,18/11/2025 08:00,desmarcou
AG01053,PAC0074,Priscila Farias Zanella,54944868202,particular,MED06,2025-11-04 15:55,2025-11-12 14:00,falta
AG01054,PAC0154,Rodrigo Marques Nascimento,53982064389,Convênio,MED02,2025-11-04 15:55,16/12/2025 15:30,realizada
AG01055,PAC0117,Simone Dias Barbosa,51992737016,particular,MED04,2025-11-04 16:12,2025-11-10 10:30,realizada
AG01056,PAC0229,Thiago Batista Pinto,+55 51 946505959,particular,MED01,2025-11-04 16:12,2025-11-14 13:00,falta
AG01057,PAC0344,Luciana Duarte Andrade,51953130703,convenio,MED04,2025-11-04 16:12,2025-12-12 08:30,faltou
AG01058,PAC0112,Rafael Becker Santana,+55 51 997116675,convenio,MED02,2025-11-04 17:33,2025-12-16 16:30,realizada
AG01059,PAC0349,Débora Mendes Castro,(51) 90863-6168,particular,MED02,2025-11-04 17:41,2025-12-16 08:30,atendido
AG01060,PAC0203,Samuel Cardoso Pires,(54) 95205-1502,convenio,MED02,2025-11-04 17:48,2025-11-06 15:00,realizada
AG01061,PAC0040,Maria Marques Barbosa,(51) 96845-6814,convenio,MED01,2025-11-04 17:48,2025-11-07 14:30,realizada
AG01062,PAC0010,Rafael Coelho Oliveira,51917974054,Convênio,MED02,2025-11-05 08:00,2025-11-06 16:00,realizada
AG01063,PAC0237,Sérgio Carvalho Reis,(53) 91921-6641,particular,MED04,2025-11-05 08:00,2025-11-17 08:00,realizada
AG01064,PAC0197,Carolina Lorenzi Souza,(51) 94236-2099,convenio,MED04,2025-11-05 08:05,2025-11-05 10:00,realizada
AG01065,PAC0199,Aline Pereira Fernandes,+55 51 917035851,convenio,MED04,2025-11-05 08:12,2025-12-10 09:00,realizada
AG02159,PAC0281,Larissa Oliveira Bezerra,(54) 96796-3186,convenio,MED04,2026-01-05 11:41,2026-01-13 11:00,Realizada
AG01066,PAC0194,Gabriel Miranda Weber,+55 51 956700171,convenio,MED01,2025-11-05 08:41,2025-11-12 10:30,atendido
AG01067,PAC0093,João Bezerra Souza,+55 51 962059532,particular,MED06,2025-11-05 09:55,2025-11-05 17:30,realizada
AG01068,PAC0265,Júlia Duarte Kuhn,51955576440,convenio,MED04,2025-11-05 09:55,2025-12-09 10:00,realizada
AG01069,PAC0222,César Ramos Rodrigues,+55 51 978169928,convenio,MED02,2025-11-05 10:00,2025-11-13 17:30,realizada
AG01070,PAC0258,Lucas Souza Santos,51979169994,particular,MED01,2025-11-05 10:05,2025-12-01 07:30,falta
AG01071,PAC0272,Samuel Carvalho Moreira,(51) 91992-5592,convenio,MED02,2025-11-05 10:20,2025-11-25 16:30,realizada
AG01072,PAC0024,Cristina Sales Aguiar,(51) 91690-1913,CONVENIO,MED02,2025-11-05 10:55,18/11/2025 16:30,realizada
AG01073,PAC0062,Luciana Soares Lorenzi,(51) 96645-1918,convenio,MED06,2025-11-05 11:41,2025-11-05 17:00,REALIZADA
AG01074,PAC0305,Leandro Freitas Ferreira,(51) 93387-6106,particular,MED04,2025-11-05 11:48,2025-12-03 10:00,realizada
AG01075,PAC0153,João Brandão Xavier,(51) 92374-5251,particular,MED04,2025-11-05 12:12,2025-11-18 08:30,ausente
AG01076,PAC0251,Tania Ribeiro Cavalcanti,(51) 93341-6083,particular,MED01,2025-11-05 12:33,2025-11-19 10:00,desmarcou
AG01077,PAC0125,Roberto Zanella Viana,(53) 99681-4060,particular,MED06,05/11/2025 13:01,2025-11-05 14:00,atendido
AG01078,PAC0027,Viviane Vieira Ramos,(53) 91096-7130,convenio,MED05,2025-11-05 13:12,2025-11-26 14:30,realizada
AG01079,PAC0012,Pedro Moura Tomasi,(51) 94954-9026,particular,MED04,05/11/2025 13:12,2025-11-28 08:00,realizada
AG01080,PAC0087,Murilo Bittencourt Carvalho,51906332369,convênio,MED01,2025-11-05 13:20,2025-11-21 13:30,realizada
AG01081,PAC0030,Tatiane Campos Barbosa,(51) 92954-8265,convenio,MED03,2025-11-05 13:20,2025-11-28 09:30,realizada
AG01082,PAC0316,Eduardo Miranda Borges,+55 53 918951546,convenio,MED05,2025-11-05 13:20,08/12/2025 14:00,realizada
AG01083,PAC0250,José Miranda Marques,(51) 90498-8900,Particular,MED01,05/11/2025 13:41,2025-11-19 07:00,falta
AG01084,PAC0264,Roberto Pereira Santos,53946611931,particular,MED01,2025-11-05 13:41,2025-11-24 10:30,ausente
AG01085,PAC0017,José Rezende Ferreira,(53) 96891-7121,Particular,MED03,2025-11-05 13:55,2025-11-14 11:00,realizada
AG01086,PAC0061,Gustavo Siqueira Pires,(53) 96472-8115,convenio,MED01,2025-11-05 14:05,2025-11-10 09:30,falta
AG01087,PAC0099,Arthur Zanella Borges,(51) 94316-0876,convênio,MED05,2025-11-05 14:05,2025-11-18 17:30,realizada
AG01088,PAC0237,Sérgio Carvalho Reis,(53) 91921-6641,particular,MED05,2025-11-05 14:05,2025-12-08 17:30,realizada
AG01089,PAC0092,Maria Fernandes Pinto,(51) 90949-2947,convenio,MED04,2025-11-05 14:20,2025-11-07 11:00,realizada
AG01090,PAC0230,João Ribeiro Moreira,(51) 91971-1250,convenio,MED02,2025-11-05 14:20,2025-12-02 15:30,falta
AG01091,PAC0207,Murilo Reis Vieira,(53) 97026-9795,convenio,MED06,2025-11-05 14:48,2025-11-06 08:00,realizada
AG01092,PAC0143,Raquel Pereira Macedo,(54) 98269-0375,convênio,MED01,2025-11-05 16:20,2025-11-10 11:30,cancelado clinica
AG01093,PAC0158,Diego Viana Souza,(51) 91172-2760,convenio,MED02,05/11/2025 16:20,2025-11-11 09:30,realizada
AG01094,PAC0087,Murilo Bittencourt Carvalho,51906332369,Convênio,MED05,2025-11-05 17:08,2025-11-06 14:30,realizada
AG01095,PAC0263,Sônia Rocha Sales,51953982284,CONVENIO,MED01,2025-11-05 17:12,2025-11-24 09:30,Realizada
AG01096,PAC0224,Márcio Marques Borges,(53) 90872-5646,convenio,MED02,2025-11-05 17:20,2025-11-18 16:00,falta
AG01097,PAC0196,Carla Lorenzi Silva,(54) 90336-6604,particular,MED06,2025-11-05 17:33,2025-12-17 15:00,faltou
AG01098,PAC0111,Tatiane Andrade Barbosa,+55 51 920305986,particular,MED01,2025-11-05 17:48,2025-11-24 10:00,realizada
AG01099,PAC0227,Diego Sales Coelho,(53) 99785-9132,particular,MED06,2025-11-05 17:55,2025-11-13 10:00,realizada
AG01100,PAC0199,Aline Pereira Fernandes,+55 51 917035851,convenio,MED01,2025-11-06 08:00,2025-11-10 10:00,faltou
AG01101,PAC0249,Fabiana Bezerra Costa,(51) 95667-5146,particular,MED01,2025-11-06 08:05,15/12/2025 07:30,realizada
AG01102,PAC0056,Juliana Weber Brandão,+55 51 936962963,convenio,MED02,2025-11-06 08:12,2025-11-11 14:00,atendido
AG01103,PAC0077,Elaine Becker Santana,+55 51 905469242,convenio,MED03,06/11/2025 08:12,2025-11-17 15:30,realizada
AG01104,PAC0234,Eduardo Coelho Santos,51992689273,convenio,MED01,2025-11-06 08:55,2025-11-17 09:00,faltou
AG01105,PAC0209,Gustavo Pereira Aguiar,51958609952,particular,MED01,2025-11-06 09:05,2025-11-07 13:00,confirmada
AG01106,PAC0221,Ricardo Teixeira Xavier,+55 51 998070844,Convênio,MED05,2025-11-06 09:12,2025-11-18 17:00,cancelada_clinica
AG01107,PAC0126,Luiza Soares Kuhn,51931656299,Convênio,MED04,2025-11-06 09:12,2025-12-02 11:30,realizada
AG01108,PAC0130,Débora Becker Correia,(54) 91064-5965,particular,MED01,2025-11-06 09:33,10/11/2025 09:00,atendido
AG01109,PAC0184,Tânia Santos Carvalho,51916335247,particular,MED01,2025-11-06 09:48,2025-11-19 11:30,FALTA
AG01110,PAC0107,Otávio Aguiar Xavier,(51) 91651-8979,convenio,MED03,2025-11-06 10:08,07/11/2025 11:30,realizada
AG01111,PAC0117,Simone Dias Barbosa,51992737016,particular,MED06,2025-11-06 10:12,2025-11-27 10:30,realizada
AG01112,PAC0226,Luciana Bezerra Castro,,convenio,MED05,2025-11-06 10:33,2025-12-10 15:30,no_show
AG01113,PAC0219,Otávio Miranda Pinto,(54) 96002-1930,convenio,MED01,2025-11-06 11:05,08/12/2025 07:30,faltou
AG01114,PAC0187,Pedro Araújo Cavalcanti,+55 51 971188841,particular,MED05,2025-11-06 11:12,2025-11-13 14:30,cancelado pelo paciente
AG06801,PAC1485,Thiago Prado Cardoso,51954678678,convenio,MED02,2026-09-01 11:41,08/09/2026 11:00,atendido
AG01115,PAC0015,Pedro Brandão Batista,(53) 96470-3160,particular,MED05,2025-11-06 12:55,2025-11-27 14:30,Realizada
AG01116,PAC0203,Samuel Cardoso Pires,(54) 95205-1502,convenio,MED01,2025-11-06 13:00,2025-11-14 15:30,falta
AG01117,PAC0210,Emerson Rocha Prado,(51) 92366-5789,CONVENIO,MED05,06/11/2025 13:00,2025-11-17 15:00,atendido
AG01118,PAC0241,José Andrade Vieira,(51) 96462-9066,particular,MED04,2025-11-06 13:00,2025-11-26 09:00,Realizada
AG01119,PAC0003,Camila Miranda Carvalho,51961003307,convenio,MED05,2025-11-06 13:33,2025-11-17 14:30,faltou
AG01120,PAC0280,Gabriel Araújo Bertoldi,53975049194,particular,MED04,06/11/2025 14:00,2025-12-22 09:00,realizada
AG01121,PAC0221,Ricardo Teixeira Xavier,+55 51 998070844,convenio,MED02,06/11/2025 14:20,2025-11-13 10:00,realizada
AG01122,PAC0286,Murilo Borges Siqueira,(51) 97367-8015,particular,MED05,2025-11-06 14:48,2025-12-10 16:30,no_show
AG01123,PAC0222,César Ramos Rodrigues,+55 51 978169928,convenio,MED06,2025-11-06 14:55,18/11/2025 09:30,REALIZADA
AG01124,PAC0335,Igor Prado Siqueira,(53) 96937-9487,CONVENIO,MED06,2025-11-06 15:05,2025-12-10 14:00,realizada
AG01125,PAC0139,Roberto Teixeira Monteiro,(51) 94905-0474,convenio,MED01,2025-11-06 15:12,2025-11-17 10:00,ausente
AG01126,PAC0162,Daniel Aguiar Lima,(51) 93357-2645,particular,MED04,2025-11-06 15:41,17/11/2025 11:30,realizada
AG01127,PAC0100,Wagner Gomes Siqueira,+55 51 970125392,convenio,MED05,2025-11-06 15:48,2025-12-01 16:00,realizada
AG01128,PAC0215,Letícia Müller Miranda,51982593554,convenio,MED04,2025-11-06 16:05,2025-12-09 08:00,realizada
AG01129,PAC0242,Henrique Rodrigues Ferreira,(51) 94312-2975,convenio,MED04,2025-11-06 16:48,2025-11-18 09:30,realizada
AG01130,PAC0228,Felipe Bertoldi Ramos,(51) 90044-8991,particular,MED05,2025-11-06 17:41,2025-11-18 15:30,realizada
AG01131,PAC0235,Caio Ramos Macedo,(51) 99887-7612,particular,MED01,2025-11-07 08:05,2025-11-17 09:30,falta
AG01132,PAC0037,Cristina Viana Queiroz,(51) 90307-5736,convenio,MED01,2025-11-07 08:05,22/12/2025 10:30,realizada
AG01133,PAC0191,Jéssica Xavier Borges,54972294445,convenio,MED06,2025-11-07 08:12,13/11/2025 11:30,realizada
AG01134,PAC0173,Lucas Bertoldi Pires,+55 51 957675179,particular,MED01,2025-11-07 08:33,2025-11-07 16:30,falta
AG01135,PAC0058,Paulo Lima Farias,(51) 98437-6481,particular,MED05,2025-11-07 08:41,13/11/2025 17:00,realizada
AG01136,PAC0152,Jéssica Pinto Zanella,(51) 93054-2542,Convênio,MED04,2025-11-07 08:48,2025-11-12 09:00,realizada
AG01137,PAC0210,Emerson Rocha Prado,(51) 92366-5789,Convênio,MED04,2025-11-07 09:05,2025-11-07 10:00,Realizada
AG01138,PAC0147,Ricardo Carvalho Teixeira,(53) 92099-0039,particular,MED04,2025-11-07 09:05,2025-11-12 08:00,atendido
AG01139,PAC0035,Débora Marques Campos,54984407414,convenio,MED05,2025-11-07 10:00,2025-12-22 14:30,realizada
AG01140,PAC0245,Juliana Bezerra Duarte,54992501078,Particular,MED01,2025-11-07 10:05,2025-11-19 07:30,no_show
AG01141,PAC0115,Carla Souza Lopes,(51) 93283-0302,particular,MED05,07/11/2025 10:33,2025-11-13 16:00,realizada
AG01142,PAC0276,Diego Cardoso Queiroz,(54) 92321-5421,particular,MED01,2025-11-07 10:33,2025-11-26 11:30,falta
AG01143,PAC0248,Cristina Pinto Santos,(51) 92292-6093,convenio,MED06,07/11/2025 10:55,2025-11-18 08:00,realizada
AG01144,PAC0249,Fabiana Bezerra Costa,(51) 95667-5146,particular,MED06,2025-11-07 11:33,2025-11-18 11:30,realizada
AG01145,PAC0080,Alexandre Lopes Pires,(51) 96893-0854,convenio,MED06,2025-11-07 12:00,2025-12-17 14:30,REALIZADA
AG01146,PAC0175,Jéssica Ramos Menezes,+55 53 941425285,particular,MED05,2025-11-07 12:05,2025-11-10 17:00,realizada
AG01147,PAC0194,Gabriel Miranda Weber,+55 51 956700171,convenio,MED02,2025-11-07 12:05,2025-12-04 17:30,atendido
AG01148,PAC0164,Natália Nunes Nascimento,51974592966,convenio,MED04,2025-11-07 12:28,2025-11-10 10:00,realizada
AG01149,PAC0134,Thiago Souza Xavier,+55 51 982189018,particular,MED03,2025-11-07 12:48,2025-11-10 13:00,realizada
AG01150,PAC0209,Gustavo Pereira Aguiar,51958609952,particular,MED03,2025-11-07 12:48,2025-11-10 14:00,realizada
AG01151,PAC0103,Natália Marques Santos,+55 51 976030999,convenio,MED01,2025-11-07 14:16,2025-11-07 16:30,realizada
AG01152,PAC0030,Tatiane Campos Barbosa,(51) 92954-8265,convenio,MED01,2025-11-07 14:20,07/11/2025 16:00,
AG01153,PAC0094,Fernando Nascimento Viana,51999977924,convenio,MED03,2025-11-07 14:20,2025-11-24 16:30,falta
AG01154,PAC0155,César Peixoto Moreira,51959800742,convenio,MED02,2025-11-07 15:05,2025-12-02 16:30,cancelado
AG01155,PAC0277,Murilo Nascimento Becker,(51) 99703-2481,convenio,MED01,2025-11-07 15:05,03/12/2025 09:30,realizada
AG01156,PAC0047,Raquel Ramos Prado,+55 54 907183846,particular,MED02,07/11/2025 16:55,2025-11-18 09:00,realizada
AG01157,PAC0222,César Ramos Rodrigues,+55 51 978169928,convênio,MED04,2025-11-07 17:00,2025-12-09 11:00,realizada
AG01158,PAC0191,Jéssica Xavier Borges,54972294445,convenio,MED02,2025-11-07 17:41,2025-11-18 15:30,Realizada
AG01159,PAC0201,Cristina Marques Bertoldi,(53) 93697-2429,convenio,MED05,2025-11-07 17:48,2025-11-11 17:30,desmarcou
AG01160,PAC0203,Samuel Cardoso Pires,(54) 95205-1502,Convênio,MED05,2025-11-10 09:00,2025-11-10 17:30,Realizada
AG01161,PAC0139,Roberto Teixeira Monteiro,(51) 94905-0474,convenio,MED04,2025-11-10 09:05,2025-11-11 09:00,realizada
AG01162,PAC0202,Rodrigo Nunes Rodrigues,(51) 91862-9879,convenio,MED04,2025-11-10 09:05,2025-11-11 10:30,falta
AG01163,PAC0280,Gabriel Araújo Bertoldi,53975049194,particular,MED03,10/11/2025 09:33,2025-12-24 16:00,FALTA
AG01164,PAC0091,Murilo Martins Santana,(54) 91396-4088,convenio,MED03,2025-11-10 09:41,2025-11-21 10:30,realizada
AG01165,PAC0199,Aline Pereira Fernandes,+55 51 917035851,convenio,MED01,10/11/2025 10:24,2025-11-10 11:30,realizada
AG01166,PAC0179,Fabiana Xavier Carvalho,(51) 91659-2857,convenio,MED04,2025-11-10 11:00,2025-12-23 10:00,cancelado
AG01167,PAC0104,Natália Hoffmann Dias,92916,convenio,MED04,2025-11-10 11:05,2025-11-13 11:00,realizada
AG01168,PAC0250,José Miranda Marques,(51) 90498-8900,particular,MED03,2025-11-10 11:12,08/12/2025 16:30,falta
AG01169,PAC0045,Henrique Macedo Rodrigues,(51) 98619-6258,Particular,MED06,2025-11-10 11:33,2025-12-02 10:30,falta
AG01170,PAC0310,Priscila Siqueira Mendes,+55 51 909096391,particular,MED06,2025-11-10 12:20,2025-12-04 10:00,falta
AG01171,PAC0114,Daniel Rodrigues Queiroz,(54) 94891-7895,convenio,MED05,10/11/2025 12:48,2025-12-24 16:30,falta
AG01172,PAC0295,Pedro Hoffmann Macedo,(51) 91923-2674,convenio,MED05,10/11/2025 13:12,2025-12-16 17:30,ausente
AG01173,PAC0056,Juliana Weber Brandão,+55 51 936962963,convenio,MED06,2025-11-10 13:33,2025-11-12 16:30,Realizada
AG01174,PAC0107,Otávio Aguiar Xavier,(51) 91651-8979,convenio,MED05,2025-11-10 14:33,2025-11-17 17:30,faltou
AG01175,PAC0216,Tânia Freitas Mendes,(54) 96623-4537,convenio,MED04,2025-11-10 15:20,2025-11-12 10:30,realizada
AG01176,PAC0297,Pedro Teixeira Gomes,51904059895,convenio,MED02,2025-11-10 16:00,2025-12-09 15:00,ausente
AG01177,PAC0313,Débora Costa Sales,(53) 97622-9367,convenio,MED01,2025-11-10 16:05,08/12/2025 07:00,faltou
AG01178,PAC0225,Rodrigo Farias Brandão,+55 51 962322121,particular,MED05,2025-11-10 16:10,2025-11-13 14:30,atendido
AG01179,PAC0183,Renata Nascimento Santana,(51) 98027-7698,convenio,MED06,2025-11-10 17:05,2025-11-11 08:00,realizada
AG01180,PAC0213,Tatiane Farias Pinto,54914807463,convenio,MED02,2025-11-11 08:11,2025-11-11 09:00,realizada
AG01181,PAC0095,Vanessa Dias Hoffmann,53934170837,particular,MED05,2025-11-11 08:12,2025-12-15 14:00,faltou
AG01182,PAC0094,Fernando Nascimento Viana,51999977924,convenio,MED04,2025-11-11 08:16,2025-11-11 11:00,atendido
AG01183,PAC0076,Lucas Lorenzi Cavalcanti,(54) 99861-1609,particular,MED03,2025-11-11 08:41,17/11/2025 14:30,atendido
AG01184,PAC0056,Juliana Weber Brandão,+55 51 936962963,convenio,MED01,2025-11-11 11:05,01/12/2025 10:00,falta
AG01185,PAC0135,Viviane Souza Prado,,convênio,MED03,2025-11-11 13:05,2025-12-10 15:00,Realizada
AG01186,PAC0091,Murilo Martins Santana,(54) 91396-4088,convênio,MED04,2025-11-11 13:20,2025-12-19 09:00,realizada
AG01187,PAC0071,Roberto Alves Xavier,(53) 93439-5365,particular,MED01,2025-11-11 13:20,2025-12-22 07:30,falta
AG01188,PAC0066,Eduardo Monteiro Reis,53986799759,convenio,MED04,11/11/2025 13:55,2025-11-25 08:00,REALIZADA
AG01189,PAC0189,João Becker Borges,92286,convenio,MED02,2025-11-11 14:20,2025-11-13 16:00,REALIZADA
AG01190,PAC0218,Patrícia Campos Tomasi,53991528676,particular,MED05,2025-11-11 14:48,2025-11-12 16:00,realizada
AG01191,PAC0128,Aline Oliveira Queiroz,(54) 99381-1787,convenio,MED03,2025-11-11 14:55,2025-11-12 17:00,realizada
AG01192,PAC0301,Sérgio Sales Batista,+55 53 955389383,convenio,MED01,2025-11-11 15:05,2025-12-15 08:30,realizada
AG01193,PAC0077,Elaine Becker Santana,+55 51 905469242,convenio,MED04,2025-11-11 15:12,2025-11-25 08:30,atendido
AG01194,PAC0253,Natália Alves Prado,53933448153,convenio,MED06,2025-11-11 15:33,2025-12-02 11:00,atendido
AG01195,PAC0010,Rafael Coelho Oliveira,51917974054,convenio,MED01,2025-11-11 16:41,2025-11-17 10:30,realizada
AG01196,PAC0041,Beatriz Soares Nascimento,93607,convenio,MED05,2025-11-11 16:52,2025-11-11 17:30,Realizada
AG01197,PAC0273,Gisele Pinto Rocha,(53) 98330-4304,particular,MED03,2025-11-11 17:55,2025-12-17 16:00,cancelado
AG01198,PAC0214,Gustavo Moreira Batista,(51) 90353-3899,particular,MED04,2025-11-12 08:55,2025-12-15 11:00,faltou
AG01199,PAC0122,Luiza Reis Becker,(54) 96239-4809,Convênio,MED01,12/11/2025 09:00,12/11/2025 09:30,realizada
AG01200,PAC0271,Marcos Weber Rezende,53957925052,Convênio,MED04,2025-11-12 09:00,2025-12-01 09:30,realizada
AG01201,PAC0267,Júlia Guimarães Bertoldi,(54) 99800-7067,particular,MED05,2025-11-12 09:41,24/11/2025 14:30,falta
AG01202,PAC0164,Natália Nunes Nascimento,51974592966,convenio,MED02,2025-11-12 09:41,2025-11-27 08:00,cancelada_clinica
AG01203,PAC0296,Gisele Xavier Pinto,(54) 95796-1074,particular,MED02,2025-11-12 10:12,2025-12-02 09:00,faltou
AG01204,PAC0287,Luiza Sles Aguiar,51939329300,Particular,MED01,2025-11-12 10:41,2025-11-28 17:30,falta
AG01205,PAC0217,Gustavo Carvalho Bertoldi,51936994625,convenio,MED04,2025-11-12 10:46,2025-11-12 11:30,realizada
AG01206,PAC0239,Juliana Araújo Borges,+55 51 972838019,convenio,MED05,2025-11-12 11:05,2025-11-17 14:00,realizada
AG01207,PAC0312,Fernando Ferreira Mendes,54984242044,convenio,MED04,2025-11-12 12:00,2025-12-05 08:00,realizada
AG01208,PAC0109,Jéssica Rodrigues Teixeira,+55 51 918108952,convenio,MED05,2025-11-12 12:12,2025-11-17 15:30,realizada
AG01209,PAC0339,Fábio Siqueira Müller,(51) 98536-0434,Particular,MED05,2025-11-12 12:55,2025-12-11 14:00,falta
AG01210,PAC0017,José Rezende Ferreira,(53) 96891-7121,particular,MED04,2025-11-12 13:00,2025-11-17 11:00,atendido
AG01211,PAC0155,César Peixoto Moreira,51959800742,convenio,MED04,2025-11-12 13:05,2025-12-19 11:00,FALTA
AG01212,PAC0062,Luciana Soares Lorenzi,(51) 96645-1918,convênio,MED06,2025-11-12 13:20,2025-11-26 14:00,realizada
AG01213,PAC0061,Gustavo Siqueira Pires,(53) 96472-8115,Convênio,MED03,2025-11-12 13:33,2025-11-14 08:30,realizada
AG01214,PAC0089,Emerson Gomes Coelho,51982389020,particular,MED05,2025-11-12 13:48,2025-11-17 16:30,realizada
AG01215,PAC0269,Natália Soares Borges,51903422457,particular,MED02,2025-11-12 14:05,2025-11-25 08:00,atendido
AG01216,PAC0002,Felipe Bertoldi Souza,,convenio,MED02,2025-11-12 14:20,18/11/2025 15:00,REALIZADA
AG01217,PAC0205,José Rezende Sales,+55 51 981800370,convenio,MED05,2025-11-12 14:20,2025-11-25 14:30,faltou
AG01218,PAC0042,Henrique Santos Miranda,53953980453,convenio,MED04,2025-11-12 15:00,2025-11-13 10:00,realizada
AG01219,PAC0368,Otávio Rodrigues Peixoto,(54) 94468-8287,convenio,MED01,2025-11-12 16:00,2025-12-19 14:30,falta
AG01220,PAC0218,Patrícia Campos Tomasi,53991528676,particular,MED01,2025-11-12 17:00,2025-11-17 07:30,realizada
AG01221,PAC0159,Tânia Rocha Monteiro,53920999820,convenio,MED04,2025-11-12 17:00,2025-12-09 11:30,realizada
AG01222,PAC0202,Rodrigo Nunes Rodrigues,(51) 91862-9879,convenio,MED03,2025-11-12 17:05,2025-12-01 16:00,cancelado pelo paciente
AG01223,PAC0252,Patrícia Sales Almeida,+55 51 976043292,convenio,MED02,12/11/2025 17:12,23/12/2025 15:30,cancelado pelo paciente
AG01224,PAC0059,Mateus Pereira Machado,53995768911,convenio,MED04,2025-11-12 17:14,2025-11-14 11:30,realizada
AG01225,PAC0105,Tânia Brandão Nunes,54972085152,convenio,MED05,2025-11-13 08:05,2025-12-30 14:00,falta
AG01226,PAC0031,Fernando Becker Aguiar,51942355515,particular,MED04,2025-11-13 08:33,2025-11-21 09:30,cancelada_paciente
AG01227,PAC0018,Rodrigo Oliveira Rodrigues,(51) 92304-5539,convenio,MED06,2025-11-13 08:41,2025-11-19 14:30,falta
AG01228,PAC0167,Cláudia Almeida Soares,54987332667,convenio,MED04,2025-11-13 08:46,2025-11-13 09:30,realizada
AG01229,PAC0353,Elaine Campos Santana,53990673944,convenio,MED06,2025-11-13 09:20,2025-12-16 09:00,Realizada
AG01230,PAC0089,Emerson Gomes Coelho,51982389020,particular,MED02,2025-11-13 09:38,2025-11-13 10:30,atendido
AG01231,PAC0238,Luiza Nunes Araújo,51926613277,convenio,MED04,2025-11-13 11:55,2025-11-17 08:30,falta
AG01232,PAC0025,César Martins Brandão,51989062672,convenio,MED01,13/11/2025 12:41,2025-11-14 16:30,realizada
AG01233,PAC0093,João Bezerra Souza,+55 51 962059532,particular,MED04,13/11/2025 12:48,2025-11-17 09:30,realizada
AG01234,PAC0044,Tatiane Dias Correia,(53) 92104-5395,convenio,MED05,2025-11-13 13:33,2025-11-27 17:00,cancelada_paciente
AG01235,PAC0264,Roberto Pereira Santos,53946611931,particular,MED03,2025-11-13 13:41,2025-12-24 14:00,realizada
AG01236,PAC0193,Rafael Andrade Ferreira,(51) 96136-9012,convenio,MED03,13/11/2025 13:48,2025-11-21 09:00,atendido
AG01237,PAC0233,Rafael Andrade Alves,+55 51 998902976,convenio,MED01,2025-11-13 13:55,24/11/2025 11:30,falta
AG01238,PAC0075,Luiza Costa Souza,51940709045,particular,MED06,2025-11-13 14:17,2025-11-18 10:00,REALIZADA
AG01239,PAC0213,Tatiane Farias Pinto,54914807463,Convênio,MED04,2025-11-13 14:41,2025-12-16 08:30,REALIZADA
AG01240,PAC0058,Paulo Lima Farias,(51) 98437-6481,particular,MED03,2025-11-13 15:12,2025-11-26 13:00,falta
AG01241,PAC0084,Sérgio Nunes Mendes,+55 51 974719531,convenio,MED05,2025-11-13 15:12,24/12/2025 15:30,falta
AG01242,PAC0181,Renata Fernandes Mendes,(53) 97434-1317,particular,MED05,2025-11-13 16:05,2025-11-25 17:30,atendido
AG01243,PAC0147,Ricardo Carvalho Teixeira,(53) 92099-0039,particular,MED04,2025-11-13 16:20,2025-12-17 08:00,faltou
AG01244,PAC0185,Gabriel Carvalho Nunes,+55 51 941741132,convenio,MED03,2025-11-13 16:55,2025-11-17 17:00,atendido
AG01245,PAC0166,Letícia Borges Sales,53973820040,convenio,MED05,13/11/2025 17:05,24/11/2025 14:00,realizada
AG01246,PAC0282,JÉSSICA PINTO ROCHA,,particular,MED02,2025-11-14 08:05,2025-11-27 17:00,realizada
AG01247,PAC0102,Fernando Gonçalves Lopes,(53) 91997-8707,particular,MED03,2025-11-14 09:12,2025-11-21 11:00,Realizada
AG01248,PAC0183,Renata Nascimento Santana,(51) 98027-7698,convenio,MED03,2025-11-14 09:33,2025-11-17 14:00,realizada
AG01249,PAC0221,Ricardo Teixeira Xavier,+55 51 998070844,CONVENIO,MED04,2025-11-14 10:05,28/11/2025 09:00,falta
AG01250,PAC0097,Luiza Duarte Mendes,0000000000,convenio,MED02,2025-11-14 10:40,2025-11-18 08:00,realizada
AG01251,PAC0023,Eduardo Miranda Fernandes,(51) 98562-6321,convenio,MED05,2025-11-14 10:41,2025-11-24 17:00,falta
AG01252,PAC0111,Tatiane Andrade Barbosa,+55 51 920305986,particular,MED03,2025-11-14 10:55,2025-11-17 16:30,cancelado pelo paciente
AG01253,PAC0236,Vanessa Gomes Machado,53973730780,particular,MED03,2025-11-14 11:05,2025-11-17 13:30,realizada
AG01254,PAC0067,Henrique Müller Vieira,+55 53 981682185,particular,MED06,2025-11-14 11:05,2025-11-18 09:00,realizada
AG01255,PAC0188,Leonardo Gomes Guimarães,51988024838,particular,MED05,2025-11-14 11:12,03/12/2025 14:00,realizada
AG01256,PAC0191,Jéssica Xavier Borges,54972294445,convenio,MED03,2025-11-14 11:55,2025-12-08 14:00,Realizada
AG01257,PAC0302,Simone Castro Becker,(54) 90621-7091,convenio,MED01,2025-11-14 12:41,2025-12-03 08:00,realizada
AG01258,PAC0070,Caio Aguiar Lima,54902502405,convenio,MED03,2025-11-14 12:48,2025-11-19 14:30,falta
AG01259,PAC0243,Carla Costa Marques,+55 53 993331080,convenio,MED04,2025-11-14 14:05,18/11/2025 10:00,desmarcou
AG01260,PAC0143,Raquel Pereira Macedo,(54) 98269-0375,convenio,MED01,2025-11-14 14:41,29/12/2025 11:00,REALIZADA
AG01261,PAC0164,Natália Nunes Nascimento,51974592966,CONVENIO,MED04,14/11/2025 15:00,26/11/2025 08:30,realizada
AG01262,PAC0285,Felipe Bittencourt Bezerra,54909546234,convênio,MED01,2025-11-14 15:41,2025-11-28 13:30,cancelada_paciente
AG01263,PAC0224,Márcio Marques Borges,(53) 90872-5646,convenio,MED01,2025-12-22 08:00,2025-12-17 08:00,cancelado
AG01264,PAC0057,Arthur Santana Kuhn,+55 51 921041025,convenio,MED04,2025-11-14 15:55,2025-11-19 11:00,falta
AG01265,PAC0265,Júlia Duarte Kuhn,51955576440,convenio,MED03,2025-11-14 16:48,2025-12-22 14:30,faltou
AG01266,PAC0064,Daniel Coelho Freitas,(53) 98705-6910,convenio,MED04,2025-11-14 17:00,2025-11-19 11:30,
AG01267,PAC0188,Leonardo Gomes Guimarães,51988024838,particular,MED02,2025-11-14 17:00,2025-11-25 14:30,realizada
AG01268,PAC0127,Lucas Fonseca Martins,+55 51 955329550,convenio,MED03,2025-11-14 17:33,2025-11-24 15:30,Realizada
AG01269,PAC0081,Rodrigo Farias Tomasi,+55 51 914179864,convenio,MED02,2025-11-17 08:00,2025-12-11 10:30,Realizada
AG01270,PAC0162,Daniel Aguiar Lima,(51) 93357-2645,particular,MED04,2025-11-17 08:17,17/11/2025 09:00,realizada
AG01271,PAC0081,Rodrigo Farias Tomasi,+55 51 914179864,convenio,MED04,2025-11-17 08:24,2025-11-19 11:00,realizada
AG01272,PAC0286,Murilo Borges Siqueira,(51) 97367-8015,particular,MED06,2025-11-17 08:48,2025-12-17 15:30,faltou
AG01273,PAC0009,Isabela Souza Aguiar,53909669091,particular,MED06,2025-11-17 09:12,2025-11-18 08:30,realizada
AG01274,PAC0021,Jéssica Hoffmann Coelho,(51) 93213-2241,particular,MED06,17/11/2025 09:46,2025-11-19 17:00,falta
AG01275,PAC0048,Beatriz Queiroz Soares,(51) 98970-4340,particular,MED02,2025-11-17 09:48,2025-12-02 09:30,realizada
AG01276,PAC0291,Leandro Cardoso Almeida,53985473747,convenio,MED05,2025-11-17 09:48,2025-12-11 14:30,realizada
AG01277,PAC0085,Emerson Reis Macedo,51972488125,convenio,MED05,2025-11-17 10:00,17/11/2025 16:00,REALIZADA
AG01278,PAC0173,Lucas Bertoldi Pires,+55 51 957675179,particular,MED01,17/11/2025 10:12,2025-12-26 16:00,atendido
AG01279,PAC0408,Sabrina Pinto Duarte,53938022316,particular,MED04,17/11/2025 10:33,2025-12-31 09:00,FALTA
AG01280,PAC0380,Gisele Bittencourt Duarte,+55 54 902109801,convenio,MED01,2025-11-17 11:05,2025-12-24 09:00,REALIZADA
AG01281,PAC0237,Sérgio Carvalho Reis,(53) 91921-6641,particular,MED05,2025-11-17 11:12,2025-12-04 17:00,realizada
AG01282,PAC0134,Thiago Souza Xavier,+55 51 982189018,particular,MED03,17/11/2025 11:32,2025-11-19 14:30,realizada
AG01283,PAC0262,Otávio Weber Bertoldi,(54) 94440-1595,convenio,MED01,2025-11-17 11:33,2025-11-24 08:00,falta
AG01284,PAC0198,Elaine Silva Souza,(54) 96875-1665,convenio,MED01,2025-11-17 11:41,2025-12-03 08:30,Realizada
AG01285,PAC0052,Daniel Araújo Coelho,(51) 98488-8292,PARTICULAR,MED04,2025-11-17 12:05,2025-11-28 10:30,realizada
AG01286,PAC0067,Henrique Müller Vieira,+55 53 981682185,particular,MED04,17/11/2025 12:12,2025-11-28 11:00,REALIZADA
AG01287,PAC0281,Larissa Oliveira Bezerra,(54) 96796-3186,convenio,MED02,17/11/2025 12:33,2025-11-27 16:30,confirmado
AG01288,PAC0247,Lucas Batista Santos,(53) 91830-5408,convenio,MED04,2025-11-17 12:48,2025-11-24 10:00,realizada
AG01289,PAC0061,Gustavo Siqueira Pires,(53) 96472-8115,convenio,MED04,2025-11-17 13:12,2025-12-10 09:30,no_show
AG01290,PAC0221,Ricardo Teixeira Xavier,+55 51 998070844,convenio,MED05,2025-11-17 13:41,2025-12-30 14:30,ausente
AG01291,PAC0137,Bianca Santos Campos,51904467571,particular,MED05,2025-11-17 14:12,29/12/2025 17:30,falta
AG01292,PAC0060,Adriana Pereira Bittencourt,(51) 92521-5053,convenio,MED05,17/11/2025 14:39,2025-11-18 17:00,realizada
AG01293,PAC0070,Caio Aguiar Lima,54902502405,convenio,MED04,2025-11-17 14:48,2025-12-01 09:00,atendido
AG01294,PAC0024,Cristina Sales Aguiar,(51) 91690-1913,convenio,MED02,17/11/2025 15:20,18/11/2025 17:30,realizada
AG01295,PAC0388,Patrícia Souza Monteiro,51904129620,convenio,MED02,2025-11-17 16:05,2025-12-30 14:30,realizada
AG01797,PAC0246,Rodrigo Alves Miranda,(53) 95892-7244,convenio,MED03,12/12/2025 09:41,2025-12-17 17:30,falta
AG01296,PAC0215,Letícia Müller Miranda,51982593554,convenio,MED05,2025-11-17 16:12,2025-12-15 16:30,faltou
AG01297,PAC0246,Rodrigo Alves Miranda,(53) 95892-7244,convenio,MED06,2025-11-17 16:41,2025-11-26 15:00,REALIZADA
AG01298,PAC0260,Leonardo Xavier Macedo,53975538676,Particular,MED01,2025-11-17 16:41,2025-12-10 08:00,falta
AG01299,PAC0213,Tatiane Farias Pinto,54914807463,convenio,MED03,2025-11-17 16:48,2025-11-17 17:30,realizada
AG01300,PAC0215,Letícia Müller Miranda,51982593554,convenio,MED01,2025-11-17 16:48,2025-11-21 17:30,realizada
AG01301,PAC0024,Cristina Sales Aguiar,(51) 91690-1913,Convênio,MED05,2025-11-18 08:05,19/11/2025 17:30,realizada
AG01302,PAC0334,Daniel Araújo Gonçalves,(51) 99523-5715,particular,MED03,2025-11-18 08:33,2025-12-24 15:30,faltou
AG01303,PAC0244,Cláudia Schmidt Fernandes,53931902814,convenio,MED05,2025-11-18 08:41,2025-11-18 14:00,atendido
AG01304,PAC0246,Rodrigo Alves Miranda,(53) 95892-7244,convenio,MED06,2025-11-18 08:41,2025-11-25 08:00,realizada
AG01305,PAC0233,Rafael Andrade Alves,+55 51 998902976,convenio,MED06,18/11/2025 08:48,2025-12-04 08:00,falta
AG01306,PAC0359,Carla Lopes Silva,+55 51 922491802,convenio,MED02,2025-11-18 09:33,2025-12-18 09:00,Realizada
AG01307,PAC0315,José Aguiar Carvalho,54982105845,convenio,MED03,2025-11-18 09:41,2025-12-26 08:00,realizada
AG01308,PAC0223,Mateus Pinto Brandão,(51) 94221-4969,convenio,MED05,2025-11-18 10:20,26/11/2025 16:30,realizada
AG01309,PAC0210,Emerson Rocha Prado,(51) 92366-5789,convenio,MED05,18/11/2025 10:31,2025-11-18 15:00,realizada
AG01310,PAC0186,Camila Freitas Reis,+55 51 975524678,convenio,MED05,18/11/2025 11:12,2025-12-31 15:30,ausente
AG01311,PAC0035,Débora Marques Campos,54984407414,convenio,MED02,2025-11-18 11:41,2025-11-25 08:30,REALIZADA
AG01312,PAC0171,Fábio Gonçalves Macedo,+55 51 919138398,convenio,MED01,18/11/2025 11:48,2025-12-03 11:00,realizada
AG01313,PAC0313,Débora Costa Sales,(53) 97622-9367,convenio,MED04,2025-11-18 12:05,2025-12-18 08:00,realizada
AG01314,PAC0395,Vanessa Reis Cardoso,(51) 99436-1346,particular,MED04,2025-11-18 12:05,2025-12-29 11:00,desmarcou
AG01315,PAC0066,Eduardo Monteiro Reis,53986799759,Convênio,MED01,2025-11-18 12:12,2025-12-01 09:00,realizada
AG01316,PAC0076,Lucas Lorenzi Cavalcanti,(54) 99861-1609,particular,MED02,18/11/2025 12:12,2025-12-02 11:00,cancelado
AG01317,PAC0269,Natália Soares Borges,51903422457,particular,MED06,2025-11-18 12:41,2025-11-27 08:00,realizada
AG01318,PAC0413,Leandro Teixeira Campos,+55 54 906051255,convenio,MED03,2025-11-18 12:48,2026-01-02 09:30,faltou
AG01319,PAC0245,Juliana Bezerra Duarte,54992501078,particular,MED05,2025-11-18 12:59,18/11/2025 14:30,realizada
AG01320,PAC0300,Luciana Souza Teixeira,51960132139,particular,MED03,18/11/2025 13:00,22/12/2025 15:30,ausente
AG01321,PAC0286,Murilo Borges Siqueira,(51) 97367-8015,particular,MED01,2025-11-18 13:12,2025-11-28 15:00,no_show
AG01322,PAC0337,Larissa Rocha Barbosa,+55 51 987644555,convenio,MED04,2025-11-18 13:48,11/12/2025 09:00,falta
AG01323,PAC0078,Márcio Duarte Rodrigues,51997483587,convenio,MED05,2025-11-18 13:48,2025-12-17 15:00,no_show
AG01324,PAC0213,Tatiane Farias Pinto,54914807463,convenio,MED01,18/11/2025 14:12,2025-12-10 11:30,falta
AG01325,PAC0293,Patrícia Rezende Campos,51921292420,CONVENIO,MED03,2025-11-18 15:20,2025-12-01 16:30,realizada
AG01326,PAC0113,Fernando Ferreira Rezende,(51) 95512-6270,particular,MED04,2025-11-18 15:33,2025-12-15 10:30,realizada
AG01327,PAC0132,Cláudia Souza Nascimento,(51) 98903-9821,particular,MED04,2025-11-18 15:33,2025-12-26 11:30,cancelado pelo paciente
AG01328,PAC0308,Tatiane Alves Brandão,(51) 93232-6883,particular,MED02,2025-11-18 15:55,2025-12-04 11:30,realizada
AG01329,PAC0121,Helena Araújo Freitas,(54) 90376-5305,convenio,MED06,2025-11-18 16:20,17/12/2025 16:30,falta
AG01330,PAC0179,Fabiana Xavier Carvalho,(51) 91659-2857,convenio,MED05,2025-11-18 16:33,2025-11-24 16:30,cancelada_paciente
AG01331,PAC0023,Eduardo Miranda Fernandes,(51) 98562-6321,convenio,MED05,2025-11-18 16:33,2025-12-01 17:30,FALTA
AG01332,PAC0223,Mateus Pinto Brandão,(51) 94221-4969,convenio,MED01,2025-11-18 16:48,2025-12-12 14:30,faltou
AG01333,PAC0222,César Ramos Rodrigues,+55 51 978169928,convênio,MED01,2025-11-18 16:53,2025-11-19 10:00,realizada
AG01334,PAC0107,Otávio Aguiar Xavier,(51) 91651-8979,Convênio,MED02,2025-11-18 16:55,2025-12-11 09:30,realizada
AG01335,PAC0009,Isabela Souza Aguiar,53909669091,particular,MED03,2025-11-18 16:55,2025-12-15 13:00,realizada
AG01336,PAC0214,Gustavo Moreira Batista,(51) 90353-3899,particular,MED05,2025-11-18 17:00,2025-12-02 15:30,realizada
AG01337,PAC0242,Henrique Rodrigues Ferreira,(51) 94312-2975,convenio,MED05,2025-11-18 17:00,2025-12-16 15:00,realizada
AG01338,PAC0192,Gabriel Soares Müller,(54) 96672-6448,Particular,MED02,2025-11-18 17:05,2025-11-27 08:30,realizada
AG01339,PAC0313,Débora Costa Sales,(53) 97622-9367,convenio,MED04,2025-11-18 17:41,2025-12-30 08:30,cancelado
AG01340,PAC0257,Mariana Marques Andrade,(51) 96369-9054,Convênio,MED05,2025-11-18 17:48,2025-11-19 16:30,realizada
AG01341,PAC0077,Elaine Becker Santana,+55 51 905469242,convênio,MED01,19/11/2025 08:05,2025-11-21 15:30,Realizada
AG01342,PAC0248,Cristina Pinto Santos,(51) 92292-6093,CONVENIO,MED01,2025-11-19 08:05,2025-11-26 10:30,falta
AG01343,PAC0043,Fábio Sales Vieira,53938390312,particular,MED04,2025-11-19 08:12,2025-11-21 11:00,realizada
AG01344,PAC0261,Cristina Andrade Alves,(51) 92619-7484,convenio,MED01,2025-11-19 08:20,2025-11-24 07:30,realizada
AG01345,PAC0127,Lucas Fonseca Martins,+55 51 955329550,convenio,MED04,2025-11-19 08:54,2025-11-19 09:30,cancelado pelo paciente
AG01346,PAC0251,Tânia Ribeiro Cavalcanti,(51) 93341-6083,particular,MED02,2025-11-19 09:05,2025-11-27 09:30,realizada
AG01347,PAC0146,Júlia Moreira Souza,(51) 93874-9982,particular,MED04,19/11/2025 09:05,2025-12-16 08:00,realizada
AG01348,PAC0260,Leonardo Xavier Macedo,53975538676,particular,MED04,2025-11-19 09:20,2025-11-21 09:00,cancelado
AG01349,PAC0090,João Vieira Souza,51979665854,convênio,MED03,2025-11-19 09:20,22/12/2025 16:00,faltou
AG01350,PAC0275,Beatriz Oliveira Cavalcanti,(51) 94561-1040,convenio,MED01,2025-11-19 09:55,26/11/2025 10:00,REALIZADA
AG01351,PAC0299,Priscila Souza Bezerra,(53) 91166-7412,convenio,MED05,2025-11-19 09:55,2025-12-02 14:30,FALTA
AG01352,PAC0042,Henrique Santos Miranda,53953980453,convenio,MED01,2025-11-19 10:00,2025-12-05 15:00,faltou
AG01353,PAC0120,Samuel Hoffmann Pires,+55 51 982666130,particular,MED04,19/11/2025 10:12,2025-12-12 09:30,realizada
AG01354,PAC0212,Roberto Müller Rodrigues,+55 51 916328803,convenio,MED01,2025-11-19 11:05,2025-11-28 15:30,realizada
AG01355,PAC0139,Roberto Teixeira Monteiro,(51) 94905-0474,convenio,MED04,2025-11-19 11:20,2025-12-03 08:00,FALTA
AG01356,PAC0315,José Aguiar Carvalho,54982105845,convenio,MED05,2025-11-19 11:33,24/12/2025 17:00,realizada
AG01357,PAC0181,Renata Fernandes Mendes,(53) 97434-1317,particular,MED04,2025-11-19 11:55,2025-12-15 09:30,
AG01358,PAC0005,Lorena Martins Ferreira,(51) 93740-9546,Convênio,MED03,2025-11-19 12:55,2025-11-24 16:00,realizada
AG01359,PAC0249,Fabiana Bezerra Costa,(51) 95667-5146,particular,MED06,2025-11-19 12:55,2025-12-24 15:30,cancelado
AG01360,PAC0195,Fernando Bezerra Freitas,(54) 97553-3852,particular,MED03,2025-11-19 14:00,2025-11-19 16:00,realizada
AG01361,PAC0253,Natália Alves Prado,53933448153,convenio,MED03,2025-11-19 14:27,2025-11-19 15:00,atendido
AG01362,PAC0385,Samuel Bittencourt Alves,51926366732,convenio,MED01,2025-11-19 14:48,2025-12-26 13:00,realizada
AG01363,PAC0333,Beatriz Santana Kuhn,(51) 92907-9609,convenio,MED03,2025-11-19 15:05,2025-12-29 14:00,no_show
AG01364,PAC0160,Renata Kuhn Bezerra,53989869970,convenio,MED04,2025-11-19 15:12,2025-11-26 11:00,Realizada
AG01365,PAC0175,Jéssica Ramos Menezes,+55 53 941425285,particular,MED03,2025-11-19 15:12,2025-12-15 16:30,FALTA
AG01366,PAC0298,Diego Pires Mendes,519374,particular,MED03,2025-11-19 15:20,2025-12-08 13:00,falta
AG01367,PAC0049,Marcos Xavier Marques,51940355702,convenio,MED01,2025-11-19 15:34,2025-11-21 15:00,realizada
AG01368,PAC0244,Cláudia Schmidt Fernandes,53931902814,convenio,MED02,2025-11-19 15:48,2025-12-02 14:30,cancelada_paciente
AG01369,PAC0162,Daniel Aguiar Lima,(51) 93357-2645,Particular,MED04,2025-11-19 15:55,2025-12-04 11:00,realizada
AG01370,PAC0307,Isabela Sales Farias,(53) 99412-5607,Particular,MED02,19/11/2025 16:00,2025-12-04 09:00,REALIZADA
AG01371,PAC0053,Fabiana Bezerra Siqueira,(54) 98288-4576,convenio,MED05,2025-11-19 16:05,2025-12-31 15:00,realizada
AG01372,PAC0250,José Miranda Marques,(51) 90498-8900,particular,MED04,2025-11-19 16:12,2025-11-25 10:30,realizada
AG01373,PAC0088,Beatriz Rezende Rocha,(53) 91979-7265,particular,MED05,2025-11-19 16:41,26/11/2025 14:00,falta
AG01374,PAC0224,Márcio Marques Borges,(53) 90872-5646,convênio,MED04,19/11/2025 17:00,2025-12-18 11:30,falta
AG01375,PAC0067,Henrique Müller Vieira,+55 53 981682185,particular,MED02,21/11/2025 08:20,2025-11-27 11:30,Realizada
AG00593,PAC0198,Elaine Silva Souza,(54) 96875-1665,Convênio,MED02,2025-10-10 08:41,06/11/2025 09:00,Realizada
AG01376,PAC0395,Vanessa Reis Cardoso,(51) 99436-1346,particular,MED04,2025-11-21 08:33,05/01/2026 08:00,FALTA
AG01377,PAC0216,Tânia Freitas Mendes,(54) 96623-4537,Convênio,MED03,2025-11-21 08:48,2025-11-26 14:30,REALIZADA
AG01378,PAC0270,Fernando Dias Santana,+55 53 978879045,particular,MED01,2025-11-21 09:20,2025-12-29 09:00,realizada
AG01379,PAC0095,Vanessa Dias Hoffmann,53934170837,Particular,MED03,2025-11-21 09:33,2025-12-05 11:00,realizada
AG01380,PAC0092,Maria Fernandes Pinto,(51) 90949-2947,convenio,MED02,2025-11-21 10:41,25/11/2025 11:30,realizada
AG01381,PAC0097,Luiza Duarte Mendes,0000000000,convenio,MED04,2025-11-21 10:55,2025-12-18 09:30,REALIZADA
AG01382,PAC0373,Fábio Farias Weber,(51) 93540-0028,Convênio,MED05,2025-11-21 11:12,2025-12-22 16:00,ausente
AG01383,PAC0114,Daniel Rodrigues Queiroz,(54) 94891-7895,convenio,MED03,2025-11-21 11:33,26/11/2025 17:30,realizada
AG01384,PAC0071,Roberto Alves Xavier,(53) 93439-5365,particular,MED04,2025-11-21 12:55,2025-12-01 11:30,falta
AG01385,PAC0129,Larissa Pereira Dias,(51) 93595-3803,convenio,MED06,2025-11-21 13:00,2025-12-24 15:00,realizada
AG01386,PAC0375,Thiago Borges Batista,(53) 92980-3046,particular,MED04,2025-11-21 13:05,2025-12-23 08:00,cancelada_clinica
AG01387,PAC0210,Emerson Rocha Prado,(51) 92366-5789,convenio,MED06,2025-11-21 13:41,2025-12-18 09:30,realizada
AG01388,PAC0075,Luiza Costa Souza,51940709045,particular,MED05,2025-11-21 13:48,2025-12-23 17:00,realizada
AG01389,PAC0244,Cláudia Schmidt Fernandes,53931902814,convenio,MED05,2025-11-21 13:48,2025-12-24 14:00,faltou
AG01390,PAC0225,Rodrigo Farias Brandão,+55 51 962322121,particular,MED06,2025-11-21 14:00,2025-11-25 10:30,realizada
AG01391,PAC0153,João Brandão Xavier,(51) 92374-5251,particular,MED03,2025-11-21 14:05,2025-11-28 10:30,realizada
AG01392,PAC0040,Maria Marques Barbosa,(51) 96845-6814,convenio,MED04,2025-11-21 14:12,2025-12-17 09:00,REALIZADA
AG01393,PAC0116,Leandro Becker Marques,51920146861,particular,MED05,21/11/2025 16:05,2025-11-26 15:00,atendido
AG01394,PAC0135,Viviane Souza Prado,,convenio,MED05,2025-11-21 16:20,2025-11-25 16:30,realizada
AG01395,PAC0262,Otávio Weber Bertoldi,(54) 94440-1595,Convênio,MED05,2025-11-21 17:33,2025-11-24 16:00,cancelado pelo paciente
AG01396,PAC0212,Roberto Müller Rodrigues,+55 51 916328803,convenio,MED01,2025-11-24 08:00,2025-12-01 08:30,cancelado pelo paciente
AG01397,PAC0218,Patrícia Campos Tomasi,53991528676,particular,MED02,2025-11-24 08:12,2025-11-27 10:30,realizada
AG01398,PAC0036,Igor Bertoldi Sales,(51) 97246-2488,particular,MED05,2025-11-24 08:12,2025-11-27 16:30,realizada
AG01399,PAC0044,Tatiane Dias Correia,(53) 92104-5395,convênio,MED06,24/11/2025 08:20,2025-11-26 14:30,ausente
AG01400,PAC0231,André Queiroz Lorenzi,+55 51 915555682,convenio,MED03,2025-11-24 08:41,2025-12-15 16:00,faltou
AG01401,PAC0266,Henrique Mendes Peixoto,(51) 98097-1858,convenio,MED04,2025-11-24 08:47,2025-11-24 10:30,atendido
AG01402,PAC0109,Jéssica Rodrigues Teixeira,+55 51 918108952,convenio,MED01,2025-11-24 09:05,2025-11-26 08:30,REALIZADA
AG01403,PAC0240,Fabiana Martins Weber,+55 51 959205241,particular,MED01,2025-11-24 09:48,2025-12-01 11:30,cancelado
AG01404,PAC0049,Marcos Xavier Marques,51940355702,convenio,MED04,2025-11-24 09:55,2025-11-26 08:00,atendido
AG01405,PAC0336,Júlia Fonseca Fonseca,(51) 97911-4356,particular,MED04,2025-11-24 09:55,2025-12-26 08:30,no_show
AG01406,PAC0290,Gustavo Costa Rodrigues,(51) 99525-6319,convenio,MED05,2025-11-24 10:05,2025-12-04 15:30,FALTA
AG01407,PAC0268,Luiza Oliveira Miranda,53983710467,particular,MED05,2025-11-24 10:18,2025-11-24 16:30,realizada
AG01408,PAC0230,João Ribeiro Moreira,(51) 91971-1250,convenio,MED04,2025-11-24 10:20,04/12/2025 10:30,realizada
AG01409,PAC0277,Murilo Nascimento Becker,(51) 99703-2481,convenio,MED03,2025-11-24 10:41,26/11/2025 17:00,realizada
AG01410,PAC0270,Fernando Dias Santana,+55 53 978879045,particular,MED06,2025-11-24 10:55,2025-11-27 10:00,realizada
AG01411,PAC0112,Rafael Becker Santana,+55 51 997116675,convenio,MED02,2025-11-24 11:00,2025-12-02 14:00,falta
AG01412,PAC0304,Bianca Tavares Machado,51980627626,convenio,MED03,24/11/2025 11:05,2025-12-03 14:30,realizada
AG01413,PAC0407,Ana Freitas Bertoldi,+55 51 944722327,convênio,MED03,2025-11-24 11:33,2026-01-05 13:30,no_show
AG01414,PAC0280,Gabriel Araújo Bertoldi,53975049194,Particular,MED02,24/11/2025 11:48,2025-11-27 16:00,cancelada_paciente
AG01415,PAC0295,Pedro Hoffmann Macedo,(51) 91923-2674,convenio,MED04,2025-11-24 11:48,01/12/2025 11:00,cancelado
AG01416,PAC0376,Vitor Rodrigues Silva,(51) 92379-5044,convenio,MED04,24/11/2025 11:55,2026-01-02 09:30,falta
AG01417,PAC0025,César Martins Brandão,51989062672,convenio,MED05,2025-11-24 12:00,2025-12-17 16:00,REALIZADA
AG01418,PAC0116,Leandro Becker Marques,51920146861,particular,MED02,2025-11-24 12:20,2025-11-27 17:30,realizada
AG01419,PAC0108,José Peixoto Schmidt,53944228144,convenio,MED05,2025-11-24 12:33,2025-12-01 16:30,realizada
AG01420,PAC0298,Diego Pires Mendes,519374,PARTICULAR,MED04,2025-11-24 13:12,2025-12-02 08:30,falta
AG01421,PAC0415,Roberto Souza Correia,51951249115,particular,MED01,2025-11-24 13:12,05/01/2026 08:00,realizada
AG01422,PAC0146,Júlia Moreira Souza,(51) 93874-9982,particular,MED04,2025-11-24 14:20,2025-12-02 10:30,falta
AG01423,PAC0084,Sérgio Nunes Mendes,+55 51 974719531,convenio,MED02,2025-11-24 14:48,2025-11-27 14:30,FALTA
AG01424,PAC0125,Roberto Zanella Viana,(53) 99681-4060,particular,MED06,2025-11-24 16:05,2025-12-02 10:00,falta
AG01425,PAC0283,Tatiane Santana Rezende,(51) 93913-5212,convenio,MED05,2025-11-24 16:33,2025-11-27 16:00,cancelado pelo paciente
AG01426,PAC0096,Débora Bezerra Castro,(51) 98563-5074,Particular,MED03,2025-11-24 17:12,2025-12-01 14:00,FALTA
AG01427,PAC0130,Débora Becker Correia,(54) 91064-5965,particular,MED02,2025-11-24 17:20,2025-11-25 10:00,Realizada
AG01428,PAC0374,Mateus Batista Marques,,convênio,MED04,2025-11-25 08:20,2025-12-31 11:00,ausente
AG01429,PAC0152,Jéssica Pinto Zanella,(51) 93054-2542,convenio,MED04,2025-11-25 08:23,2025-11-25 09:00,atendido
AG01430,PAC0285,Felipe Bittencourt Bezerra,54909546234,convenio,MED04,2025-11-25 09:12,2025-12-04 11:30,ausente
AG01431,PAC0133,Júlia Ferreira Marques,51985181718,convenio,MED05,2025-11-25 09:41,2025-12-04 17:30,realizada
AG01432,PAC0084,Sérgio Nunes Mendes,+55 51 974719531,convenio,MED04,2025-11-25 09:55,2025-12-02 11:00,realizada
AG01433,PAC0073,Márcio Mendes Bertoldi,(51) 94287-3467,convenio,MED04,2025-11-25 10:12,2025-11-28 10:00,cancelado pelo paciente
AG01434,PAC0014,Sônia Silva Reis,+55 53 998575311,particular,MED02,2025-11-25 10:12,2025-12-04 09:30,realizada
AG01435,PAC0079,Daniel Tomasi Pires,,particular,MED04,2025-11-25 10:20,2025-11-25 11:30,Realizada
AG01436,PAC0096,Débora Bezerra Castro,(51) 98563-5074,particular,MED03,2025-11-25 10:55,2025-11-28 09:00,falta
AG01437,PAC0171,Fábio Gonçalves Macedo,+55 51 919138398,CONVENIO,MED02,2025-11-25 10:55,2025-12-02 10:00,realizada
AG01438,PAC0260,Leonardo Xavier Macedo,53975538676,particular,MED01,2025-11-25 11:41,2025-12-05 14:00,atendido
AG01561,PAC0165,Jéssica Rodrigues Tavares,(53) 97357-6178,convenio,MED01,2025-12-01 15:12,2025-12-05 17:00,faltou
AG01439,PAC0153,João Brandão Xavier,(51) 92374-5251,particular,MED03,25/11/2025 12:55,2025-11-26 16:00,agendada
AG01440,PAC0198,Elaine Silva Souza,(54) 96875-1665,Convênio,MED05,2025-11-25 12:55,2025-11-26 17:30,realizada
AG01441,PAC0282,Jéssica Pinto Rocha,,Particular,MED04,2025-11-25 13:22,2025-11-28 10:00,Realizada
AG01442,PAC0048,Beatriz Queiroz Soares,(51) 98970-4340,particular,MED06,2025-11-25 13:41,2025-12-24 16:30,realizada
AG01443,PAC0376,Vitor Rodrigues Silva,(51) 92379-5044,convenio,MED04,2025-11-25 14:05,2025-12-24 09:30,falta
AG01444,PAC0301,Sérgio Sales Batista,+55 53 955389383,convênio,MED06,2025-11-25 14:12,2025-12-16 10:00,falta
AG01445,PAC0174,Leandro Lopes Costa,+55 51 940373326,convenio,MED02,25/11/2025 14:12,2026-01-06 15:30,falta
AG01446,PAC0023,Eduardo Miranda Fernandes,(51) 98562-6321,convenio,MED05,2025-11-25 14:18,2025-11-27 16:00,FALTA
AG01447,PAC0210,Emerson Rocha Prado,(51) 92366-5789,convenio,MED03,25/11/2025 15:00,2025-12-31 13:00,realizada
AG01448,PAC0294,Emerson Cavalcanti Miranda,(51) 96869-5587,convenio,MED04,2025-11-25 15:48,2025-12-01 08:00,faltou
AG01449,PAC0088,BEATRIZ REZENDE ROCHA,(53) 91979-7265,Particular,MED02,2025-11-25 15:48,2025-12-02 17:30,atendido
AG01450,PAC0119,Samuel Nunes Reis,,convenio,MED02,2025-11-25 17:05,2025-12-18 10:30,realizada
AG01451,PAC0107,Otávio Aguiar Xavier,(51) 91651-8979,convênio,MED01,2025-11-25 17:48,2025-12-08 08:00,realizada
AG01452,PAC0214,Gustavo Moreira Batista,(51) 90353-3899,PARTICULAR,MED04,2025-11-26 08:24,2025-11-26 10:00,
AG01453,PAC0092,Maria Fernandes Pinto,(51) 90949-2947,convenio,MED01,2025-11-26 08:32,2025-11-26 10:30,realizada
AG01454,PAC0407,Ana Freitas Bertoldi,+55 51 944722327,convenio,MED04,2025-11-26 08:33,2025-12-31 08:30,falta
AG01455,PAC0243,Carla Costa Marques,+55 53 993331080,convenio,MED04,2025-11-26 09:00,2025-12-17 10:30,realizada
AG01456,PAC0179,Fabiana Xavier Carvalho,(51) 91659-2857,convenio,MED01,2025-11-26 10:00,2025-12-10 10:30,Realizada
AG01457,PAC0184,Tânia Santos Carvalho,51916335247,particular,MED01,2025-11-26 10:05,01/12/2025 11:00,no_show
AG01458,PAC0171,Fábio Gonçalves Macedo,+55 51 919138398,convênio,MED01,2025-11-26 11:00,2025-12-31 10:30,REALIZADA
AG01459,PAC0355,José Reis Brandão,+55 51 933752841,convenio,MED01,2025-11-26 11:12,2025-12-17 10:30,realizada
AG01460,PAC0022,Samuel Farias Pires,54939218051,Particular,MED05,2025-11-26 12:12,2025-12-11 16:30,realizada
AG01461,PAC0231,André Queiroz Lorenzi,+55 51 915555682,convenio,MED05,2025-11-26 12:27,2025-11-27 17:00,realizada
AG01462,PAC0415,Roberto Souza Correia,51951249115,particular,MED01,2025-11-26 12:55,2026-01-09 16:00,faltou
AG01463,PAC0046,Wagner Macedo Bezerra,(54) 91918-5886,particular,MED04,2025-11-26 13:20,2025-12-17 11:00,atendido
AG01464,PAC0020,Beatriz Tavares Borges,+55 53 923601395,convenio,MED04,2025-11-26 13:41,09/12/2025 08:30,falta
AG01465,PAC0031,Fernando Becker Aguiar,51942355515,Particular,MED03,2025-11-26 14:20,31/12/2025 14:00,realizada
AG01466,PAC0049,Marcos Xavier Marques,51940355702,convenio,MED02,2025-11-26 14:41,2025-11-27 10:00,
AG01467,PAC0188,LEONARDO GOMES GUIMARÃES,51988024838,particular,MED01,2025-11-26 14:48,2025-12-10 08:30,realizada
AG01468,PAC0096,Débora Bezerra Castro,(51) 98563-5074,particular,MED05,2025-11-26 14:48,2025-12-11 15:00,falta
AG01469,PAC0141,Rodrigo Tomasi Brandão,(51) 91828-0393,convenio,MED03,2025-11-26 15:00,2025-12-10 16:30,falta
AG01470,PAC0334,Daniel Araújo Gonçalves,(51) 99523-5715,particular,MED05,2025-11-26 15:00,2025-12-10 15:00,no_show
AG01471,PAC0306,Leonardo Rocha Correia,+55 54 938743621,convenio,MED05,2025-11-26 15:12,2025-12-03 14:30,faltou
AG06678,PAC0235,Caio Ramos Macedo,(51) 99887-7612,particular,MED02,2026-08-26 11:33,2026-09-10 16:00,realizada
AG01472,PAC0004,Maria Pereira Macedo,(54) 92837-8326,convenio,MED05,2025-11-26 15:12,2025-12-22 17:30,faltou
AG01473,PAC0201,Cristina Marques Bertoldi,(53) 93697-2429,convenio,MED03,26/11/2025 15:22,2025-12-01 14:30,realizada
AG01474,PAC0190,Sérgio Ribeiro Xavier,+55 54 920720983,Convênio,MED05,2025-11-26 16:05,15/12/2025 17:30,realizada
AG01475,PAC0072,Rafael Teixeira Fonseca,,particular,MED04,2025-11-26 16:48,2025-12-03 10:30,realizada
AG01476,PAC0185,Gabriel Carvalho Nunes,+55 51 941741132,convenio,MED06,2025-11-26 17:33,2025-12-17 17:30,
AG01477,PAC0248,Cristina Pinto Santos,(51) 92292-6093,convenio,MED03,2025-11-26 17:48,2025-12-31 13:30,falta
AG01478,PAC0314,Letícia Lorenzi Sales,51949084254,particular,MED01,2025-11-26 17:55,2025-12-08 09:30,FALTA
AG01479,PAC0157,Isabela Peixoto Lopes,51933483757,convenio,MED04,2025-11-27 08:19,2025-11-27 11:00,realizada
AG01480,PAC0210,Emerson Rocha Prado,(51) 92366-5789,convenio,MED04,2025-11-27 08:20,2025-12-08 09:00,agendada
AG01481,PAC0042,Henrique Santos Miranda,53953980453,convenio,MED04,27/11/2025 08:20,2026-01-05 10:30,faltou
AG01482,PAC0107,Otávio Aguiar Xavier,(51) 91651-8979,convenio,MED02,2025-11-27 08:48,2025-12-04 15:00,REALIZADA
AG01483,PAC0024,Cristina Sales Aguiar,(51) 91690-1913,CONVENIO,MED06,2025-11-27 08:55,2025-12-30 10:30,realizada
AG01484,PAC0436,Gabriel Reis Gomes,+55 51 932520083,convenio,MED03,2025-11-27 09:12,2026-01-07 15:00,cancelado clinica
AG01485,PAC0255,Tânia Rodrigues Araújo,(51) 92877-8385,convenio,MED01,2025-11-27 09:12,2026-01-09 17:00,realizada
AG01486,PAC0149,Lucas Cavalcanti Correia,51955318507,particular,MED06,2025-11-27 09:55,2025-11-27 11:30,realizada
AG01487,PAC0366,Viviane Gonçalves Viana,(51) 92617-4211,convenio,MED06,27/11/2025 09:55,2025-12-18 11:00,realizada
AG01488,PAC0159,Tânia Rocha Monteiro,53920999820,convênio,MED04,2025-11-27 10:00,2025-12-04 08:00,realizada
AG01489,PAC0228,Felipe Bertoldi Ramos,(51) 90044-8991,particular,MED01,2025-11-27 10:05,2025-12-05 16:30,realizada
AG01490,PAC0221,Ricardo Teixeira Xavier,+55 51 998070844,convenio,MED06,2025-11-27 10:41,2025-12-02 09:30,atendido
AG01491,PAC0168,Cristina Farias Müller,51992073539,convenio,MED05,2025-11-27 10:41,2025-12-08 17:00,realizada
AG01492,PAC0342,Fabiana Pires Müller,51914068310,convênio,MED06,2025-11-27 11:33,2025-12-11 10:30,falta
AG01493,PAC0297,Pedro Teixeira Gomes,51904059895,convenio,MED02,2025-11-27 11:41,02/12/2025 16:00,realizada
AG01494,PAC0320,Márcio Bertoldi Araújo,(51) 91379-9389,convenio,MED05,2025-11-27 11:41,09/12/2025 14:00,REALIZADA
AG01495,PAC0300,Luciana Souza Teixeira,51960132139,particular,MED06,2025-11-27 12:20,2025-12-02 08:00,cancelada_clinica
AG01496,PAC0341,Eduardo Carvalho Barbosa,51946507232,CONVENIO,MED05,2025-11-27 12:20,2025-12-11 17:00,realizada
AG01497,PAC0276,Diego Cardoso Queiroz,(54) 92321-5421,particular,MED04,2025-11-27 12:33,2025-11-28 08:30,atendido
AG01498,PAC0074,Priscila Farias Zanella,54944868202,Particular,MED03,27/11/2025 12:33,2025-12-22 13:30,falta
AG01499,PAC0110,Carolina Vana Ribeiro,(51) 94788-7655,particular,MED03,2025-11-27 12:48,2025-11-28 08:30,desmarcou
AG01500,PAC0198,Elaine Silva Souza,(54) 96875-1665,convenio,MED01,2025-11-27 13:33,2025-12-24 11:00,faltou
AG01501,PAC0270,Fernando Dias Santana,+55 53 978879045,particular,MED01,2025-11-27 13:48,03/12/2025 11:30,realizada
AG01502,PAC0231,André Queiroz Lorenzi,+55 51 915555682,convenio,MED01,2025-11-27 14:12,2025-12-08 09:00,falta
AG01503,PAC0327,Simone Hoffmann Fernandes,+55 54 945806949,Particular,MED05,2025-11-27 14:12,2025-12-30 16:30,ausente
AG01504,PAC0119,Samuel Nunes Reis,,convenio,MED01,2025-11-27 14:48,2025-12-05 14:30,realizada
AG01505,PAC0193,Rafael Andrade Ferreira,(51) 96136-9012,convênio,MED06,2025-11-27 14:48,2025-12-09 10:00,cancelada_paciente
AG01506,PAC0270,Fernando Dias Santana,+55 53 978879045,particular,MED04,27/11/2025 15:33,2025-12-09 09:30,realizada
AG01507,PAC0147,Ricardo Carvalho Teixeira,(53) 92099-0039,particular,MED03,2025-11-27 15:33,2026-01-09 10:30,realizada
AG01508,PAC0240,Fabiana Martins Weber,+55 51 959205241,PARTICULAR,MED03,27/11/2025 15:35,2025-11-28 08:30,REALIZADA
AG01509,PAC0290,Gustavo Costa Rodrigues,(51) 99525-6319,convenio,MED04,27/11/2025 15:41,2025-12-02 09:30,realizada
AG01510,PAC0016,Murilo Viana Kuhn,+55 51 982888446,Convênio,MED03,2025-11-27 15:48,2025-12-01 15:00,FALTA
AG01511,PAC0361,Bruno Sales Kuhn,51974002028,Convênio,MED02,2025-11-27 15:48,2025-12-18 11:30,Realizada
AG01512,PAC0044,Tatiane Dias Correia,(53) 92104-5395,Convênio,MED03,27/11/2025 16:33,2025-12-03 16:30,cancelada_clinica
AG01513,PAC0040,Maria Marques Barbosa,(51) 96845-6814,convenio,MED01,2025-11-27 16:55,2025-12-17 10:00,falta
AG01514,PAC0230,João Ribeiro Moreira,(51) 91971-1250,convenio,MED02,2025-11-27 17:33,2025-12-11 11:00,falta
AG01515,PAC0432,Lucas Alves Batista,(51) 98372-7720,Convênio,MED01,2025-11-27 17:33,2026-01-07 10:00,cancelado
AG01516,PAC0172,Márcio Bertoldi Guimarães,(54) 99040-9724,convenio,MED02,27/11/2025 17:41,2025-12-04 08:00,falta
AG01517,PAC0281,Larissa Oliveira Bezerra,(54) 96796-3186,convenio,MED01,2025-11-27 17:55,2026-01-02 16:30,realizada
AG01518,PAC0276,Diego Cardoso Queiroz,(54) 92321-5421,particular,MED05,2025-11-28 08:05,2025-12-01 14:30,realizada
AG05079,PAC0361,Bruno Sales Kuhn,51974002028,convenio,MED01,2026-06-05 16:12,2026-07-03 13:00,falta
AG01519,PAC0113,Fernando Ferreira Rezende,(51) 95512-6270,particular,MED06,2025-11-28 08:05,2025-12-10 16:30,realizada
AG01520,PAC0198,Elaine Silva Souza,(54) 96875-1665,CONVENIO,MED02,2025-11-28 08:05,2025-12-11 14:30,realizada
AG01521,PAC0336,Júlia Fonseca Fonseca,(51) 97911-4356,Particular,MED03,2025-11-28 08:05,2026-01-12 14:30,realizada
AG01522,PAC0291,Leandro Cardoso Almeida,53985473747,convenio,MED01,2025-11-28 08:13,2025-12-01 11:30,realizada
AG01523,PAC0288,Márcio Pereira Moreira,51959861936,convenio,MED03,2025-11-28 08:41,2025-11-28 11:00,realizada
AG01524,PAC0388,Patrícia Souza Monteiro,51904129620,convenio,MED04,2025-11-28 08:55,2025-12-26 08:00,no_show
AG01525,PAC0030,Tatiane Campos Barbosa,(51) 92954-8265,convenio,MED01,2025-11-28 10:00,2025-12-19 17:00,falta
AG01526,PAC0350,Tânia Fernandes Monteiro,51946014833,convenio,MED02,2025-11-28 10:05,2025-12-16 09:00,realizada
AG01527,PAC0115,Carla Souza Lopes,(51) 93283-0302,particular,MED03,28/11/2025 10:12,2025-12-01 15:30,realizada
AG01528,PAC0296,Gisele Xavier Pinto,(54) 95796-1074,particular,MED04,2025-11-28 10:48,2025-12-05 11:00,realizada
AG01529,PAC0252,Patrícia Sales Almeida,+55 51 976043292,convenio,MED06,28/11/2025 12:33,04/12/2025 09:00,falta
AG01530,PAC0304,Bianca Tavares Machado,51980627626,Convênio,MED06,2025-11-28 13:20,2025-12-23 11:00,cancelado pelo paciente
AG01531,PAC0035,Débora Marques Campos,54984407414,convenio,MED05,2025-11-28 14:48,10/12/2025 17:00,falta
AG01532,PAC0197,Carolina Lorenzi Souza,(51) 94236-2099,convenio,MED01,2025-11-28 16:12,2025-12-29 07:00,atendido
AG01533,PAC0290,Gustavo Costa Rodrigues,(51) 99525-6319,convênio,MED01,2025-11-28 17:33,2025-12-01 10:30,atendido
AG01534,PAC0328,Wagner Correia Weber,53959455652,convenio,MED04,2025-11-28 17:33,2025-12-10 08:30,atendido
AG01535,PAC0233,Rafael Andrade Alves,+55 51 998902976,convenio,MED04,2025-12-01 08:10,01/12/2025 10:00,realizada
AG01536,PAC0067,Henrique Müller Vieira,+55 53 981682185,particular,MED03,01/12/2025 09:00,2025-12-01 13:30,realizada
AG01537,PAC0163,Aline Reis Brandão,+55 51 977816336,particular,MED04,2025-12-01 09:05,2025-12-15 09:00,cancelado
AG01538,PAC0255,Tânia Rodrigues Araújo,(51) 92877-8385,convenio,MED04,2025-12-01 09:12,2025-12-08 11:00,realizada
AG01539,PAC0262,Otávio Weber Bertoldi,(54) 94440-1595,convenio,MED06,2025-12-01 09:12,2025-12-09 08:00,realizada
AG01540,PAC0292,Murilo Silva Reis,(51) 97428-5416,convenio,MED03,2025-12-01 09:38,2025-12-01 13:00,REALIZADA
AG01541,PAC0285,Felipe Bittencourt Bezerra,54909546234,convênio,MED03,2025-12-01 09:55,2025-12-08 17:30,no_show
AG01542,PAC0231,André Queiroz Lorenzi,+55 51 915555682,convenio,MED04,2025-12-01 10:05,2025-12-03 09:30,cancelado
AG01543,PAC0393,Lorena Vieira Barbosa,(51) 91417-2466,convênio,MED01,2025-12-01 10:05,2025-12-29 10:30,faltou
AG01544,PAC0031,Fernando Becker Aguiar,51942355515,particular,MED03,2025-12-01 10:44,2025-12-01 16:00,realizada
AG01545,PAC0168,Cristina Farias Müller,51992073539,convenio,MED05,2025-12-01 10:55,2025-12-04 15:00,desmarcou
AG01546,PAC0463,Bianca Lima Rocha,54941575620,convenio,MED03,2025-12-01 10:55,2026-01-14 16:00,faltou
AG01547,PAC0145,Diego Gonçalves Peixoto,+55 51 936594709,convenio,MED04,2025-12-01 11:05,03/12/2025 11:00,realizada
AG01548,PAC0234,Eduardo Coelho Santos,51992689273,convenio,MED04,2025-12-01 11:05,2026-01-06 09:00,no_show
AG01549,PAC0295,Pedro Hoffmann Macedo,(51) 91923-2674,convenio,MED06,2025-12-01 11:20,2025-12-03 15:30,realizada
AG01550,PAC0053,Fabiana Bezerra Siqueira,(54) 98288-4576,convenio,MED05,2025-12-01 11:20,2025-12-22 14:00,FALTA
AG01551,PAC0039,Eduardo Weber Castro,(51) 96184-7151,convênio,MED01,2025-12-01 11:20,2025-12-26 15:00,falta
AG01552,PAC0264,Roberto Pereira Santos,53946611931,particular,MED01,2025-12-01 11:20,2026-01-02 17:30,realizada
AG01553,PAC0095,Vanessa Dias Hoffmann,53934170837,particular,MED02,2025-12-01 11:33,2025-12-09 11:00,realizada
AG01554,PAC0288,Márcio Pereira Moreira,51959861936,convenio,MED05,2025-12-01 11:55,2025-12-04 16:00,Realizada
AG01555,PAC0102,Fernando Gonçalves Lopes,(53) 91997-8707,particular,MED06,01/12/2025 12:12,2026-01-06 10:00,falta
AG01556,PAC0046,Wagner Macedo Bezerra,(54) 91918-5886,particular,MED02,2025-12-01 13:05,2026-01-06 10:30,falta
AG01557,PAC0303,Juliana Martins Correia,(51) 91975-3342,convenio,MED01,2025-12-01 13:20,2025-12-03 10:30,falta
AG01558,PAC0216,Tânia Freitas Mendes,(54) 96623-4537,convenio,MED05,2025-12-01 13:55,2025-12-03 15:30,realizada
AG01559,PAC0149,Lucas Cavalcanti Correia,51955318507,Particular,MED04,2025-12-01 14:33,2025-12-05 10:00,falta
AG01560,PAC0325,Wagner Lopes Barbosa,(51) 99648-0281,Convênio,MED01,2025-12-01 14:48,2025-12-10 09:00,REALIZADA
AG01561,PAC0165,Jéssica Rodrigues Tavares,(53) 97357-6178,convenio,MED01,2025-12-01 15:12,2025-12-05 17:00,faltou
AG01562,PAC0155,César Peixoto Moreira,51959800742,convenio,MED02,2025-12-01 15:33,2026-01-06 17:00,cancelado pelo paciente
AG01563,PAC0345,Mateus Bittencourt Tavares,(54) 93463-2858,particular,MED04,2025-12-01 15:41,2025-12-12 10:30,realizada
AG01564,PAC0153,João Brandão Xavier,(51) 92374-5251,particular,MED03,2025-12-01 16:05,2025-12-01 17:00,REALIZADA
AG01565,PAC0176,Mariana Andrade Santana,53986213047,particular,MED06,01/12/2025 16:12,2026-01-06 08:30,falta
AG01566,PAC0196,Carla Lorenzi Silva,(54) 90336-6604,particular,MED06,2025-12-01 16:20,04/12/2025 11:00,Realizada
AG01567,PAC0390,Paulo Campos Farias,(51) 99609-6225,convenio,MED04,2025-12-01 16:48,2025-12-26 10:30,realizada
AG01568,PAC0188,Leonardo Gomes Guimarães,51988024838,particular,MED01,2025-12-01 16:55,2025-12-03 10:00,realizada
AG01569,PAC0076,Lucas Lorenzi Cavalcanti,(54) 99861-1609,particular,MED02,2025-12-01 16:55,2025-12-04 15:30,realizada
AG01570,PAC0336,Júlia Fonseca Fonseca,(51) 97911-4356,particular,MED02,2025-12-01 17:33,11/12/2025 17:00,falta
AG01571,PAC0079,Daniel Tomasi Pires,,particular,MED06,2025-12-01 17:37,2025-12-02 09:00,realizada
AG01572,PAC0323,Sérgio Silva Marques,(51) 95439-9501,convenio,MED05,2025-12-01 17:48,2025-12-09 17:00,cancelado pelo paciente
AG01573,PAC0154,Rodrigo Marques Nascimento,53982064389,Convênio,MED06,01/12/2025 17:54,2025-12-02 08:00,confirmada
AG01574,PAC0062,Luciana Soares Lorenzi,(51) 96645-1918,convenio,MED01,2025-12-01 17:55,2025-12-03 07:00,falta
AG01575,PAC0286,Murilo Borges Siqueira,(51) 97367-8015,particular,MED06,2025-12-02 08:05,2025-12-10 15:30,realizada
AG01576,PAC0276,Diego Cardoso Queiroz,(54) 92321-5421,particular,MED03,02/12/2025 08:20,2026-01-07 17:00,realizada
AG01577,PAC0189,João Becker Borges,92286,convenio,MED02,2025-12-02 08:48,09/12/2025 17:30,FALTA
AG01578,PAC0100,Wagner Gomes Siqueira,+55 51 970125392,convenio,MED03,02/12/2025 09:05,2025-12-12 09:00,realizada
AG01579,PAC0321,Fabiana Tavares Fernandes,+55 51 904304609,convenio,MED05,02/12/2025 09:12,2025-12-09 15:30,REALIZADA
AG01580,PAC0318,Débora Santana Schmidt,(51) 96825-0575,convenio,MED02,2025-12-02 09:20,2025-12-09 09:30,FALTA
AG01581,PAC0152,Jéssica Pinto Zanella,(51) 93054-2542,convenio,MED03,2025-12-02 09:33,2025-12-29 14:30,falta
AG01582,PAC0030,Tatiane Campos Barbosa,(51) 92954-8265,convenio,MED06,2025-12-02 09:55,2025-12-03 16:00,realizada
AG01583,PAC0058,Paulo Lima Farias,(51) 98437-6481,particular,MED05,2025-12-02 10:00,2025-12-09 15:00,realizada
AG01584,PAC0223,Mateus Pinto Brandão,(51) 94221-4969,convenio,MED03,2025-12-02 10:05,2026-01-02 08:00,falta
AG01585,PAC0023,Eduardo Miranda Fernandes,(51) 98562-6321,CONVENIO,MED06,2025-12-02 10:12,2026-01-07 14:00,faltou
AG01586,PAC0161,Lorena Ramos Machado,(54) 93359-2298,particular,MED03,2025-12-02 10:33,2025-12-26 10:30,no_show
AG01587,PAC0400,Sônia Andrade Pinto,51936497150,Convênio,MED02,2025-12-02 11:33,2026-01-15 15:00,ausente
AG01588,PAC0038,Aline Soares Costa,51949817719,convenio,MED05,2025-12-02 11:48,02/12/2025 16:00,realizada
AG01589,PAC0258,Lucas Souza Santos,51979169994,particular,MED04,2025-12-02 12:55,2025-12-12 08:00,falta
AG01590,PAC0162,Daniel Aguiar Lima,(51) 93357-2645,particular,MED02,2025-12-02 13:45,2025-12-02 14:30,realizada
AG01591,PAC0361,Bruno Sales Kuhn,51974002028,convenio,MED04,2025-12-02 14:05,2026-01-07 08:00,realizada
AG01592,PAC0196,Carla Lorenzi Silva,(54) 90336-6604,particular,MED03,02/12/2025 14:48,2026-01-12 13:00,falta
AG01593,PAC0333,Beatriz Santana Kuhn,(51) 92907-9609,convenio,MED05,2025-12-02 15:48,2025-12-10 14:30,falta
AG01594,PAC0313,Débora Costa Sales,(53) 97622-9367,Convênio,MED03,2025-12-02 16:00,2025-12-24 13:00,ausente
AG01595,PAC0434,Wagner Viana Soares,(51) 97774-4715,convenio,MED04,02/12/2025 16:33,2026-01-09 11:30,no_show
AG01596,PAC0035,Débora Marques Campos,54984407414,convenio,MED05,2025-12-02 17:33,09/12/2025 17:30,realizada
AG01597,PAC0415,Roberto Souza Correia,51951249115,particular,MED02,2025-12-02 17:33,2026-01-13 15:30,falta
AG01598,PAC0193,Rafael Andrade Ferreira,(51) 96136-9012,convenio,MED05,2025-12-02 17:48,2025-12-18 14:30,realizada
AG01599,PAC0142,José Ferreira Nunes,+55 53 936084144,convenio,MED01,2025-12-02 17:55,10/12/2025 09:30,realizada
AG01600,PAC0328,Wagner Correia Weber,53959455652,convenio,MED03,2025-12-03 08:12,2025-12-10 14:00,realizada
AG01601,PAC0167,Cláudia Almeida Soares,54987332667,convenio,MED01,2025-12-03 08:20,2025-12-12 13:00,falta
AG01602,PAC0241,José Andrade Vieira,(51) 96462-9066,particular,MED04,2025-12-03 08:48,2025-12-05 09:30,realizada
AG01603,PAC0252,Patrícia Sales Almeida,+55 51 976043292,convenio,MED01,03/12/2025 08:55,2025-12-15 10:00,confirmado
AG01604,PAC0285,Felipe Bittencourt Bezerra,54909546234,convenio,MED06,2025-12-03 09:48,2025-12-16 11:00,realizada
AG01605,PAC0403,Sabrina Duarte Souza,51907833323,convenio,MED06,2025-12-03 10:00,30/12/2025 10:00,falta
AG01606,PAC0180,Jéssica Gomes Siqueira,(54) 91118-2098,particular,MED06,2025-12-03 10:05,2025-12-11 08:00,realizada
AG01607,PAC0346,Wagner Bertoldi Menezes,(53) 93057-9056,convenio,MED03,2025-12-03 10:05,2025-12-15 17:00,realizada
AG01608,PAC0222,César Ramos Rodrigues,+55 51 978169928,convenio,MED04,2025-12-03 10:12,2025-12-31 08:00,realizada
AG01609,PAC0259,Vitor Correia Queiroz,53934058645,convenio,MED04,2025-12-03 10:12,2026-01-08 10:00,realizada
AG01610,PAC0302,Simone Castro Becker,(54) 90621-7091,convenio,MED05,2025-12-03 10:48,2026-01-07 14:00,FALTA
AG01611,PAC0469,Wagner Vieira Mendes,(51) 98246-1309,convenio,MED02,2025-12-03 11:00,2026-01-15 09:30,falta
AG01612,PAC0007,Juliana Soares Freitas,(54) 98991-4330,convenio,MED06,2025-12-03 11:05,2025-12-04 11:30,REALIZADA
AG01613,PAC0217,Gustavo Carvalho Bertoldi,51936994625,convenio,MED03,2025-12-03 11:12,2025-12-12 10:00,faltou
AG01614,PAC0311,Fábio Viana Fonseca,(51) 92137-6599,convenio,MED01,2025-12-03 13:20,2025-12-05 16:00,cancelada_clinica
AG01615,PAC0456,Leonardo Coelho Pires,(51) 96410-8971,Convênio,MED05,2025-12-03 13:48,2026-01-13 14:00,atendido
AG01616,PAC0352,Letícia Ribeiro Oliveira,+55 51 985574996,Convênio,MED05,2025-12-03 13:55,2025-12-16 16:30,realizada
AG01617,PAC0148,Isabela Tavares Costa,53985280547,convenio,MED05,2025-12-03 14:12,2025-12-03 16:30,Realizada
AG01618,PAC0080,Alexandre Lopes Pires,(51) 96893-0854,convenio,MED03,2025-12-03 14:48,2026-01-07 15:30,Realizada
AG01619,PAC0037,Cristina Viana Queiroz,(51) 90307-5736,convenio,MED01,2025-12-03 14:55,2025-12-12 15:00,cancelada_clinica
AG01620,PAC0266,Henrique Mendes Peixoto,(51) 98097-1858,convênio,MED03,2025-12-03 15:21,2025-12-03 16:30,confirmada
AG01621,PAC0121,Helena Araújo Freitas,(54) 90376-5305,convênio,MED04,2025-12-03 15:33,2025-12-15 08:30,Realizada
AG01622,PAC0262,Otávio Weber Bertoldi,(54) 94440-1595,convenio,MED02,2025-12-03 15:55,2025-12-30 11:30,realizada
AG01623,PAC0326,Larissa Tavares Alves,(51) 97675-4716,particular,MED01,2025-12-03 16:05,2025-12-10 11:00,faltou
AG01624,PAC0051,Tânia Pinto Rezende,51969124332,convenio,MED05,2025-12-03 17:20,2025-12-17 14:30,FALTA
AG01625,PAC0020,Beatriz Tavares Borges,+55 53 923601395,convenio,MED05,2025-12-03 17:48,2025-12-08 16:00,realizada
AG01626,PAC0298,Diego Pires Mendes,519374,particular,MED03,2025-12-03 17:48,05/01/2026 17:30,REALIZADA
AG01627,PAC0309,Felipe Carvalho Becker,(53) 90135-6843,convenio,MED06,2025-12-03 17:55,04/12/2025 09:30,atendido
AG01628,PAC0317,Letícia Zanella Hoffmann,54979718780,convenio,MED05,04/12/2025 08:00,2025-12-08 15:30,REALIZADA
AG01629,PAC0245,Juliana Bezerra Duarte,54992501078,particular,MED01,04/12/2025 08:12,2025-12-10 07:00,Realizada
AG01630,PAC0284,Mateus Guimarães Guimarães,(51) 94626-9159,particular,MED04,2025-12-04 08:37,2025-12-04 10:00,REALIZADA
AG01631,PAC0219,Otávio Miranda Pinto,(54) 96002-1930,Convênio,MED05,2025-12-04 08:48,2025-12-18 15:00,realizada
AG01632,PAC0078,Márcio Duarte Rodrigues,51997483587,convenio,MED04,2025-12-04 09:20,2026-01-08 10:30,falta
AG01633,PAC0289,Gabriel Aguiar Carvalho,54984298548,particular,MED06,2025-12-04 09:41,2025-12-09 09:30,FALTA
AG01634,PAC0090,João Vieira Souza,51979665854,convenio,MED05,2025-12-04 10:20,2025-12-31 16:30,atendido
AG01635,PAC0059,Mateus Pereira Machado,53995768911,convenio,MED06,2025-12-04 10:20,15/01/2026 09:00,realizada
AG01636,PAC0256,Gabriel Guimarães Vieira,53953943109,convenio,MED04,2026-01-05 11:00,2025-12-30 11:00,realizada
AG01637,PAC0346,Wagner Bertoldi Menezes,(53) 93057-9056,convenio,MED01,2025-12-04 10:41,2025-12-22 08:30,FALTA
AG01638,PAC0318,Débora Santana Schmidt,(51) 96825-0575,CONVENIO,MED01,2025-12-04 10:55,12/12/2025 16:00,falta
AG01639,PAC0173,Lucas Bertoldi Pires,+55 51 957675179,particular,MED04,2025-12-04 11:20,2025-12-15 10:00,realizada
AG01640,PAC0280,Gabriel Araújo Bertoldi,53975049194,particular,MED01,2025-12-04 11:41,2025-12-15 09:30,realizada
AG01641,PAC0268,Luiza Oliveira Miranda,53983710467,particular,MED04,04/12/2025 12:48,2026-01-12 11:00,faltou
AG01642,PAC0184,Tânia Santos Carvalho,51916335247,particular,MED06,2025-12-04 13:12,2026-01-21 17:00,falta
AG01643,PAC0345,Mateus Bittencourt Tavares,(54) 93463-2858,particular,MED06,2025-12-04 13:33,2025-12-18 10:00,realizada
AG01644,PAC0351,Gisele Bezerra Pereira,(54) 90621-3057,convenio,MED04,2025-12-04 13:55,2025-12-16 09:00,Realizada
AG01645,PAC0202,Rodrigo Nunes Rodrigues,(51) 91862-9879,convenio,MED05,2025-12-04 14:04,2025-12-04 15:00,realizada
AG01646,PAC0349,Débora Mendes Castro,(51) 90863-6168,PARTICULAR,MED04,2025-12-04 14:55,2025-12-26 10:00,realizada
AG01647,PAC0139,Roberto Teixeira Monteiro,(51) 94905-0474,convenio,MED05,04/12/2025 15:05,2025-12-24 17:30,cancelado pelo paciente
AG01648,PAC0299,Priscila Souza Bezerra,(53) 91166-7412,convenio,MED03,2025-12-04 15:33,2025-12-05 09:00,realizada
AG01649,PAC0067,Henrique Müller Vieira,+55 53 981682185,particular,MED02,04/12/2025 15:33,2025-12-09 17:00,realizada
AG01650,PAC0094,Fernando Nascimento Viana,51999977924,convenio,MED04,2025-12-04 15:55,2025-12-11 08:30,atendido
AG01651,PAC0351,Gisele Bezerra Pereira,(54) 90621-3057,convenio,MED01,2025-12-04 15:55,2026-01-14 11:00,atendido
AG01652,PAC0347,Gustavo Peixoto Ferreira,(51) 98766-2181,Particular,MED05,2025-12-04 16:55,2025-12-15 15:00,Realizada
AG01653,PAC0010,Rafael Coelho Oliveira,51917974054,Convênio,MED04,2025-12-04 17:05,2025-12-08 08:30,REALIZADA
AG01654,PAC0183,Renata Nascimento Santana,(51) 98027-7698,convenio,MED03,2025-12-04 17:05,2025-12-15 17:30,FALTA
AG01655,PAC0464,Lucas Nunes Ribeiro,+55 51 925902418,convenio,MED04,2025-12-04 17:05,2026-01-14 08:30,ausente
AG01656,PAC0229,Thiago Batista Pinto,+55 51 946505959,particular,MED04,2025-12-04 17:12,2025-12-05 08:30,atendido
AG01657,PAC0142,José Ferreira Nunes,+55 53 936084144,convenio,MED03,2025-12-05 08:05,2025-12-19 09:30,realizada
AG01658,PAC0056,Juliana Weber Brandão,+55 51 936962963,Convênio,MED01,05/12/2025 08:48,2025-12-19 17:30,realizada
AG01659,PAC0382,Alexandre  Fernandes Nascimento,(51) 95280-1557,CONVENIO,MED01,2025-12-05 09:00,2025-12-26 16:30,faltou
AG01660,PAC0036,Igor Bertoldi Sales,(51) 97246-2488,Particular,MED03,2025-12-05 09:20,2026-01-05 15:00,falta
AG01661,PAC0292,Murilo Silva Reis,(51) 97428-5416,convênio,MED04,2025-12-05 09:41,2025-12-11 10:30,realizada
AG01662,PAC0416,Lorena Lorenzi Macedo,(54) 90135-2502,convenio,MED01,2025-12-05 09:55,2026-01-05 10:30,realizada
AG01663,PAC0044,Tatiane Dias Correia,(53) 92104-5395,convênio,MED04,2025-12-05 10:33,2025-12-11 11:30,cancelado
AG01664,PAC0090,João Vieira Souza,51979665854,convenio,MED04,2025-12-05 10:56,05/12/2025 11:30,atendido
AG01665,PAC0016,Murilo Viana Kuhn,+55 51 982888446,convenio,MED04,2025-12-05 11:05,2025-12-11 11:00,realizada
AG01666,PAC0382,Alexandre Fernandes Nascimento,(51) 95280-1557,convenio,MED01,2025-12-05 11:33,2025-12-31 08:30,falta
AG01667,PAC0270,Fernando Dias Santana,+55 53 978879045,particular,MED03,2025-12-05 11:41,2026-01-14 16:30,realizada
AG01668,PAC0170,Caio Nunes Santana,+55 51 994753655,convenio,MED04,2025-12-05 11:48,2025-12-12 11:00,realizada
AG01669,PAC0046,Wagner Macedo Bezerra,(54) 91918-5886,particular,MED04,2025-12-05 12:33,2025-12-10 08:00,cancelada_clinica
AG01670,PAC0391,Bruno Lima Becker,51919397930,particular,MED01,05/12/2025 12:48,2025-12-29 07:30,falta
AG01671,PAC0307,Isabela Sales Farias,(53) 99412-5607,particular,MED03,2025-12-05 13:05,2025-12-26 11:00,realizada
AG01672,PAC0364,Aline Duarte Menezes,53945494295,convenio,MED05,2025-12-05 13:55,2025-12-18 16:00,realizada
AG01673,PAC0427,Wagner Andrade Miranda,519172,particular,MED02,2025-12-05 14:05,2026-01-08 14:30,REALIZADA
AG01674,PAC0431,Wagner Almeida Cavalcanti,(51) 94751-4485,convenio,MED06,2025-12-05 14:55,2026-01-06 10:30,realizada
AG01675,PAC0170,Caio Nunes Santana,+55 51 994753655,convenio,MED06,2025-12-05 15:33,2025-12-18 08:30,FALTA
AG01676,PAC0314,Letícia Lorenzi Sales,51949084254,particular,MED05,2025-12-05 16:12,2025-12-18 14:00,desmarcou
AG01677,PAC0211,Gisele Brandão Mendes,(53) 97547-4117,particular,MED02,2025-12-05 16:41,11/12/2025 16:00,realizada
AG01678,PAC0363,Vitor Bertoldi Araújo,(51) 98541-7765,Particular,MED02,2025-12-05 16:55,2025-12-18 16:30,realizada
AG01679,PAC0319,Isabela Rodrigues Martins,(51) 91472-4158,convenio,MED02,2025-12-05 17:12,2025-12-09 11:30,falta
AG01680,PAC0106,Bianca Mendes Bezerra,(51) 97292-7284,convenio,MED04,2025-12-05 17:55,12/12/2025 11:30,atendido
AG01681,PAC0029,Caio Souza Rodrigues,(51) 93841-1283,convenio,MED05,2025-12-08 08:00,2025-12-18 16:30,cancelado
AG01682,PAC0329,Thiago Rodrigues Alves,+55 54 973325354,convenio,MED03,2025-12-08 08:41,10/12/2025 14:30,realizada
AG01683,PAC0243,Carla Costa Marques,+55 53 993331080,convenio,MED03,2025-12-08 08:41,2025-12-10 17:00,realizada
AG01684,PAC0338,Fabiana Fernandes Mendes,+55 51 915452091,convenio,MED04,2025-12-08 08:41,12/01/2026 09:30,realizada
AG01685,PAC0330,Lorena Oliveira Fernandes,(51) 95700-4516,convenio,MED03,08/12/2025 09:00,2025-12-10 15:30,REALIZADA
AG01686,PAC0478,Fernando Silva Barbosa,(51) 92004-8063,convênio,MED03,2025-12-08 09:55,2026-01-19 17:00,realizada
AG01687,PAC0201,Cristina Marques Bertoldi,(53) 93697-2429,convenio,MED04,2025-12-08 10:37,2025-12-10 08:00,realizada
AG01688,PAC0223,Mateus Pinto Brandão,(51) 94221-4969,convenio,MED03,2025-12-08 10:48,2025-12-08 13:30,realizada
AG01689,PAC0070,Caio Aguiar Lima,54902502405,convenio,MED04,2025-12-08 10:48,15/01/2026 08:30,ausente
AG01690,PAC0396,Bruno Guimarães Schmidt,54917089040,PARTICULAR,MED04,08/12/2025 11:41,2025-12-29 11:30,realizada
AG01691,PAC0262,Otávio Weber Bertoldi,(54) 94440-1595,convenio,MED04,2025-12-08 12:00,2026-01-16 11:00,Realizada
AG01692,PAC0189,João Becker Borges,92286,convenio,MED02,2025-12-08 12:05,2025-12-11 15:30,realizada
AG01693,PAC0405,Roberto Viana Silva,539244,Particular,MED03,2025-12-08 12:20,2025-12-31 17:00,falta
AG01694,PAC0154,Rodrigo Marques Nascimento,53982064389,convenio,MED03,2025-12-08 12:41,2025-12-17 15:00,REALIZADA
AG01695,PAC0141,Rodrigo Tomasi Brandão,(51) 91828-0393,convenio,MED03,2025-12-08 12:55,2025-12-26 09:30,ausente
AG01696,PAC0137,Bianca Santos Campos,51904467571,particular,MED01,2025-12-08 13:00,2026-01-21 07:30,realizada
AG01697,PAC0252,Patrícia Sales Almeida,+55 51 976043292,convenio,MED02,2025-12-08 13:12,2025-12-30 08:00,realizada
AG01698,PAC0395,Vanessa Reis Cardoso,(51) 99436-1346,PARTICULAR,MED03,2025-12-08 13:33,2026-01-02 08:30,no_show
AG01699,PAC0294,Emerson Cavalcanti Miranda,(51) 96869-5587,convenio,MED02,2025-12-08 13:48,2025-12-11 17:30,realizada
AG01700,PAC0253,Natália Alves Prado,53933448153,convenio,MED01,2025-12-08 13:55,19/12/2025 14:00,desmarcou
AG01701,PAC0343,Sabrina Alves Castro,(51) 91139-9364,particular,MED01,2025-12-08 14:05,2025-12-12 14:00,falta
AG01702,PAC0231,André Queiroz Lorenzi,+55 51 915555682,convenio,MED06,08/12/2025 14:12,11/12/2025 11:30,realizada
AG01703,PAC0311,Fábio Viana Fonseca,(51) 92137-6599,convenio,MED04,2025-12-08 14:41,2025-12-09 09:00,realizada
AG01704,PAC0204,Vitor Pinto Tavares,+55 51 986192699,Convênio,MED03,2025-12-08 14:55,2025-12-08 16:00,realizada
AG01705,PAC0198,Elaine Silva Souza,(54) 96875-1665,Convênio,MED01,2025-12-08 15:05,15/12/2025 09:00,FALTA
AG05601,PAC0252,Patrícia Sales Almeida,+55 51 976043292,convenio,MED02,2026-07-02 10:48,2026-07-16 10:30,realizada
AG01706,PAC0370,Fernando Rezende Macedo,+55 51 997508457,convenio,MED01,2025-12-08 15:20,2025-12-19 16:30,falta
AG01707,PAC0357,Fernando Hoffmann Tomasi,54982332956,convenio,MED03,2025-12-08 15:33,2025-12-17 15:30,no_show
AG01708,PAC0257,Mariana Marques Andrade,(51) 96369-9054,convenio,MED02,08/12/2025 16:12,2025-12-16 09:30,agendada
AG01709,PAC0367,Murilo Reis Aguiar,(51) 91615-2545,convenio,MED06,2025-12-08 16:12,2025-12-18 11:30,realizada
AG01710,PAC0412,Ana Costa Tavares,+55 54 963018983,particular,MED01,2025-12-08 16:12,2026-01-02 15:00,realizada
AG01711,PAC0103,Natália Marques Santos,+55 51 976030999,convênio,MED02,2025-12-08 16:55,2026-01-08 09:00,cancelado
AG01712,PAC0412,Ana Costa Tavares,+55 54 963018983,particular,MED04,2025-12-09 08:00,2026-01-09 09:00,Realizada
AG01713,PAC0215,Letícia Müller Miranda,51982593554,convenio,MED01,2025-12-09 08:33,2025-12-12 13:30,realizada
AG01714,PAC0196,Carla Lorenzi Silva,(54) 90336-6604,particular,MED04,2025-12-09 09:00,2025-12-10 11:30,Realizada
AG01715,PAC0176,Mariana Andrade Santana,53986213047,particular,MED04,2025-12-09 09:05,2025-12-11 09:30,cancelado clinica
AG01716,PAC0324,Sônia Costa Ramos,(54) 97962-2095,convenio,MED05,2025-12-09 09:09,2025-12-09 17:00,FALTA
AG01717,PAC0122,Luiza Reis Becker,(54) 96239-4809,convenio,MED06,2025-12-09 10:00,2025-12-09 11:30,realizada
AG01718,PAC0112,Rafael Becker Santana,+55 51 997116675,convenio,MED01,2025-12-09 11:55,2025-12-10 07:30,REALIZADA
AG01719,PAC0078,Márcio Duarte Rodrigues,51997483587,convenio,MED04,2025-12-09 12:33,2026-01-14 10:30,realizada
AG01720,PAC0444,Emerson Freitas Lorenzi,(51) 97405-0629,convenio,MED05,2025-12-09 12:48,2026-01-08 17:00,faltou
AG01721,PAC0100,Wagner Gomes Siqueira,+55 51 970125392,convenio,MED03,2025-12-09 13:05,2025-12-26 11:30,Realizada
AG01722,PAC0148,Isabela Tavares Costa,53985280547,convenio,MED03,2025-12-09 13:20,2026-01-21 16:00,Realizada
AG01723,PAC0007,Juliana Soares Freitas,(54) 98991-4330,convenio,MED01,2025-12-09 13:33,2025-12-12 15:30,faltou
AG01724,PAC0247,Lucas Batista Santos,(53) 91830-5408,convenio,MED03,09/12/2025 13:33,2026-01-02 10:00,realizada
AG01725,PAC0227,Diego Sales Coelho,(53) 99785-9132,particular,MED01,2025-12-09 14:48,2026-01-09 14:00,atendido
AG01726,PAC0069,Sérgio Hoffmann Carvalho,+55 51 979759770,particular,MED04,2025-12-09 15:12,2025-12-10 10:30,Realizada
AG01727,PAC0299,Priscila Souza Bezerra,(53) 91166-7412,convenio,MED04,2025-12-09 15:41,2026-01-13 08:00,falta
AG01728,PAC0356,Felipe Reis Dias,(51) 99318-4244,Convênio,MED03,2025-12-09 16:00,2025-12-17 14:30,falta
AG01729,PAC0075,Luiza Costa Souza,51940709045,particular,MED03,2025-12-09 16:00,2026-01-14 15:00,falta
AG01730,PAC0304,Bianca Tavares Machado,51980627626,convenio,MED06,09/12/2025 16:48,2026-01-07 15:00,realizada
AG01731,PAC0388,Patrícia Souza Monteiro,51904129620,convenio,MED04,2025-12-09 16:55,2026-01-07 09:30,cancelada_paciente
AG01732,PAC0181,Renata Fernandes Mendes,(53) 97434-1317,particular,MED03,2025-12-09 17:00,2025-12-19 11:30,realizada
AG01733,PAC0122,Luiza Reis Becker,(54) 96239-4809,convenio,MED06,2025-12-09 17:12,2025-12-17 16:00,falta
AG01734,PAC0002,Felipe Bertoldi Souza,,convenio,MED01,2025-12-09 17:12,29/12/2025 08:00,faltou
AG01735,PAC0070,Caio Aguiar Lima,54902502405,convenio,MED01,2025-12-09 17:20,2026-01-07 08:30,falta
AG01736,PAC0475,Gustavo Bertoldi Moura,(51) 94428-1314,CONVENIO,MED04,2025-12-09 17:33,2026-01-16 09:00,Realizada
AG01737,PAC0073,Márcio Mendes Bertoldi,(51) 94287-3467,convenio,MED02,2025-12-09 17:41,2025-12-16 14:00,Realizada
AG01738,PAC0125,Roberto Zanella Viana,(53) 99681-4060,particular,MED02,10/12/2025 08:20,18/12/2025 14:30,realizada
AG01739,PAC0031,Fernando Becker Aguiar,51942355515,particular,MED01,2025-12-10 08:53,2025-12-10 10:00,cancelada_paciente
AG01740,PAC0331,Adriana Rodrigues Guimarães,(51) 95418-7569,convenio,MED04,10/12/2025 08:57,2025-12-10 10:00,Realizada
AG01741,PAC0294,Emerson Cavalcanti Miranda,(51) 96869-5587,convenio,MED06,2025-12-10 09:48,2025-12-16 11:30,atendido
AG01742,PAC0382,Alexandre Fernandes Nascimento,(51) 95280-1557,convênio,MED03,2025-12-10 10:05,2025-12-24 17:00,falta
AG01743,PAC0332,Júlia Costa Guimarães,53914597490,convenio,MED04,2025-12-10 10:15,2025-12-10 11:00,realizada
AG01744,PAC0168,Cristina Farias Müller,51992073539,CONVENIO,MED03,2025-12-10 10:41,2025-12-12 10:30,realizada
AG01745,PAC0224,Márcio Marques Borges,(53) 90872-5646,convenio,MED06,2025-12-10 11:48,16/12/2025 08:30,falta
AG01746,PAC0020,Beatriz Tavares Borges,+55 53 923601395,convênio,MED04,2025-12-10 11:55,2025-12-22 09:30,realizada
AG01747,PAC0406,Leandro Soares Miranda,(51) 90785-2201,convenio,MED03,2025-12-10 11:55,31/12/2025 17:30,realizada
AG01748,PAC0061,Gustavo Siqueira Pires,(53) 96472-8115,convenio,MED04,2025-12-10 12:20,2025-12-16 10:30,realizada
AG01749,PAC0148,Isabela Tavares Costa,53985280547,convenio,MED04,2025-12-10 13:41,2025-12-16 11:00,FALTA
AG01750,PAC0006,Fabiana Freitas Ramos,92836,convenio,MED01,10/12/2025 13:48,2026-01-21 08:30,faltou
AG01751,PAC0099,Arthur Zanella Borges,(51) 94316-0876,convenio,MED03,10/12/2025 14:00,2026-01-21 17:00,cancelado pelo paciente
AG01752,PAC0229,Thiago Batista Pinto,+55 51 946505959,particular,MED06,2025-12-10 15:05,14/01/2026 14:30,realizada
AG01753,PAC0494,Alexandre Barbosa Araújo,(51) 94050-5858,convênio,MED04,2025-12-10 15:12,2026-01-20 10:00,Realizada
AG01754,PAC0509,Aline Correia Santos,(53) 97857-5973,Convênio,MED05,2025-12-10 15:41,2026-01-22 16:30,falta
AG01755,PAC0230,João Ribeiro Moreira,(51) 91971-1250,convenio,MED03,10/12/2025 15:55,2026-01-14 15:30,realizada
AG01756,PAC0397,Lorena Hoffmann Cardoso,(51) 94432-8919,convenio,MED05,2025-12-10 16:48,2025-12-29 17:00,realizada
AG01757,PAC0323,Sérgio Silva Marques,(51) 95439-9501,CONVENIO,MED03,2025-12-10 17:05,2025-12-24 16:30,no_show
AG01758,PAC0368,Otávio Rodrigues Peixoto,(54) 94468-8287,convenio,MED05,2025-12-11 08:00,2026-01-12 14:00,REALIZADA
AG01759,PAC0082,Raquel Andrade Tomasi,519405,convenio,MED02,11/12/2025 08:05,2025-12-18 09:30,realizada
AG01760,PAC0053,Fabiana Bezerra Siqueira,(54) 98288-4576,convenio,MED03,2025-12-11 08:12,2026-01-23 08:00,realizada
AG01761,PAC0338,Fabiana Fernandes Mendes,+55 51 915452091,convenio,MED04,2025-12-11 08:54,2025-12-11 11:30,atendido
AG01762,PAC0067,Henrique Müller Vieira,+55 53 981682185,particular,MED04,2025-12-11 08:55,08/01/2026 08:00,falta
AG01763,PAC0111,Tatiane Andrade Barbosa,+55 51 920305986,particular,MED01,2025-12-11 09:14,2025-12-12 15:00,realizada
AG01764,PAC0146,Júlia Moreira Souza,(51) 93874-9982,particular,MED02,2025-12-11 09:33,23/12/2025 16:30,falta
AG01765,PAC0340,Mariana Prado Reis,54925671321,convenio,MED05,2025-12-11 09:38,2025-12-11 16:00,Realizada
AG01766,PAC0367,Murilo Reis Aguiar,(51) 91615-2545,convenio,MED04,2025-12-11 09:48,2025-12-19 11:30,atendido
AG01767,PAC0077,Elaine Becker Santana,+55 51 905469242,convenio,MED02,2025-12-11 09:48,2025-12-23 08:30,Realizada
AG01768,PAC0125,Roberto Zanella Viana,(53) 99681-4060,PARTICULAR,MED06,2025-12-11 09:48,2025-12-24 17:30,realizada
AG01769,PAC0348,Samuel Coelho Santana,+55 53 976908024,convenio,MED05,2025-12-11 10:20,2025-12-15 16:00,no_show
AG01770,PAC0036,Igor Bertoldi Sales,(51) 97246-2488,particular,MED04,11/12/2025 11:12,16/12/2025 10:00,falta
AG01771,PAC0208,Caio Santos Costa,+55 53 990845581,convenio,MED01,2025-12-11 11:41,2025-12-24 09:30,atendido
AG01772,PAC0218,Patrícia Campos Tomasi,53991528676,particular,MED04,2025-12-11 12:05,2025-12-16 11:30,cancelada_clinica
AG01773,PAC0172,Márcio Bertoldi Guimarães,(54) 99040-9724,Convênio,MED01,2025-12-11 12:33,2025-12-22 09:00,cancelada_paciente
AG01774,PAC0354,Roberto Castro Monteiro,+55 53 965563215,particular,MED01,2025-12-11 12:33,2026-01-21 08:00,realizada
AG01775,PAC0293,Patrícia Rezende Campos,51921292420,convenio,MED04,2025-12-11 12:55,2025-12-22 08:30,realizada
AG01776,PAC0082,Raquel Andrade Tomasi,519405,convenio,MED04,2025-12-11 13:05,16/01/2026 10:00,FALTA
AG01777,PAC0240,Fabiana Martins Weber,+55 51 959205241,particular,MED05,2025-12-11 13:41,2026-01-05 14:30,realizada
AG01778,PAC0354,Roberto Castro Monteiro,+55 53 965563215,particular,MED02,2025-12-11 14:05,2026-01-13 14:30,realizada
AG01779,PAC0072,Rafael Teixeira Fonseca,,particular,MED04,2025-12-11 14:12,23/12/2025 11:30,cancelado pelo paciente
AG01780,PAC0234,Eduardo Coelho Santos,51992689273,convenio,MED01,2025-12-11 14:48,2025-12-15 08:00,faltou
AG01781,PAC0044,Tatiane Dias Correia,(53) 92104-5395,convenio,MED06,2025-12-11 15:00,2025-12-23 09:30,FALTA
AG01782,PAC0156,Patrícia Moura Castro,(51) 93069-9847,convenio,MED01,2025-12-11 15:05,2025-12-22 09:30,desmarcou
AG01783,PAC0226,Luciana Bezerra Castro,,convenio,MED05,2025-12-11 15:20,2025-12-15 14:30,realizada
AG01784,PAC0242,Henrique Rodrigues Ferreira,(51) 94312-2975,convenio,MED06,2025-12-11 15:33,2025-12-18 09:00,REALIZADA
AG01785,PAC0237,Sérgio Carvalho Reis,(53) 91921-6641,particular,MED01,2025-12-11 15:33,2025-12-24 07:00,realizada
AG01786,PAC0045,Henrique Macedo Rodrigues,(51) 98619-6258,particular,MED01,2025-12-11 15:41,2026-01-07 11:30,no_show
AG01787,PAC0467,Emerson Kuhn Fernandes,(51) 94698-7789,convenio,MED05,11/12/2025 15:41,14/01/2026 17:30,FALTA
AG01788,PAC0156,Patrícia Moura Castro,(51) 93069-9847,convenio,MED04,2025-12-11 16:12,2025-12-24 08:00,ausente
AG01789,PAC0305,Leandro Freitas Ferreira,(51) 93387-6106,particular,MED03,2025-12-11 16:33,2026-01-05 16:00,faltou
AG01790,PAC0513,Caio Bertoldi Bertoldi,(51) 94281-3339,convenio,MED03,2025-12-11 16:55,2026-01-23 09:00,realizada
AG01791,PAC0420,Fábio Castro Macedo,51978209975,particular,MED04,2025-12-11 17:12,2026-01-05 08:30,realizada
AG01792,PAC0079,Daniel Tomasi Pires,,PARTICULAR,MED01,2025-12-11 17:41,26/12/2025 17:30,realizada
AG01793,PAC0497,Pedro  Santos Guimarães,(53) 97826-2103,convênio,MED06,2025-12-11 17:55,2026-01-20 10:30,falta
AG01794,PAC0185,Gabriel Carvalho Nunes,+55 51 941741132,CONVENIO,MED04,2025-12-12 08:10,2025-12-12 09:00,Realizada
AG01795,PAC0334,Daniel Araújo Gonçalves,(51) 99523-5715,Particular,MED01,2025-12-12 08:32,2025-12-12 17:30,realizada
AG01796,PAC0029,Caio Souza Rodrigues,(51) 93841-1283,convênio,MED02,2025-12-12 08:41,08/01/2026 14:00,realizada
AG01797,PAC0246,Rodrigo Alves Miranda,(53) 95892-7244,convenio,MED03,12/12/2025 09:41,2025-12-17 17:30,cancelado
AG01798,PAC0124,Márcio Castro Teixeira,+55 53 944047803,particular,MED02,12/12/2025 09:48,20/01/2026 08:30,cancelada_paciente
AG01799,PAC0284,Mateus Guimarães Guimarães,(51) 94626-9159,particular,MED01,2025-12-12 10:33,2025-12-15 10:30,realizada
AG01800,PAC0200,Diego Ferreira Araújo,51922952546,convenio,MED04,2025-12-12 11:05,2026-01-19 10:00,falta
AG01801,PAC0227,Diego Sales Coelho,(53) 99785-9132,particular,MED05,2025-12-12 11:33,2025-12-23 14:30,realizada
AG01802,PAC0061,Gustavo Siqueira Pires,(53) 96472-8115,convenio,MED02,2025-12-12 13:00,30/12/2025 16:00,falta
AG01803,PAC0360,Alexandre Ramos Souza,(51) 98722-2463,particular,MED02,2025-12-12 13:20,2025-12-18 11:00,realizada
AG01804,PAC0251,Tânia Ribeiro Cavalcanti,(51) 93341-6083,particular,MED01,2025-12-12 13:33,2025-12-24 08:00,realizada
AG01805,PAC0295,Pedro Hoffmann Macedo,(51) 91923-2674,convenio,MED02,12/12/2025 13:48,2025-12-18 14:00,Realizada
AG01806,PAC0158,Diego Viana Souza,(51) 91172-2760,convenio,MED03,2025-12-12 15:12,2025-12-17 14:00,atendido
AG01807,PAC0256,Gabriel Guimarães Vieira,53953943109,convenio,MED05,2025-12-12 15:20,2025-12-17 14:00,realizada
AG01808,PAC0379,Fernando Alves Reis,53951122935,Convênio,MED01,2025-12-12 15:41,24/12/2025 08:30,REALIZADA
AG01809,PAC0491,Gabriel Moura Moura,(53) 98249-9724,Convênio,MED02,2025-12-12 16:00,2026-01-20 10:30,FALTA
AG01810,PAC0261,Cristina Andrade Alves,(51) 92619-7484,Convênio,MED03,2025-12-12 16:05,2026-01-21 16:30,desmarcou
AG01811,PAC0276,Diego Cardoso Queiroz,(54) 92321-5421,particular,MED05,2025-12-12 16:48,2025-12-15 15:30,realizada
AG01812,PAC0095,Vanessa Dias Hoffmann,53934170837,particular,MED02,2025-12-12 17:12,2025-12-16 15:00,atendido
AG01813,PAC0365,Thiago Cavalcanti Cavalcanti,+55 53 902986033,convenio,MED05,12/12/2025 17:12,2025-12-18 17:00,realizada
AG01814,PAC0355,José Reis Brandão,+55 51 933752841,convenio,MED04,2025-12-12 17:12,14/01/2026 11:00,cancelada_clinica
AG01815,PAC0132,Cláudia Souza Nascimento,(51) 98903-9821,particular,MED02,2025-12-15 08:12,2025-12-16 10:30,realizada
AG01816,PAC0142,José Ferreira Nunes,+55 53 936084144,CONVENIO,MED01,2025-12-15 08:41,2026-01-14 08:30,Realizada
AG01817,PAC0067,Henrique Müller Vieira,+55 53 981682185,particular,MED01,2025-12-15 08:48,02/01/2026 15:30,realizada
AG01818,PAC0246,Rodrigo Alves Miranda,(53) 95892-7244,convenio,MED04,15/12/2025 10:00,18/12/2025 09:00,realizada
AG01819,PAC0135,Viviane Souza Prado,,convenio,MED04,2025-12-15 10:20,2025-12-18 08:30,faltou
AG01820,PAC0397,Lorena Hoffmann Cardoso,(51) 94432-8919,convenio,MED06,2025-12-15 10:20,2025-12-31 17:00,realizada
AG01821,PAC0264,Roberto Pereira Santos,53946611931,particular,MED01,2025-12-15 10:41,2025-12-24 10:00,REALIZADA
AG01822,PAC0452,João Gomes Schmidt,(53) 97385-5852,particular,MED02,2025-12-15 11:12,2026-01-13 16:00,falta
AG01823,PAC0371,Sabrina Müller Pinto,+55 51 930208738,particular,MED01,2025-12-15 11:33,22/12/2025 11:30,desmarcou
AG01824,PAC0286,Murilo Borges Siqueira,(51) 97367-8015,Particular,MED03,2025-12-15 11:55,2026-01-23 11:00,ausente
AG01825,PAC0378,Daniel Moura Fernandes,(51) 96518-0764,particular,MED01,2025-12-15 12:55,2025-12-24 07:30,FALTA
AG01826,PAC0264,Roberto Pereira Santos,53946611931,particular,MED02,2025-12-15 13:12,08/01/2026 16:30,faltou
AG01827,PAC0310,Priscila Siqueira Mendes,+55 51 909096391,particular,MED05,2025-12-15 13:20,2025-12-29 15:30,realizada
AG01828,PAC0348,Samuel Coelho Santana,+55 53 976908024,convenio,MED03,2025-12-15 13:20,2026-01-19 16:30,faltou
AG01829,PAC0319,Isabela Rodrigues Martins,(51) 91472-4158,convenio,MED04,2025-12-15 13:55,2025-12-23 09:00,realizada
AG01830,PAC0100,Wagner Gomes Siqueira,+55 51 970125392,Convênio,MED04,2025-12-15 15:05,2025-12-17 09:30,realizada
AG01831,PAC0152,Jéssica Pinto Zanella,(51) 93054-2542,convenio,MED05,2025-12-15 15:20,2025-12-17 17:30,realizada
AG01832,PAC0063,Vitor Xavier Lopes,54972055015,particular,MED02,2025-12-15 15:41,2026-01-08 09:30,faltou
AG01833,PAC0462,João Cavalcanti Carvalho,(51) 94947-9995,convenio,MED03,2025-12-15 16:05,2026-01-14 13:30,FALTA
AG01834,PAC0328,Wagner Correia Weber,53959455652,convenio,MED01,2025-12-15 16:20,2025-12-17 09:30,realizada
AG01835,PAC0425,Henrique Guimarães Coelho,+55 51 908505423,particular,MED02,2025-12-15 17:33,2026-01-06 16:00,realizada
AG03942,PAC0992,Luiza Pereira Bertoldi,51902031948,particular,MED04,2026-04-06 13:33,2026-05-21 11:00,realizada
AG01836,PAC0085,Emerson Reis Macedo,51972488125,convenio,MED04,2025-12-15 17:41,2026-01-02 10:00,no_show
AG01837,PAC0010,Rafael Coelho Oliveira,51917974054,convenio,MED01,2025-12-16 08:05,2025-12-22 07:00,falta
AG01838,PAC0306,Leonardo Rocha Correia,+55 54 938743621,convenio,MED01,2025-12-16 08:05,2025-12-22 11:00,Realizada
AG01839,PAC0205,José Rezende Sales,+55 51 981800370,Convênio,MED01,2025-12-16 08:05,09/01/2026 15:30,realizada
AG01840,PAC0182,João Farias Mendes,0000000000,CONVENIO,MED05,2025-12-16 08:12,2025-12-16 14:00,cancelada_paciente
AG01841,PAC0337,Larissa Rocha Barbosa,+55 51 987644555,convenio,MED04,2025-12-16 08:33,2025-12-26 09:30,desmarcou
AG01842,PAC0049,Marcos Xavier Marques,51940355702,convenio,MED04,16/12/2025 08:48,2025-12-22 08:00,realizada
AG01843,PAC0143,Raquel Pereira Macedo,(54) 98269-0375,convenio,MED04,2025-12-16 08:57,2025-12-16 09:30,REALIZADA
AG01844,PAC0404,Lorena  Duarte Moreira,+55 53 932587913,Particular,MED01,2025-12-16 09:20,31/12/2025 08:00,falta
AG01845,PAC0132,Cláudia Souza Nascimento,(51) 98903-9821,particular,MED05,2025-12-16 09:33,2025-12-23 17:30,realizada
AG01846,PAC0092,Maria Fernandes Pinto,(51) 90949-2947,convenio,MED04,2025-12-16 09:33,2026-01-26 08:00,falta
AG01847,PAC0445,Elaine Weber Ramos,51968878923,convênio,MED06,2025-12-16 09:48,2026-01-08 11:30,falta
AG01848,PAC0163,Aline Reis Brandão,+55 51 977816336,particular,MED02,16/12/2025 10:12,18/12/2025 10:00,realizada
AG01849,PAC0384,Otávio Duarte Bezerra,(53) 92118-3929,convenio,MED06,2025-12-16 10:20,2025-12-24 16:00,falta
AG01850,PAC0182,João Farias Mendes,0000000000,convênio,MED06,2025-12-16 10:51,2025-12-17 15:30,Realizada
AG01851,PAC0414,Sabrina Müller Costa,(51) 91690-5097,convenio,MED03,2025-12-16 11:00,2026-01-02 10:30,falta
AG01852,PAC0315,José Aguiar Carvalho,54982105845,convenio,MED05,2025-12-16 11:21,16/12/2025 14:00,realizada
AG01853,PAC0389,Emerson Miranda Freitas,(51) 99860-1981,convênio,MED04,16/12/2025 11:33,26/12/2025 09:00,Realizada
AG01854,PAC0381,João Mendes Santos,(51) 97271-4685,PARTICULAR,MED01,2025-12-16 12:05,2025-12-24 10:30,realizada
AG01855,PAC0118,Natália Miranda Batista,(53) 91252-8676,convenio,MED02,2025-12-16 12:20,2026-01-20 15:30,no_show
AG01856,PAC0167,Cláudia Almeida Soares,54987332667,convenio,MED01,2025-12-16 12:41,2026-01-23 17:00,realizada
AG01857,PAC0223,Mateus Pinto Brandão,(51) 94221-4969,Convênio,MED04,16/12/2025 13:20,2026-01-20 10:30,atendido
AG01858,PAC0167,Cláudia Almeida Soares,54987332667,convenio,MED01,16/12/2025 13:48,2026-01-09 15:00,realizada
AG01859,PAC0427,Wagner Andrade Miranda,519172,particular,MED06,2025-12-16 14:00,2026-01-27 11:30,realizada
AG01860,PAC0088,Beatriz Rezende Rocha,(53) 91979-7265,PARTICULAR,MED03,2025-12-16 14:05,2025-12-31 16:00,Realizada
AG01861,PAC0073,Márcio Mendes Bertoldi,(51) 94287-3467,convenio,MED04,2025-12-16 14:20,2026-01-23 09:00,realizada
AG01862,PAC0303,Juliana Martins Correia,(51) 91975-3342,convenio,MED02,2025-12-16 15:41,2025-12-16 17:00,realizada
AG01863,PAC0155,César Peixoto Moreira,51959800742,convenio,MED03,2025-12-16 16:33,2025-12-22 17:00,falta
AG01864,PAC0052,Daniel Araújo Coelho,(51) 98488-8292,particular,MED02,2025-12-16 16:55,2026-01-20 17:00,falta
AG01865,PAC0052,Daniel Araújo Coelho,(51) 98488-8292,particular,MED01,2025-12-16 17:05,2025-12-29 11:30,faltou
AG01866,PAC0510,Daniel Correia Bittencourt,(51) 96305-6340,CONVENIO,MED06,2025-12-16 17:05,2026-01-22 10:00,FALTA
AG01867,PAC0343,Sabrina Alves Castro,(51) 91139-9364,particular,MED04,2025-12-16 17:20,2026-01-22 10:30,realizada
AG01868,PAC0245,Juliana Bezerra Duarte,54992501078,particular,MED04,16/12/2025 17:41,2025-12-17 10:00,REALIZADA
AG01869,PAC0369,Letícia Marques Schmidt,(53) 95146-3485,PARTICULAR,MED05,17/12/2025 08:00,15/01/2026 17:30,atendido
AG01870,PAC0003,Camila Miranda Carvalho,51961003307,convenio,MED06,2025-12-17 08:12,15/01/2026 10:30,cancelado
AG01871,PAC0203,Samuel Cardoso Pires,(54) 95205-1502,Convênio,MED03,2025-12-17 08:48,2025-12-22 17:30,realizada
AG01872,PAC0159,Tânia Rocha Monteiro,53920999820,Convênio,MED03,2025-12-17 09:20,2025-12-19 10:00,realizada
AG01873,PAC0210,Emerson Rocha Prado,(51) 92366-5789,convenio,MED03,2025-12-17 09:52,2025-12-17 13:00,confirmada
AG01874,PAC0369,Letícia Marques Schmidt,(53) 95146-3485,particular,MED01,2025-12-17 09:55,2025-12-19 16:00,atendido
AG01875,PAC0113,Fernando Ferreira Rezende,(51) 95512-6270,particular,MED01,2025-12-17 10:05,2025-12-19 15:30,realizada
AG01876,PAC0301,Sérgio Sales Batista,+55 53 955389383,convenio,MED02,2025-12-17 10:20,2025-12-30 14:00,realizada
AG01877,PAC0016,Murilo Viana Kuhn,+55 51 982888446,CONVENIO,MED04,2025-12-17 10:20,2025-12-31 11:30,cancelada_paciente
AG01878,PAC0529,Aline Moreira Sales,(51) 98570-4068,particular,MED01,17/12/2025 10:48,2026-01-28 10:00,realizada
AG01879,PAC0362,Carolina Siqueira Gomes,53978143045,convenio,MED02,17/12/2025 10:55,2025-12-18 15:30,realizada
AG01880,PAC0142,José Ferreira Nunes,+55 53 936084144,convenio,MED01,2025-12-17 11:33,2026-01-02 16:00,falta
AG04561,PAC0894,Carolina Ramos Freitas,51967743064,particular,MED06,11/05/2026 11:41,2026-06-11 11:30,realizada
AG01881,PAC0329,Thiago Rodrigues Alves,+55 54 973325354,convenio,MED04,17/12/2025 11:55,2026-01-06 10:00,faltou
AG01882,PAC0053,Fabiana Bezerra Siqueira,(54) 98288-4576,Convênio,MED02,2025-12-17 12:20,2025-12-23 15:00,REALIZADA
AG01883,PAC0155,César Peixoto Moreira,51959800742,convenio,MED04,2025-12-17 12:33,18/12/2025 11:00,realizada
AG01884,PAC0032,Daniel Souza Farias,54996395682,convenio,MED02,17/12/2025 13:41,2026-01-13 10:30,Realizada
AG01885,PAC0256,Gabriel Guimarães Vieira,53953943109,convenio,MED02,17/12/2025 14:20,2025-12-23 10:30,realizada
AG01886,PAC0358,Juliana Viana Ramos,+55 51 998222821,convenio,MED05,17/12/2025 14:38,2025-12-17 15:30,FALTA
AG01887,PAC0083,Marcos Alves Rocha,51917272994,convenio,MED01,2025-12-17 15:41,2026-01-14 07:30,cancelado pelo paciente
AG01888,PAC0363,Vitor Bertoldi Araújo,(51) 98541-7765,particular,MED01,2025-12-17 16:05,2025-12-31 09:30,realizada
AG01889,PAC0270,Fernando Dias Santana,+55 53 978879045,particular,MED06,2025-12-17 16:29,2025-12-17 17:30,realizada
AG01890,PAC0401,Helena Castro Xavier,(51) 95466-5163,convenio,MED06,2025-12-17 16:48,2025-12-30 09:00,atendido
AG01891,PAC0067,Henrique Müller Vieira,+55 53 981682185,particular,MED04,2025-12-17 16:55,2026-01-19 09:00,FALTA
AG01892,PAC0328,Wagner Correia Weber,53959455652,convenio,MED05,2025-12-18 08:12,2025-12-24 16:00,atendido
AG01893,PAC0305,Leandro Freitas Ferreira,(51) 93387-6106,particular,MED02,18/12/2025 09:33,2026-01-20 09:00,falta
AG01894,PAC0001,Tânia Moreira Andrade,+55 53 979217421,convênio,MED04,2025-12-18 10:05,2026-01-08 08:30,realizada
AG01895,PAC0022,Samuel Farias Pires,54939218051,Particular,MED03,2025-12-18 10:12,19/12/2025 08:30,realizada
AG01896,PAC0269,Natália Soares Borges,51903422457,particular,MED05,2025-12-18 11:00,2026-02-02 17:30,FALTA
AG01897,PAC0226,Luciana Bezerra Castro,,convenio,MED05,2025-12-18 11:31,2025-12-18 16:30,realizada
AG01898,PAC0161,Lorena Ramos Machado,(54) 93359-2298,particular,MED04,2025-12-18 11:33,19/12/2025 08:00,Realizada
AG01899,PAC0328,Wagner Correia Weber,53959455652,Convênio,MED03,18/12/2025 11:33,2026-01-28 14:00,faltou
AG01900,PAC0372,Daniel Kuhn Xavier,(53) 99490-1473,convenio,MED04,2025-12-18 11:48,2025-12-22 10:30,desmarcou
AG01901,PAC0384,Otávio Duarte Bezerra,(53) 92118-3929,convenio,MED04,2025-12-18 11:48,2025-12-30 08:00,no_show
AG01902,PAC0005,Lorena Martins Ferreira,(51) 93740-9546,Convênio,MED01,2025-12-18 11:48,2026-01-23 15:00,falta
AG01903,PAC0040,Maria Marques Barbosa,(51) 96845-6814,convenio,MED02,2025-12-18 11:55,2025-12-18 15:00,realizada
AG01904,PAC0179,Fabiana Xavier Carvalho,(51) 91659-2857,convenio,MED04,2025-12-18 11:55,2026-01-02 08:00,realizada
AG01905,PAC0259,Vitor Correia Queiroz,53934058645,Convênio,MED04,2025-12-18 12:48,2026-01-29 08:00,realizada
AG01906,PAC0366,Viviane Gonçalves Viana,(51) 92617-4211,convenio,MED03,2025-12-18 13:41,2026-01-02 11:30,FALTA
AG01907,PAC0326,Larissa Tavares Alves,(51) 97675-4716,particular,MED06,2025-12-18 13:55,2025-12-23 11:30,no_show
AG01908,PAC0512,Isabela Dias Machado,,convenio,MED01,2025-12-18 14:05,2026-01-23 14:30,ausente
AG01909,PAC0047,Raquel Ramos Prado,+55 54 907183846,Particular,MED03,2025-12-18 15:00,2026-01-30 11:00,falta
AG01910,PAC0184,Tânia Santos Carvalho,51916335247,particular,MED05,2025-12-18 15:20,22/12/2025 16:30,realizada
AG01911,PAC0378,Daniel Moura Fernandes,(51) 96518-0764,particular,MED01,2025-12-18 15:33,2025-12-31 09:00,realizada
AG01912,PAC0511,Beatriz Menezes Ramos,99666,Particular,MED06,2025-12-18 15:55,2026-01-22 11:30,ausente
AG01913,PAC0325,Wagner Lopes Barbosa,(51) 99648-0281,Convênio,MED01,18/12/2025 17:01,2025-12-22 09:00,falta
AG01914,PAC0450,Ricardo Coelho Schmidt,51992645446,convenio,MED04,2025-12-18 17:41,2026-01-12 10:30,cancelado
AG01915,PAC0081,Rodrigo Farias Tomasi,+55 51 914179864,convenio,MED05,2025-12-18 17:55,2025-12-22 15:00,realizada
AG01916,PAC0532,Maria Reis Bertoldi,(54) 93555-0166,convenio,MED03,2025-12-18 17:55,2026-01-28 15:00,FALTA
AG01917,PAC0377,Fernando Hoffmann Peixoto,54910618587,convenio,MED05,2025-12-19 09:00,2025-12-23 15:30,realizada
AG01918,PAC0010,Rafael Coelho Oliveira,51917974054,convenio,MED05,2025-12-19 10:55,2026-01-08 15:00,realizada
AG01919,PAC0033,Caio Lima Zanella,53948151415,convenio,MED04,2025-12-19 12:55,2025-12-31 10:00,faltou
AG01920,PAC0409,Beatriz Cavalcanti Cardoso,+55 54 950611779,particular,MED05,19/12/2025 12:55,2026-01-26 16:30,falta
AG01921,PAC0049,Marcos Xavier Marques,51940355702,CONVENIO,MED03,2025-12-19 13:00,2025-12-24 14:30,realizada
AG01922,PAC0211,Gisele Brandão Mendes,(53) 97547-4117,particular,MED06,2025-12-19 14:00,2026-01-08 08:00,falta
AG01923,PAC0378,Daniel Moura Fernandes,(51) 96518-0764,particular,MED05,19/12/2025 14:55,15/01/2026 17:00,realizada
AG01924,PAC0399,Camila Barbosa Araújo,(53) 95991-4437,Convênio,MED04,2025-12-19 15:00,2025-12-30 09:00,realizada
AG01925,PAC0361,Bruno Sales Kuhn,51974002028,CONVENIO,MED02,2025-12-19 15:00,2026-01-08 16:00,FALTA
AG01926,PAC0198,Elaine Silva Souza,(54) 96875-1665,Convênio,MED04,2025-12-19 15:55,2025-12-29 08:00,Realizada
AG01927,PAC0171,Fábio Gonçalves Macedo,+55 51 919138398,convenio,MED04,2025-12-19 17:05,2026-01-05 10:00,REALIZADA
AG01928,PAC0110,Carolina Viana Ribeiro,(51) 94788-7655,particular,MED02,2025-12-19 17:24,2025-12-23 15:30,faltou
AG01929,PAC0207,Murilo Reis Vieira,(53) 97026-9795,Convênio,MED03,19/12/2025 17:33,2025-12-24 17:30,realizada
AG01930,PAC0116,Leandro Becker Marques,51920146861,particular,MED06,19/12/2025 17:41,2025-12-23 08:30,realizada
AG01931,PAC0033,Caio Lima Zanella,53948151415,convenio,MED05,2025-12-19 17:56,2025-12-24 17:30,no_show
AG01932,PAC0088,Beatriz Rezende Rocha,(53) 91979-7265,particular,MED01,2025-12-22 08:04,2025-12-22 09:30,realizada
AG01933,PAC0263,Sônia Rocha Sales,51953982284,convenio,MED01,2025-12-22 08:04,2025-12-22 11:30,realizada
AG01934,PAC0273,Gisele Pinto Rocha,(53) 98330-4304,particular,MED02,2025-12-22 09:12,2026-01-08 15:30,atendido
AG01935,PAC0288,Márcio Pereira Moreira,51959861936,convenio,MED04,2025-12-22 09:36,22/12/2025 10:30,realizada
AG01936,PAC0347,Gustavo Peixoto Ferreira,(51) 98766-2181,particular,MED04,22/12/2025 09:55,2025-12-24 10:30,realizada
AG01937,PAC0388,Patrícia Souza Monteiro,51904129620,convenio,MED04,2025-12-22 10:20,2026-01-02 11:30,realizada
AG01938,PAC0376,Vitor Rodrigues Silva,(51) 92379-5044,convenio,MED04,2025-12-22 11:18,23/12/2025 08:00,realizada
AG01939,PAC0405,Roberto Viana Silva,539244,particular,MED06,2025-12-22 11:20,31/12/2025 14:30,realizada
AG01940,PAC0182,João Farias Mendes,0000000000,convenio,MED04,2025-12-22 11:55,2026-01-14 09:00,realizada
AG01941,PAC0082,Raquel Andrade Tomasi,519405,convenio,MED03,22/12/2025 12:48,2026-01-12 14:00,cancelado pelo paciente
AG01942,PAC0256,Gabriel Guimarães Vieira,53953943109,CONVENIO,MED04,2025-12-22 12:48,2026-01-21 08:00,falta
AG01943,PAC0366,Viviane Gonçalves Viana,(51) 92617-4211,convenio,MED04,2025-12-22 13:12,2025-12-24 11:30,realizada
AG01944,PAC0417,Gustavo Pinto Correia,+55 54 969381977,particular,MED01,2025-12-22 13:33,05/01/2026 11:00,falta
AG01945,PAC0386,Natália Miranda Martins,54921304666,particular,MED01,2025-12-22 13:41,2025-12-26 14:00,atendido
AG01946,PAC0094,Fernando Nascimento Viana,51999977924,Convênio,MED02,2025-12-22 13:48,2025-12-30 08:30,REALIZADA
AG01947,PAC0273,Gisele Pinto Rocha,(53) 98330-4304,particular,MED05,2025-12-22 14:00,2025-12-31 17:00,cancelado clinica
AG01948,PAC0448,Vanessa Ramos Silva,53917303945,convenio,MED01,2025-12-22 14:00,2026-01-16 15:30,realizada
AG01949,PAC0237,Sérgio Carvalho Reis,(53) 91921-6641,particular,MED06,22/12/2025 14:05,2026-01-08 11:00,realizada
AG01950,PAC0079,Daniel Tomasi Pires,,particular,MED05,2025-12-22 14:05,2026-01-21 14:00,realizada
AG01951,PAC0123,Cláudia Bittencourt Pinto,(53) 96497-9758,particular,MED01,22/12/2025 14:33,2026-01-02 13:30,Realizada
AG01952,PAC0159,Tânia Rocha Monteiro,53920999820,convenio,MED01,2025-12-22 14:41,2025-12-31 07:30,atendido
AG01953,PAC0374,Mateus Batista Marques,,convenio,MED02,2025-12-22 14:55,2025-12-23 09:00,FALTA
AG01954,PAC0042,Henrique Santos Miranda,53953980453,convenio,MED05,22/12/2025 15:00,2026-01-12 16:00,falta
AG01955,PAC0198,Elaine Silva Souza,(54) 96875-1665,convênio,MED04,2025-12-22 15:05,2025-12-23 08:30,realizada
AG01956,PAC0142,José Ferreira Nunes,+55 53 936084144,convenio,MED04,2025-12-22 15:12,2026-01-19 11:30,cancelada_clinica
AG01957,PAC0360,Alexandre Ramos Souza,(51) 98722-2463,Particular,MED06,2025-12-22 16:33,2025-12-24 14:30,falta
AG01958,PAC0423,Marcos Becker Sales,(51) 98022-5886,convenio,MED04,2025-12-22 16:41,05/01/2026 11:30,falta
AG01959,PAC0069,Sérgio Hoffmann Carvalho,+55 51 979759770,particular,MED06,2025-12-22 17:04,2025-12-24 15:30,realizada
AG01960,PAC0387,Camila Gonçalves Reis,51905762229,convenio,MED01,2025-12-22 17:12,2025-12-26 15:30,realizada
AG01961,PAC0383,Igor Batista Andrade,(51) 90083-8719,particular,MED04,2025-12-23 08:20,2025-12-24 08:30,realizada
AG01962,PAC0318,Débora Santana Schmidt,(51) 96825-0575,Convênio,MED05,2025-12-23 08:20,2026-01-06 14:00,falta
AG01963,PAC0196,Carla Lorenzi Silva,(54) 90336-6604,particular,MED04,2025-12-23 08:53,2025-12-23 09:30,realizada
AG01964,PAC0421,Otávio Bezerra Ramos,(51) 97370-4969,convenio,MED04,2025-12-23 08:55,2026-01-05 09:00,realizada
AG01965,PAC0393,Lorena Vieira Barbosa,(51) 91417-2466,convenio,MED03,2025-12-23 09:12,2025-12-31 14:30,faltou
AG01966,PAC0116,Leandro Becker Marques,51920146861,particular,MED01,2025-12-23 09:12,2026-01-19 08:00,atendido
AG01967,PAC0145,Diego Gonçalves Peixoto,+55 51 936594709,convenio,MED01,2025-12-23 09:20,26/12/2025 13:30,realizada
AG01968,PAC0457,Eduardo Queiroz Goms,54965257649,convênio,MED05,2025-12-23 09:48,2026-01-13 15:00,realizada
AG01969,PAC0461,Bruno Moreira Correia,+55 53 993957896,convenio,MED01,2025-12-23 09:48,14/01/2026 09:30,falta
AG01970,PAC0275,Beatriz Oliveira Cavalcanti,(51) 94561-1040,Convênio,MED04,2025-12-23 10:12,2025-12-24 09:00,cancelado
AG01971,PAC0132,Cláudia Souza Nascimento,(51) 98903-9821,particular,MED06,2025-12-23 11:05,2026-01-07 17:30,cancelado clinica
AG01972,PAC0409,Beatriz Cavalcanti Cardoso,+55 54 950611779,particular,MED02,2025-12-23 11:12,2026-01-06 09:30,cancelado
AG01973,PAC0309,Felipe Carvalho Becker,(53) 90135-6843,convenio,MED02,2025-12-23 11:12,2026-01-08 10:00,falta
AG01974,PAC0398,Adriana Gomes Siqueira,+55 51 906050640,particular,MED02,2025-12-23 11:33,2025-12-30 17:00,realizada
AG01975,PAC0245,Juliana Bezerra Duarte,54992501078,particular,MED02,2025-12-23 12:55,2026-01-20 11:30,realizada
AG01976,PAC0345,Mateus Bittencourt Tavares,(54) 93463-2858,particular,MED05,23/12/2025 13:05,2025-12-23 16:00,realizada
AG01977,PAC0307,Isabela Sales Farias,(53) 99412-5607,PARTICULAR,MED04,2025-12-23 13:05,2026-01-02 09:00,realizada
AG01978,PAC0148,Isabela Tavares Costa,53985280547,CONVENIO,MED05,2025-12-23 14:12,2026-01-29 15:00,falta
AG01979,PAC0400,Sônia Andrade Pinto,51936497150,convenio,MED05,2025-12-23 14:48,07/01/2026 14:30,confirmada
AG01980,PAC0021,Jéssica Hoffmann Coelho,(51) 93213-2241,particular,MED01,2025-12-23 15:41,2026-01-23 16:00,Realizada
AG01981,PAC0394,Igor Pires Peixoto,(51) 92330-8187,convenio,MED03,2025-12-23 16:48,2025-12-29 17:30,realizada
AG01982,PAC0422,Márcio Fonseca Soares,51912416163,Convênio,MED05,2025-12-23 16:48,2026-01-08 15:30,ausente
AG01983,PAC0318,Débora Santana Schmidt,(51) 96825-0575,convenio,MED06,2025-12-23 16:55,2026-01-06 09:00,falta
AG01984,PAC0379,Fernando Alves Reis,53951122935,convenio,MED05,2025-12-23 17:12,2025-12-29 16:00,faltou
AG01985,PAC0066,Eduardo Monteiro Reis,53986799759,Convênio,MED04,2025-12-23 17:12,2026-01-07 09:00,cancelada_clinica
AG01986,PAC0410,Viviane Kuhn Schmidt,(51) 92893-1543,particular,MED06,23/12/2025 17:33,2025-12-31 14:00,realizada
AG01987,PAC0227,Diego Sales Coelho,(53) 99785-9132,Particular,MED06,2025-12-23 17:41,2026-01-27 10:00,realizada
AG01988,PAC0289,Gabriel Aguiar Carvalho,54984298548,PARTICULAR,MED04,24/12/2025 08:14,2025-12-24 09:00,REALIZADA
AG01989,PAC0007,Juliana Soares Freitas,(54) 98991-4330,convenio,MED05,2025-12-24 08:20,2026-01-14 16:30,FALTA
AG01990,PAC0538,Fábio Peixoto Bittencourt,(51) 99999-3072,convenio,MED02,2025-12-24 08:41,2026-01-29 17:30,faltou
AG01991,PAC0281,Larissa Oliveira Bezerra,(54) 96796-3186,convenio,MED04,2025-12-24 08:55,2026-01-02 08:30,atendido
AG01992,PAC0030,Tatiane Campos Barbosa,(51) 92954-8265,convenio,MED04,2025-12-24 09:18,2025-12-26 11:30,falta
AG01993,PAC0465,César Queiroz Moreira,(51) 93035-4515,convenio,MED04,2025-12-24 12:41,14/01/2026 10:00,realizada
AG01994,PAC0375,Thiago Borges Batista,(53) 92980-3046,particular,MED05,2025-12-24 13:55,2025-12-29 14:30,realizada
AG01995,PAC0181,Renata Fernandes Mendes,(53) 97434-1317,particular,MED03,2025-12-24 14:12,2026-01-05 15:30,FALTA
AG01996,PAC0323,Sérgio Silva Marques,(51) 95439-9501,CONVENIO,MED03,2025-12-24 14:20,2026-01-28 16:30,realizada
AG01997,PAC0002,Felipe Bertoldi Souza,,convenio,MED05,2025-12-24 14:33,20/01/2026 16:30,realizada
AG01998,PAC0036,Igor Bertoldi Sales,(51) 97246-2488,particular,MED03,24/12/2025 14:55,09/01/2026 10:00,faltou
AG01999,PAC0277,Murilo Nascimento Becker,(51) 99703-2481,convenio,MED06,24/12/2025 15:12,2025-12-30 08:30,realizada
AG02000,PAC0467,Emerson Kuhn Fernandes,(51) 94698-7789,convenio,MED06,2025-12-24 15:48,2026-01-28 15:30,realizada
AG02001,PAC0082,Raquel Andrade Tomasi,519405,convenio,MED01,2025-12-24 15:55,2026-01-26 08:00,FALTA
AG02002,PAC0123,Cláudia Bittencourt Pinto,(53) 96497-9758,particular,MED02,2025-12-24 16:48,06/01/2026 11:30,Realizada
AG02003,PAC0132,Cláudia Souza Nascimento,(51) 98903-9821,particular,MED03,2025-12-24 17:48,2026-01-05 17:00,realizada
AG02004,PAC0030,Tatiane Campos Barbosa,(51) 92954-8265,CONVENIO,MED06,2025-12-26 08:05,08/01/2026 10:30,no_show
AG02005,PAC0135,Viviane Souza Prado,,convenio,MED01,2025-12-26 08:33,2025-12-31 10:00,no_show
AG02006,PAC0011,Sônia Machado Campos,+55 51 995322750,convenio,MED06,2025-12-26 08:55,2026-01-20 09:30,faltou
AG02007,PAC0140,Lucas Ramos Silva,+55 51 983709241,particular,MED04,2025-12-26 09:00,2026-01-06 11:00,realizada
AG02008,PAC0344,Luciana Duarte Andrade,51953130703,convenio,MED01,2025-12-26 09:05,2026-01-30 15:30,FALTA
AG02009,PAC0392,Paulo Moreira Pires,51937130183,convenio,MED04,2025-12-26 09:33,29/12/2025 08:30,Realizada
AG02010,PAC0378,Daniel Moura Fernandes,(51) 96518-0764,particular,MED05,2025-12-26 09:33,2026-01-27 17:30,faltou
AG02011,PAC0323,Sérgio Silva Marques,(51) 95439-9501,convenio,MED05,2025-12-26 09:41,30/12/2025 15:30,falta
AG02012,PAC0181,Renata Fernandes Mendes,(53) 97434-1317,Particular,MED04,2025-12-26 10:05,2025-12-29 10:30,realizada
AG02013,PAC0566,Rafael Correia Andrade,51930539995,convenio,MED05,2025-12-26 10:20,2026-02-05 16:30,falta
AG02014,PAC0223,Mateus Pinto Brandão,(51) 94221-4969,convenio,MED05,2025-12-26 11:41,2026-01-05 16:30,falta
AG02015,PAC0400,Sônia Andrade Pinto,51936497150,convenio,MED04,2025-12-26 12:33,2025-12-30 11:30,realizada
AG02016,PAC0122,Luiza Reis Becker,(54) 96239-4809,convenio,MED01,26/12/2025 12:33,2026-01-02 13:00,FALTA
AG02017,PAC0409,Beatriz Cavalcanti Cardoso,+55 54 950611779,Particular,MED05,2025-12-26 13:05,2025-12-31 16:00,falta
AG02018,PAC0236,Vanessa Gomes Machado,53973730780,particular,MED03,26/12/2025 13:05,02/01/2026 11:00,atendido
AG02019,PAC0148,Isabela Tavares Costa,53985280547,convenio,MED02,2025-12-26 13:05,2026-01-22 10:30,realizada
AG02020,PAC0388,Patrícia Souza Monteiro,51904129620,convenio,MED04,2025-12-26 13:33,2026-02-05 08:00,falta
AG02021,PAC0292,Murilo Silva Reis,(51) 97428-5416,convenio,MED02,2025-12-26 13:55,2025-12-30 16:30,realizada
AG02022,PAC0193,Rafael Andrade Ferreira,(51) 96136-9012,convenio,MED02,2025-12-26 14:05,2026-01-13 11:00,REALIZADA
AG02023,PAC0293,Patrícia Rezende Campos,51921292420,CONVENIO,MED05,2025-12-26 14:05,2026-02-04 16:00,realizada
AG02024,PAC0344,Luciana Duarte Andrade,51953130703,convenio,MED05,2025-12-26 14:12,2026-01-07 16:30,falta
AG02025,PAC0580,Fernando Campos Alves,+55 54 934492770,convenio,MED05,2025-12-26 14:20,09/02/2026 15:30,falta
AG02026,PAC0261,Cristina Andrade Alves,(51) 92619-7484,convenio,MED01,26/12/2025 14:33,2026-01-09 17:30,atendido
AG02027,PAC0257,Mariana Marques Andrade,(51) 96369-9054,convenio,MED02,2025-12-26 14:41,2025-12-30 15:30,atendido
AG02028,PAC0402,Camila Lorenzi Hoffmann,93737,particular,MED06,2025-12-26 14:55,30/12/2025 09:30,realizada
AG02029,PAC0350,Tânia Fernandes Monteiro,51946014833,Convênio,MED03,2025-12-26 14:55,2026-02-02 16:00,realizada
AG02030,PAC0339,Fábio Siqueira Müller,(51) 98536-0434,particular,MED03,2025-12-26 15:48,2026-01-26 15:30,falta
AG02031,PAC0222,César Ramos Rodrigues,+55 51 978169928,convenio,MED02,2025-12-26 16:05,2026-01-06 10:00,realizada
AG02032,PAC0341,Eduardo Carvalho Barbosa,51946507232,convenio,MED05,2025-12-26 16:12,2026-02-05 14:00,realizada
AG02033,PAC0418,Mateus Bezerra Ferreira,(53) 92619-2381,particular,MED04,2025-12-26 16:33,07/01/2026 11:30,no_show
AG02034,PAC0115,Carla Souza Lopes,(51) 93283-0302,particular,MED02,2025-12-26 16:55,30/12/2025 17:30,Realizada
AG02035,PAC0157,Isabela Peixoto Lopes,51933483757,convenio,MED01,2025-12-26 17:33,2025-12-31 11:30,faltou
AG02036,PAC0410,Viviane Kuhn Schmidt,(51) 92893-1543,particular,MED04,2025-12-29 08:05,2026-01-09 08:00,realizada
AG02037,PAC0139,Roberto Teixeira Monteiro,(51) 94905-0474,convenio,MED05,2025-12-29 08:05,2026-02-10 16:00,Realizada
AG02038,PAC0392,Paulo Moreira Pires,51937130183,convenio,MED01,2025-12-29 08:17,2025-12-29 09:30,faltou
AG02039,PAC0018,Rodrigo Oliveira Rodrigues,(51) 92304-5539,convenio,MED02,2025-12-29 08:20,15/01/2026 17:00,ausente
AG02040,PAC0408,Sabrina Pinto Duarte,53938022316,particular,MED01,2025-12-29 08:33,2026-01-05 11:30,falta
AG02041,PAC0096,Débora Bezerra Castro,(51) 98563-5074,particular,MED05,29/12/2025 08:33,2026-01-06 14:30,realizada
AG02042,PAC0052,Daniel Araújo Coelho,(51) 98488-8292,particular,MED05,2025-12-29 09:00,2025-12-29 14:00,realizada
AG02043,PAC0288,Márcio Pereira Moreira,51959861936,convenio,MED04,2025-12-29 09:00,2026-01-02 11:00,realizada
AG02044,PAC0028,Felipe Coelho Almeida,(53) 94895-4499,Convênio,MED03,2025-12-29 09:03,2025-12-31 13:30,realizada
AG02045,PAC0029,Caio Souza Rodrigues,(51) 93841-1283,convenio,MED02,2025-12-29 09:05,2026-01-13 17:30,realizada
AG02046,PAC0230,João Ribeiro Moreira,(51) 91971-1250,convenio,MED01,29/12/2025 09:33,2026-01-28 11:30,cancelado
AG02047,PAC0563,Larissa Kuhn Queiroz,+55 51 951416147,convenio,MED02,2025-12-29 09:33,2026-02-05 16:30,realizada
AG02048,PAC0191,Jéssica Xavier Borges,54972294445,convenio,MED05,29/12/2025 09:41,2026-02-05 15:30,falta
AG02049,PAC0065,Aline Barbosa Pinto,51907069182,Convênio,MED05,2025-12-29 09:48,2026-01-20 14:30,realizada
AG02050,PAC0411,Vanessa Silva Araújo,(51) 90447-3141,Particular,MED01,2025-12-29 09:55,2026-01-02 14:30,realizada
AG02051,PAC0161,Lorena Ramos Machado,(54) 93359-2298,particular,MED03,2025-12-29 11:41,2026-01-07 13:00,ausente
AG02052,PAC0297,Pedro Teixeira Gomes,51904059895,convênio,MED02,2025-12-29 12:00,2026-01-06 11:00,falta
AG02053,PAC0406,Leandro Soares Miranda,(51) 90785-2201,convenio,MED03,2025-12-29 12:41,2026-01-07 17:30,atendido
AG02054,PAC0443,Helena Machado Siqueira,53917176498,convenio,MED05,2025-12-29 13:00,2026-01-08 16:30,faltou
AG02055,PAC0239,Juliana Araújo Borges,+55 51 972838019,convenio,MED04,2025-12-29 13:00,2026-01-15 11:00,Realizada
AG02056,PAC0229,Thiago Batista Pinto,+55 51 946505959,particular,MED03,2025-12-29 13:20,2026-01-09 11:30,realizada
AG02057,PAC0344,Luciana Duarte Andrade,51953130703,convenio,MED04,2025-12-29 14:05,2026-01-02 10:30,falta
AG02058,PAC0387,Camila Gonçalves Reis,51905762229,convenio,MED04,2025-12-29 14:12,2025-12-30 10:00,realizada
AG02059,PAC0359,Carla Lopes Silva,+55 51 922491802,convenio,MED01,29/12/2025 15:00,2026-01-09 13:00,realizada
AG02060,PAC0162,Daniel Aguiar Lima,(51) 93357-2645,particular,MED01,2025-12-29 15:12,2025-12-31 11:00,Realizada
AG02061,PAC0539,Beatriz Becker Lorenzi,51981111903,convenio,MED04,29/12/2025 15:12,29/01/2026 10:00,realizada
AG02062,PAC0447,Lorena Ramos Cavalcanti,+55 51 954937099,particular,MED01,2025-12-29 15:20,2026-01-12 08:00,ausente
AG02063,PAC0266,Henrique Mendes Peixoto,(51) 98097-1858,convenio,MED01,29/12/2025 15:48,2026-01-05 07:00,falta
AG02064,PAC0426,Thiago Rocha Nascimento,(53) 95286-6673,Particular,MED02,2025-12-29 16:12,2026-01-06 16:30,faltou
AG02065,PAC0049,Marcos Xavier Marques,51940355702,convenio,MED04,2025-12-29 16:12,2026-01-22 09:00,realizada
AG02066,PAC0038,Aline Soares Costa,51949817719,convenio,MED01,2025-12-29 16:41,2026-02-09 10:30,cancelado
AG02067,PAC0270,Fernando Dias Santana,+55 53 978879045,particular,MED04,2025-12-29 17:00,2025-12-30 09:30,atendido
AG02068,PAC0438,Fábio Fonseca Duarte,+55 51 998397798,convenio,MED03,29/12/2025 17:00,2026-01-07 16:30,realizada
AG02069,PAC0250,José Miranda Marques,(51) 90498-8900,particular,MED04,2025-12-29 17:00,2026-01-14 08:00,realizada
AG02070,PAC0453,Carla Lopes Nascimento,+55 53 926215974,particular,MED04,2025-12-30 08:00,2026-01-13 08:30,desmarcou
AG02071,PAC0183,Renata Nascimento Santana,(51) 98027-7698,convenio,MED04,2025-12-30 08:20,2026-01-19 10:30,falta
AG02072,PAC0381,João Mendes Santos,(51) 97271-4685,Particular,MED02,2025-12-30 08:32,30/12/2025 09:30,realizada
AG02073,PAC0188,Leonardo Goms Guimarães,51988024838,particular,MED06,30/12/2025 09:00,07/01/2026 16:00,Realizada
AG02074,PAC0065,Aline Barbosa Pinto,51907069182,convenio,MED05,2025-12-30 09:39,31/12/2025 17:00,Realizada
AG02075,PAC0378,Daniel Moura Fernandes,(51) 96518-0764,particular,MED05,2025-12-30 09:55,2026-01-12 15:30,cancelado
AG02076,PAC0333,Beatriz Santana Kuhn,(51) 92907-9609,convenio,MED06,2025-12-30 10:05,2026-01-08 09:30,realizada
AG02077,PAC0436,Gabriel Reis Gomes,+55 51 932520083,convenio,MED04,30/12/2025 10:05,2026-01-30 09:30,realizada
AG02078,PAC0522,Renata Duarte Prado,53998909637,convenio,MED02,2025-12-30 11:12,2026-01-27 10:30,faltou
AG02079,PAC0012,Pedro Moura Tomasi,(51) 94954-9026,Particular,MED02,2025-12-30 11:20,2026-01-13 08:00,atendido
AG02080,PAC0479,Fábio Gonçalves Miranda,54972212022,particular,MED01,30/12/2025 11:20,2026-02-02 09:00,realizada
AG02081,PAC0178,Felipe Pires Reis,54996725726,particular,MED01,2025-12-30 11:33,2026-01-14 10:30,atendido
AG02082,PAC0137,Bianca Santos Campos,51904467571,particular,MED01,2025-12-30 12:55,2026-01-12 09:00,ausente
AG02083,PAC0376,Vitor Rodrigues Silva,(51) 92379-5044,convenio,MED03,2025-12-30 13:12,2026-01-09 08:00,realizada
AG02084,PAC0442,Maria Batista Duarte,+55 51 924529736,convenio,MED04,2025-12-30 13:41,09/01/2026 10:00,falta
AG02085,PAC0348,Samuel Coelho Santana,+55 53 976908024,Convênio,MED01,30/12/2025 14:12,2026-01-12 10:30,FALTA
AG02086,PAC0470,Marcos Alves Monteiro,0000000000,convenio,MED02,30/12/2025 15:00,2026-01-15 16:30,cancelada_paciente
AG02087,PAC0378,Daniel Moura Fernandes,(51) 96518-0764,particular,MED01,2025-12-30 15:05,2026-02-13 13:00,realizada
AG02088,PAC0508,Daniel Zanella Dias,51924481285,particular,MED04,2025-12-30 15:12,22/01/2026 11:00,realizada
AG02089,PAC0097,Luiza Duarte Mendes,0000000000,CONVENIO,MED02,2025-12-30 16:05,2026-01-06 15:00,FALTA
AG02090,PAC0066,Eduardo Monteiro Reis,53986799759,convenio,MED06,2025-12-30 16:33,05/02/2026 08:30,
AG02091,PAC0017,José Rezende Ferreira,(53) 96891-7121,particular,MED02,2025-12-30 17:12,2026-01-06 14:00,realizada
AG02092,PAC0572,Sérgio Correia Viana,53985967782,convenio,MED04,2025-12-30 17:12,2026-02-06 09:00,no_show
AG02093,PAC0397,Lorena Hoffmann Cardoso,(51) 94432-8919,convenio,MED05,2025-12-30 17:33,2025-12-31 14:00,atendido
AG02094,PAC0090,João Vieira Souza,51979665854,CONVENIO,MED04,2025-12-30 17:33,2026-01-07 11:00,realizada
AG02095,PAC0011,Sônia Machado Campos,+55 51 995322750,Convênio,MED04,2025-12-31 08:00,2026-02-03 11:00,realizada
AG02096,PAC0394,Igor Pires Peixoto,(51) 92330-8187,convenio,MED03,31/12/2025 08:20,2026-01-26 13:30,realizada
AG02097,PAC0121,Helena Araújo Freitas,(54) 90376-5305,convenio,MED04,2025-12-31 09:28,31/12/2025 11:30,realizada
AG02098,PAC0095,Vanessa Dias Hoffmann,53934170837,particular,MED04,31/12/2025 09:41,2026-01-07 10:00,realizada
AG02099,PAC0548,Júlia Rodrigues Silva,+55 51 921873164,convenio,MED04,2025-12-31 11:41,2026-02-13 09:00,ausente
AG02100,PAC0178,Felipe Pires Reis,54996725726,Particular,MED04,2025-12-31 12:00,2026-01-08 11:30,realizada
AG02101,PAC0312,Fernando Ferreira Mendes,54984242044,convenio,MED04,31/12/2025 12:05,2026-02-12 10:30,Realizada
AG02102,PAC0295,Pedro Hoffmann Macedo,(51) 91923-2674,CONVENIO,MED01,2025-12-31 12:12,2026-01-02 14:00,atendido
AG02103,PAC0428,Murilo Aguiar Araújo,(54) 98037-9214,convênio,MED04,2025-12-31 12:48,2026-01-06 10:30,realizada
AG02104,PAC0067,Henrique Müller Vieira,+55 53 981682185,PARTICULAR,MED01,2025-12-31 12:48,2026-01-09 16:30,cancelada_paciente
AG02105,PAC0130,Débora Becker Correia,(54) 91064-5965,particular,MED05,2025-12-31 13:48,2026-02-12 14:00,atendido
AG02106,PAC0548,Júlia Rodrigues Silva,+55 51 921873164,convenio,MED04,2025-12-31 14:20,2026-02-06 10:00,ausente
AG02107,PAC0217,Gustavo Carvalho Bertoldi,51936994625,convenio,MED05,2025-12-31 15:41,2026-01-08 16:00,Realizada
AG02108,PAC0299,Priscila Souza Bezerra,(53) 91166-7412,convenio,MED03,2025-12-31 16:05,2026-01-02 09:00,
AG02109,PAC0087,Murilo Bittencourt Carvalho,51906332369,convênio,MED04,2025-12-31 16:12,20/01/2026 09:30,atendido
AG02110,PAC0243,Carla Costa Marques,+55 53 993331080,convenio,MED03,2025-12-31 17:20,2026-01-09 08:30,realizada
AG02111,PAC0134,Thiago Souza Xavier,+55 51 982189018,PARTICULAR,MED01,2025-12-31 17:33,2026-02-06 14:00,FALTA
AG02112,PAC0294,Emerson Cavalcanti Miranda,(51) 96869-5587,CONVENIO,MED04,2026-01-02 08:12,2026-01-06 08:00,realizada
AG02113,PAC0053,Fabiana Bezerra Siqueira,(54) 98288-4576,Convênio,MED01,2026-01-02 08:33,2026-02-11 07:30,realizada
AG02114,PAC0087,Murilo Bittencourt Carvalho,51906332369,convênio,MED05,2026-01-02 09:55,2026-01-05 17:30,realizada
AG02115,PAC0130,Débora Becker Correia,(54) 91064-5965,particular,MED01,2026-01-02 10:05,05/01/2026 09:00,falta
AG02116,PAC0072,Rafael Teixeira Fonseca,,particular,MED01,2026-01-02 10:33,2026-02-02 11:00,
AG02117,PAC0305,Leandro Freitas Ferreira,(51) 93387-6106,particular,MED05,2026-01-02 10:41,2026-01-05 17:00,realizada
AG02118,PAC0480,Gisele Rezende Guimarães,(51) 99787-2497,particular,MED04,2026-01-02 11:12,2026-01-16 08:00,realizada
AG02119,PAC0525,Elaine Rodrigues Tavares,(53) 93306-9019,convenio,MED04,2026-01-02 11:33,27/01/2026 09:30,cancelada_paciente
AG02120,PAC0386,Natália Miranda Martins,54921304666,particular,MED06,2026-01-02 11:55,2026-01-20 11:00,realizada
AG02121,PAC0478,Fernando Silva Barbosa,(51) 92004-8063,convenio,MED03,02/01/2026 12:12,2026-01-16 09:30,atendido
AG02122,PAC0368,Otávio Rodrigues Peixoto,(54) 94468-8287,convenio,MED02,2026-01-02 12:12,2026-02-03 11:00,realizada
AG02123,PAC0046,Wagner Macedo Bezerra,(54) 91918-5886,PARTICULAR,MED01,2026-01-02 12:20,2026-01-14 11:30,realizada
AG02124,PAC0247,Lucas Batista Santos,(53) 91830-5408,convenio,MED04,2026-01-02 12:55,2026-01-16 10:30,realizada
AG02125,PAC0256,Gabriel Guimarães Vieira,53953943109,convenio,MED05,2026-01-02 13:05,2026-01-05 15:00,atendido
AG02126,PAC0468,Raquel Andrade Lorenzi,(54) 93421-5564,particular,MED02,2026-01-02 13:12,2026-01-15 08:00,atendido
AG02127,PAC0427,Wagner Andrade Miranda,519172,particular,MED02,2026-01-02 13:19,2026-01-06 17:00,Realizada
AG02128,PAC0321,Fabiana Tavares Fernandes,+55 51 904304609,convenio,MED02,2026-01-02 13:20,2026-01-08 11:00,faltou
AG02129,PAC0351,Gisele Bezerra Pereira,(54) 90621-3057,convenio,MED06,2026-01-02 13:20,2026-01-14 17:30,cancelada_paciente
AG02130,PAC0434,Wagner Viana Soares,(51) 97774-4715,convenio,MED03,2026-01-02 14:20,2026-01-07 13:30,cancelado
AG02131,PAC0350,Tânia Fernandes Monteiro,51946014833,convenio,MED02,2026-01-02 14:20,2026-01-08 15:00,FALTA
AG02132,PAC0055,Patrícia Prado Teixeira,51975702934,convenio,MED04,2026-01-02 14:33,2026-01-23 09:30,cancelado
AG02133,PAC0406,Leandro Soares Miranda,(51) 90785-2201,convenio,MED04,2026-01-02 14:41,2026-01-16 09:30,realizada
AG02134,PAC0272,Samuel Carvalho Moreira,(51) 91992-5592,convenio,MED06,2026-01-02 15:05,2026-01-14 15:30,falta
AG02135,PAC0493,Tânia Viana Bezerra,(51) 91489-7980,convenio,MED04,2026-01-02 15:05,2026-01-27 09:00,realizada
AG02136,PAC0109,Jéssica Rodrigues Teixeira,+55 51 918108952,convênio,MED02,2026-01-02 15:25,2026-01-06 09:30,realizada
AG02137,PAC0281,Larissa Oliveira Bezerra,(54) 96796-3186,convenio,MED04,2026-01-02 15:41,2026-02-05 11:00,realizada
AG02138,PAC0041,Beatriz Soares Nascimento,93607,Convênio,MED03,2026-01-02 16:12,2026-01-09 09:30,atendido
AG02139,PAC0424,Lorena Araújo Hoffmann,54923746072,convenio,MED05,2026-01-02 16:20,2026-01-05 16:00,realizada
AG02140,PAC0396,Bruno Guimarães Schmidt,54917089040,particular,MED05,2026-01-02 16:20,2026-02-12 15:30,REALIZADA
AG02141,PAC0244,Cláudia Schmidt Fernandes,53931902814,convenio,MED01,02/01/2026 16:41,2026-01-16 17:30,no_show
AG02142,PAC0157,Isabela Peixoto Lopes,51933483757,convênio,MED06,02/01/2026 17:00,14/01/2026 17:00,realizada
AG02143,PAC0435,Isabela Macedo Rocha,(51) 91647-9621,particular,MED03,2026-01-05 08:05,2026-01-07 14:00,falta
AG02144,PAC0010,Rafael Coelho Oliveira,51917974054,Convênio,MED03,2026-01-05 08:05,04/02/2026 15:00,atendido
AG02145,PAC0009,Isabela Souza Aguiar,53909669091,particular,MED02,2026-01-05 08:20,15/01/2026 09:00,realizada
AG02146,PAC0418,Mateus Bezerra Ferreira,(53) 92619-2381,particular,MED03,2026-01-05 08:33,2026-01-05 13:00,desmarcou
AG02147,PAC0078,Márcio Duarte Rodrigues,51997483587,convenio,MED02,2026-01-05 08:33,2026-01-06 08:00,realizada
AG02148,PAC0326,Larissa Tavares Alves,(51) 97675-4716,particular,MED04,2026-01-05 09:05,2026-01-21 08:30,falta
AG02149,PAC0422,Márcio Fonseca Soares,51912416163,convenio,MED04,05/01/2026 09:25,2026-01-05 11:00,faltou
AG02150,PAC0419,Leandro Souza Marques,(51) 92308-4663,Particular,MED03,2026-01-05 09:33,2026-01-05 13:00,realizada
AG02151,PAC0524,Adriana Castro Brandão,(53) 94389-9153,convenio,MED02,2026-01-05 09:33,2026-01-27 17:00,realizada
AG02152,PAC0439,Murilo Freitas Rezende,(53) 97951-1835,particular,MED02,2026-01-05 09:41,2026-01-08 11:30,realizada
AG02153,PAC0430,André Lopes Monteiro,(51) 91822-6521,particular,MED05,2026-01-05 09:55,2026-01-06 16:30,falta
AG02154,PAC0209,Gustavo Pereira Aguiar,51958609952,particular,MED02,2026-01-05 10:12,2026-01-20 16:30,Realizada
AG02155,PAC0107,Otávio Aguiar Xavier,(51) 91651-8979,convenio,MED04,2026-01-05 10:33,2026-02-06 08:30,realizada
AG02156,PAC0442,Maria Batista Duarte,+55 51 924529736,convênio,MED04,2026-01-05 11:00,2026-01-08 11:00,realizada
AG02157,PAC0406,Leandro Soares Miranda,(51) 90785-2201,convenio,MED04,2026-01-05 11:12,2026-02-06 10:30,realizada
AG02158,PAC0202,Rodrigo Nunes Rodrigues,(51) 91862-9879,convenio,MED05,2026-01-05 11:20,2026-01-07 17:30,atendido
AG02159,PAC0281,Larissa Oliveira Bezerra,(54) 96796-3186,convenio,MED04,2026-01-05 11:41,2026-01-13 10:30,Realizada
AG02160,PAC0112,Rafael Becker Santana,+55 51 997116675,convenio,MED01,2026-01-05 11:55,2026-01-12 07:00,ausente
AG02161,PAC0556,Rodrigo Teixeira Tavares,+55 53 983631377,convenio,MED04,2026-01-05 12:33,2026-02-10 09:30,cancelado clinica
AG02162,PAC0281,Larissa Oliveira Bezerra,(54) 96796-3186,convenio,MED01,2026-01-05 12:55,2026-01-09 13:30,FALTA
AG02163,PAC0237,Sérgio Carvalho Reis,(53) 91921-6641,PARTICULAR,MED04,2026-01-05 14:20,15/01/2026 08:00,REALIZADA
AG02164,PAC0011,Sônia Machado Campos,+55 51 995322750,convenio,MED02,2026-01-05 14:33,2026-01-15 10:30,realizada
AG02165,PAC0252,Patrícia Sales Almeida,+55 51 976043292,convenio,MED01,05/01/2026 15:33,2026-01-16 14:00,falta
AG02166,PAC0293,Patrícia Rezende Campos,51921292420,CONVENIO,MED01,05/01/2026 15:41,2026-01-12 11:00,atendido
AG02167,PAC0197,Carolina Lorenzi Souza,(51) 94236-2099,convenio,MED05,2026-01-05 16:05,13/01/2026 16:30,realizada
AG02168,PAC0392,Paulo Moreira Pires,51937130183,convenio,MED01,2026-01-05 16:12,2026-01-09 14:30,falta
AG02169,PAC0064,Daniel Coelho Freitas,(53) 98705-6910,CONVENIO,MED01,05/01/2026 16:33,2026-01-07 11:00,realizada
AG02170,PAC0263,Sônia Rocha Sales,51953982284,convênio,MED02,05/01/2026 16:55,2026-01-15 15:30,faltou
AG02171,PAC0253,Natália Alves Prado,53933448153,CONVENIO,MED06,2026-01-05 17:05,2026-01-06 08:00,realizada
AG02172,PAC0117,Simone Dias Barbosa,51992737016,particular,MED06,06/01/2026 08:05,2026-01-20 08:30,realizada
AG02173,PAC0492,Carolina Peixoto Batista,+55 54 902282213,convenio,MED02,2026-01-06 08:48,2026-02-19 09:30,realizada
AG02174,PAC0433,Jéssica Ferreira Santana,+55 51 972424584,particular,MED01,2026-01-06 09:12,2026-01-07 10:30,cancelada_paciente
AG02175,PAC0479,Fábio Gonçalves Miranda,54972212022,particular,MED03,2026-01-06 09:12,2026-01-16 10:30,Realizada
AG02176,PAC0128,Aline Oliveira Queiroz,(54) 99381-1787,convênio,MED04,2026-01-06 09:32,07/01/2026 09:00,REALIZADA
AG02177,PAC0482,Cristina Almeida Bertoldi,(53) 91943-3557,particular,MED01,2026-01-06 09:41,19/01/2026 07:30,faltou
AG02178,PAC0386,Natália Miranda Martins,54921304666,particular,MED01,2026-01-06 10:12,19/01/2026 08:30,falta
AG02179,PAC0429,Mateus Brandão Viana,(54) 99490-0034,CONVENIO,MED05,2026-01-06 10:20,2026-01-06 15:00,realizada
AG02180,PAC0458,Bruno Viana Castro,(51) 99426-7460,particular,MED06,2026-01-06 11:00,2026-01-13 10:00,realizada
AG02181,PAC0459,Ana Silva Tomasi,53940011866,particular,MED01,2026-01-06 11:20,2026-01-14 07:00,realizada
AG02182,PAC0474,Luciana Souza Bertoldi,53912986923,convenio,MED04,2026-01-06 11:41,2026-02-06 11:30,realizada
AG02183,PAC0437,Maria Teixeira Bertoldi,0000000000,convênio,MED03,2026-01-06 13:48,2026-01-07 16:00,realizada
AG02184,PAC0355,José Reis Brandão,+55 51 933752841,CONVENIO,MED02,2026-01-06 14:33,2026-01-15 10:00,falta
AG02185,PAC0296,Gisele Xavier Pinto,(54) 95796-1074,particular,MED03,2026-01-06 15:05,2026-01-12 17:30,realizada
AG02186,PAC0260,Leonardo Xavier Macedo,53975538676,particular,MED01,2026-01-06 15:20,2026-01-07 07:00,realizada
AG02187,PAC0161,Lorena Ramos Machado,(54) 93359-2298,particular,MED02,2026-01-06 16:20,2026-01-22 15:00,FALTA
AG02188,PAC0307,Isabela Sales Farias,(53) 99412-5607,particular,MED05,2026-01-06 16:48,2026-01-27 16:00,realizada
AG02189,PAC0264,Roberto Pereira Santos,53946611931,particular,MED04,2026-01-06 16:55,2026-01-07 08:30,cancelado
AG02190,PAC0440,Aline Lorenzi Ramos,(51) 91588-2256,convenio,MED02,2026-01-06 17:00,2026-01-08 17:30,desmarcou
AG02191,PAC0429,Mateus Brandão Viana,(54) 99490-0034,convenio,MED04,2026-01-06 17:26,2026-01-07 08:30,faltou
AG02192,PAC0045,Henrique Macedo Rodrigues,(51) 98619-6258,PARTICULAR,MED01,2026-01-07 08:24,07/01/2026 10:00,realizada
AG02193,PAC0466,Thiago Pires Weber,51904279785,particular,MED04,2026-01-07 08:55,2026-01-14 11:30,realizada
AG02194,PAC0099,Arthur Zanella Borges,(51) 94316-0876,convenio,MED05,2026-01-07 09:00,2026-01-28 15:00,falta
AG02195,PAC0520,Helena Ramos Borges,(51) 91552-8053,convenio,MED05,07/01/2026 09:12,2026-01-26 17:30,ausente
AG02196,PAC0302,Simone Castro Becker,(54) 90621-7091,convenio,MED05,2026-01-07 09:20,2026-01-28 14:00,cancelado pelo paciente
AG02197,PAC0075,Luiza  Costa Souza,51940709045,particular,MED01,2026-01-07 09:39,2026-01-07 10:30,realizada
AG02198,PAC0124,Márcio Castro Teixeira,+55 53 944047803,particular,MED04,2026-01-07 10:12,2026-01-21 09:00,realizada
AG02199,PAC0451,Thiago Tomasi Viana,+55 51 931760527,particular,MED05,2026-01-07 10:48,2026-01-12 16:30,realizada
AG02200,PAC0192,Gabriel Soares Müller,(54) 96672-6448,particular,MED06,2026-01-07 10:52,07/01/2026 17:30,realizada
AG02201,PAC0241,José Andrade Vieira,(51) 96462-9066,particular,MED04,2026-01-07 10:55,2026-01-20 11:30,REALIZADA
AG02202,PAC0438,Fábio Fonseca Duarte,+55 51 998397798,convenio,MED03,07/01/2026 11:00,2026-02-04 15:30,FALTA
AG02203,PAC0140,Lucas Ramos Silva,+55 51 983709241,particular,MED05,2026-01-07 11:12,2026-01-13 17:00,cancelado
AG02204,PAC0181,Renata Fernandes Mendes,(53) 97434-1317,Particular,MED02,07/01/2026 11:20,13/01/2026 10:00,Realizada
AG02205,PAC0220,Rodrigo Cardoso Bittencourt,51962049321,particular,MED04,2026-01-07 11:20,2026-02-05 10:30,faltou
AG02206,PAC0356,Felipe Reis Dias,(51) 99318-4244,convenio,MED01,2026-01-07 11:33,2026-01-28 09:30,atendido
AG02207,PAC0193,Rafael Andrade Ferreira,(51) 96136-9012,convenio,MED04,2026-01-07 12:00,2026-01-22 11:30,realizada
AG02208,PAC0361,Bruno Sales Kuhn,51974002028,convenio,MED05,07/01/2026 12:05,2026-01-22 14:30,FALTA
AG02209,PAC0391,Bruno Lima Becker,51919397930,particular,MED04,2026-01-07 12:33,2026-01-09 09:30,agendada
AG02210,PAC0446,Igor Vieira Lima,54912854671,convenio,MED04,2026-01-07 12:33,2026-01-09 11:00,realizada
AG02211,PAC0208,Caio Santos Costa,+55 53 990845581,Convênio,MED05,2026-01-07 12:48,2026-01-12 17:00,realizada
AG02212,PAC0085,Emerson Reis Macedo,51972488125,convenio,MED05,2026-01-07 12:58,07/01/2026 15:30,realizada
AG02213,PAC0174,Leandro Lopes Costa,+55 51 940373326,convenio,MED05,07/01/2026 13:00,2026-01-07 16:00,realizada
AG02214,PAC0033,Caio Lima Zanella,53948151415,convênio,MED05,2026-01-07 13:05,2026-01-12 17:30,no_show
AG02215,PAC0300,Luciana Souza Teixeira,51960132139,particular,MED05,2026-01-07 13:12,2026-02-10 15:30,Realizada
AG02216,PAC0365,THIAGO CAVALCANTI CAVALCANTI,+55 53 902986033,convenio,MED05,2026-01-07 13:48,2026-01-20 17:00,realizada
AG02217,PAC0446,Igor Vieira Lima,54912854671,convenio,MED04,07/01/2026 13:55,2026-01-13 10:00,cancelado
AG02218,PAC0441,Aline Ribeiro Lopes,97024,convenio,MED04,2026-01-07 14:05,2026-01-08 09:30,REALIZADA
AG02219,PAC0254,Juliana Monteiro Dias,+55 53 932153346,particular,MED03,2026-01-07 14:05,2026-01-14 14:30,atendido
AG02220,PAC0143,Raquel Pereira Macedo,(54) 98269-0375,convenio,MED03,07/01/2026 14:33,2026-01-12 17:00,realizada
AG02221,PAC0476,Lucas Lima Ribeiro,+55 53 995363995,convenio,MED01,2026-01-07 14:48,2026-01-16 14:30,realizada
AG02222,PAC0485,Viviane Zanella Brandão,+55 51 963157917,particular,MED01,2026-01-07 14:55,2026-01-19 11:30,faltou
AG02223,PAC0329,Thiago Rodrigues Alves,+55 54 973325354,convenio,MED06,2026-01-07 14:55,2026-01-21 16:00,REALIZADA
AG02224,PAC0170,Caio Nunes Santana,+55 51 994753655,convenio,MED02,2026-01-07 15:20,2026-01-08 08:30,atendido
AG02225,PAC0328,Wagner Correia Weber,53959455652,convenio,MED06,2026-01-07 16:05,2026-01-13 08:30,realizada
AG02226,PAC0065,Aline Barbosa Pinto,51907069182,convenio,MED01,07/01/2026 16:41,2026-01-12 07:30,atendido
AG02227,PAC0420,Fábio Castro Macedo,51978209975,particular,MED06,2026-01-07 16:41,2026-02-19 11:00,FALTA
AG02228,PAC0026,Elaine Souza Santos,+55 51 990266056,particular,MED04,2026-01-07 16:55,2026-01-23 10:30,falta
AG02229,PAC0088,Beatriz Rezende Rocha,(53) 91979-7265,particular,MED05,07/01/2026 17:05,2026-01-13 17:30,atendido
AG02230,PAC0278,Otávio Marques Kuhn,(53) 97873-4085,convênio,MED01,2026-01-07 17:33,2026-01-12 11:30,faltou
AG02231,PAC0369,Letícia Marques Schmidt,(53) 95146-3485,particular,MED01,2026-01-08 08:12,2026-01-19 07:00,atendido
AG02232,PAC0543,Emerson Reis Tomasi,(53) 95635-2734,convenio,MED03,2026-01-08 08:12,2026-02-11 15:00,realizada
AG02233,PAC0356,Felipe Reis Dias,(51) 99318-4244,convenio,MED02,2026-01-08 08:14,2026-01-08 09:00,REALIZADA
AG02234,PAC0455,Vitor Menezes Rezende,54969245358,particular,MED04,08/01/2026 08:20,2026-01-13 11:00,realizada
AG02235,PAC0463,Bianca Lima Rocha,54941575620,convenio,MED05,2026-01-08 08:20,2026-01-21 16:30,falta
AG02236,PAC0075,Luiza Costa Souza,51940709045,particular,MED05,2026-01-08 08:41,2026-01-22 15:00,atendido
AG02237,PAC0104,Natália Hoffmann Dias,92916,convenio,MED05,08/01/2026 08:41,27/01/2026 17:00,falta
AG02238,PAC0434,Wagner Viana Soares,(51) 97774-4715,convenio,MED05,2026-01-08 08:48,2026-01-27 14:00,realizada
AG02239,PAC0400,Sônia Andrade Pinto,51936497150,convenio,MED01,2026-01-08 09:00,2026-02-04 10:30,realizada
AG02240,PAC0033,Caio Lima Zanella,53948151415,convenio,MED06,08/01/2026 09:04,2026-01-08 10:00,realizada
AG02241,PAC0059,Mateus Pereira Machado,53995768911,convenio,MED02,2026-01-08 10:05,2026-02-03 15:30,realizada
AG02242,PAC0179,Fabiana Xavier Carvalho,(51) 91659-2857,convenio,MED02,2026-01-08 10:48,2026-01-13 09:00,realizada
AG02243,PAC0219,Otávio Miranda Pinto,(54) 96002-1930,convenio,MED01,08/01/2026 10:55,2026-01-14 08:00,realizada
AG02244,PAC0319,Isabela Rodrigues Martins,(51) 91472-4158,convenio,MED04,08/01/2026 11:05,2026-02-03 10:00,realizada
AG02245,PAC0372,Daniel Kuhn Xavier,(53) 99490-1473,convenio,MED02,2026-01-08 11:33,2026-01-15 08:30,desmarcou
AG02246,PAC0013,Sônia Nunes Xavier,51920780234,particular,MED04,2026-01-08 11:48,2026-02-09 08:30,no_show
AG02247,PAC0382,Alexandre Fernandes Nascimento,(51) 95280-1557,convenio,MED01,2026-01-08 11:54,09/01/2026 13:30,realizada
AG02248,PAC0492,Carolina Peixoto Batista,+55 54 902282213,Convênio,MED02,2026-01-08 12:05,2026-01-20 16:00,falta
AG02249,PAC0600,Aline Silva Alves,(51) 97924-4581,convenio,MED03,2026-01-08 12:33,2026-02-13 11:30,FALTA
AG02250,PAC0240,Fabiana Martins Weber,+55 51 959205241,PARTICULAR,MED05,2026-01-08 12:48,2026-01-14 15:30,Realizada
AG02251,PAC0110,Carolina Viana Ribeiro,(51) 94788-7655,particular,MED03,08/01/2026 12:48,2026-02-11 16:30,Realizada
AG02252,PAC0359,Carla Lopes Silva,+55 51 922491802,convenio,MED04,2026-01-08 12:55,2026-01-09 10:30,Realizada
AG02253,PAC0365,Thiago Cavalcanti Cavalcanti,+55 53 902986033,convênio,MED01,2026-01-08 13:05,2026-01-12 10:00,realizada
AG02254,PAC0260,Leonardo Xavier Macedo,53975538676,Particular,MED02,2026-01-08 13:12,2026-01-22 14:30,realizada
AG02255,PAC0460,Larissa Andrade Guimarães,(51) 99920-6877,convenio,MED01,2026-01-08 13:33,2026-01-14 09:00,falta
AG02256,PAC0024,Cristina Sales Aguiar,(51) 91690-1913,convenio,MED06,08/01/2026 13:55,2026-01-21 14:30,realizada
AG02257,PAC0424,Lorena Araújo Hoffmann,54923746072,convenio,MED04,2026-01-08 13:55,2026-02-10 09:00,faltou
AG02258,PAC0065,Aline Barbosa Pinto,51907069182,convenio,MED01,2026-01-08 13:55,2026-02-20 17:30,falta
AG02259,PAC0546,Igor Soares Moreira,53957770343,convenio,MED04,2026-01-08 15:05,2026-01-30 10:00,Realizada
AG02260,PAC0472,Emerson Soares Viana,(53) 92510-4725,convenio,MED05,2026-01-08 15:48,2026-01-15 14:00,realizada
AG02261,PAC0265,Júlia Duarte Kuhn,51955576440,convenio,MED01,2026-01-08 16:00,2026-01-26 09:30,faltou
AG02262,PAC0363,Vitor Bertoldi Araújo,(51) 98541-7765,particular,MED05,2026-01-08 16:01,2026-01-08 17:00,REALIZADA
AG02263,PAC0106,Bianca Mendes Bezerra,(51) 97292-7284,convenio,MED01,2026-01-08 16:12,2026-02-11 10:00,falta
AG02264,PAC0159,Tânia Rocha Monteiro,53920999820,convenio,MED04,2026-01-08 17:12,2026-01-09 08:30,realizada
AG02265,PAC0179,Fabiana Xavier Carvalho,(51) 91659-2857,convenio,MED04,2026-01-08 17:12,2026-01-15 11:30,realizada
AG02266,PAC0507,Murilo Fernandes Aguiar,+55 51 932463682,particular,MED02,2026-01-08 17:12,2026-02-19 08:00,realizada
AG02267,PAC0004,Maria Pereira Macedo,(54) 92837-8326,convenio,MED02,2026-01-08 17:20,2026-01-20 14:00,realizada
AG02268,PAC0352,Letícia Ribeiro Oliveira,+55 51 985574996,convenio,MED03,2026-01-09 08:01,2026-01-09 09:00,cancelado
AG02269,PAC0411,Vanessa Silva Araújo,(51) 90447-3141,particular,MED04,09/01/2026 08:33,12/01/2026 10:00,realizada
AG02270,PAC0488,Emerson Machado Miranda,(51) 95399-1941,particular,MED04,2026-01-09 08:33,2026-01-19 11:00,REALIZADA
AG02271,PAC0128,Aline Oliveira Queiroz,(54) 99381-1787,convenio,MED04,2026-01-09 09:00,2026-01-12 08:00,falta
AG02272,PAC0529,Aline Moreira Sales,(51) 98570-4068,particular,MED06,2026-01-09 09:05,2026-01-29 08:30,atendido
AG02273,PAC0089,Emerson Gomes Coelho,51982389020,particular,MED03,2026-01-09 09:05,02/02/2026 14:00,realizada
AG02274,PAC0011,Sônia Machado Campos,+55 51 995322750,convenio,MED04,2026-01-09 09:05,09/02/2026 11:00,agendada
AG02275,PAC0615,Beatriz Araújo Gonçalves,+55 51 965166528,particular,MED05,2026-01-09 09:33,2026-02-19 14:00,faltou
AG02276,PAC0361,Bruno Sales Kuhn,51974002028,convenio,MED01,2026-01-09 10:00,2026-01-12 08:30,REALIZADA
AG02277,PAC0160,Renata Kuhn Bezerra,53989869970,particular,MED04,09/01/2026 10:05,2026-01-12 11:30,REALIZADA
AG02278,PAC0356,Felipe Reis Dias,(51) 99318-4244,convenio,MED06,2026-01-09 10:05,2026-01-13 09:30,faltou
AG02279,PAC0403,Sabrina Duarte Souza,51907833323,convenio,MED04,2026-01-09 10:05,2026-01-21 11:30,realizada
AG02280,PAC0481,Marcos Barbosa Soares,51920144887,particular,MED04,2026-01-09 10:20,2026-01-16 08:30,Realizada
AG02281,PAC0117,Simone Dias Barbosa,51992737016,PARTICULAR,MED04,2026-01-09 10:20,2026-02-24 08:30,realizada
AG02282,PAC0514,Vitor Guimarães Batista,(51) 99452-0879,convenio,MED03,09/01/2026 10:48,2026-01-23 10:30,desmarcou
AG02283,PAC0502,Luciana Coelho Ribeiro,,particular,MED05,2026-01-09 11:20,2026-01-21 17:30,realizada
AG02284,PAC0374,Mateus Batista Marques,,convenio,MED02,2026-01-09 12:05,2026-02-03 09:30,realizada
AG02285,PAC0265,Júlia Duarte Kuhn,51955576440,convenio,MED04,2026-01-09 12:20,2026-01-12 08:30,Realizada
AG02286,PAC0550,Pedro Bittencourt Lorenzi,+55 51 968824970,convenio,MED02,09/01/2026 12:20,2026-02-03 16:00,realizada
AG02287,PAC0475,Gustavo Bertoldi Moura,(51) 94428-1314,convenio,MED06,2026-01-09 12:33,2026-01-15 11:00,falta
AG02288,PAC0476,Lucas Lima Ribeiro,+55 53 995363995,convênio,MED04,2026-01-09 13:00,2026-01-30 11:00,Realizada
AG02289,PAC0449,José Cavalcanti Pereira,(51) 93438-9935,particular,MED03,2026-01-09 13:05,12/01/2026 16:00,realizada
AG02290,PAC0016,Murilo Viana Kuhn,+55 51 982888446,convenio,MED03,2026-01-09 13:12,2026-01-21 15:00,faltou
AG02291,PAC0086,Luiza Costa Santana,+55 53 917497258,convenio,MED04,2026-01-09 13:48,2026-01-28 11:00,no_show
AG02292,PAC0330,Lorena Oliveira Fernandes,(51) 95700-4516,convenio,MED03,2026-01-09 14:00,2026-01-23 09:30,Realizada
AG02293,PAC0357,Fernando Hoffmann Tomasi,54982332956,convenio,MED01,2026-01-09 14:48,2026-01-21 11:00,faltou
AG02294,PAC0448,Vanessa Ramos Silva,53917303945,convenio,MED01,2026-01-09 15:05,2026-01-12 09:30,FALTA
AG02295,PAC0378,Daniel Moura Fernandes,(51) 96518-0764,particular,MED03,2026-01-09 15:20,19/01/2026 17:30,realizada
AG02296,PAC0501,Débora Gonçalves Almeida,(51) 93423-0594,convenio,MED05,2026-01-09 15:55,2026-01-21 16:00,atendido
AG02297,PAC0486,Débora Batista Menezes,+55 51 973426408,convenio,MED03,2026-01-09 16:33,19/01/2026 16:00,falta
AG02298,PAC0254,Juliana Monteiro Dias,+55 53 932153346,particular,MED04,09/01/2026 16:33,2026-02-19 09:30,realizada
AG02299,PAC0159,Tânia Rocha Monteiro,53920999820,convenio,MED02,09/01/2026 16:41,2026-02-05 09:30,cancelado
AG02300,PAC0175,Jéssica Ramos Menezes,+55 53 941425285,PARTICULAR,MED05,2026-01-09 16:48,04/02/2026 17:00,atendido
AG02301,PAC0115,Carla Souza Lopes,(51) 93283-0302,Particular,MED04,2026-01-09 17:00,2026-02-20 11:30,realizada
AG02302,PAC0454,Letícia Weber Andrade,(51) 92585-4801,convenio,MED04,2026-01-09 17:18,2026-01-13 08:30,realizada
AG02303,PAC0335,Igor Prado Siqueira,(53) 96937-9487,convenio,MED05,2026-01-09 17:33,19/01/2026 15:00,cancelada_paciente
AG02304,PAC0085,Emerson Reis Macedo,51972488125,Convênio,MED04,2026-01-12 08:55,2026-02-26 11:00,no_show
AG02305,PAC0504,Mateus Ferreira Nascimento,54910420195,particular,MED02,2026-01-12 09:12,2026-01-22 11:00,realizada
AG02306,PAC0234,Eduardo Coelho Santos,51992689273,convenio,MED05,12/01/2026 09:40,2026-01-12 15:30,realizada
AG02307,PAC0503,Wagner Monteiro Prado,(51) 91443-1779,convenio,MED02,2026-01-12 10:00,2026-01-22 10:00,FALTA
AG02308,PAC0184,Tânia Santos Carvalho,51916335247,particular,MED06,2026-01-12 10:17,2026-01-13 09:30,realizada
AG02309,PAC0204,Vitor Pinto Tavares,+55 51 986192699,convenio,MED05,2026-01-12 10:20,2026-01-29 17:30,realizada
AG00213,PAC0005,Lorena Martins Ferreira,(51) 93740-9546,convenio,MED04,2025-09-18 11:55,13/10/2025 09:30,realizada
AG02310,PAC0490,Elaine Ferreira Araújo,(51) 98197-0392,convenio,MED05,2026-01-12 11:55,2026-01-19 16:30,realizada
AG02311,PAC0138,Caio Dias Miranda,(51) 95753-1987,convenio,MED02,2026-01-12 12:00,2026-01-13 15:00,cancelado
AG02312,PAC0020,Beatriz Tavares Borges,+55 53 923601395,CONVENIO,MED05,2026-01-12 12:00,13/01/2026 15:30,realizada
AG02313,PAC0056,Juliana Weber Brandão,+55 51 936962963,convenio,MED03,2026-01-12 12:20,2026-01-12 15:30,realizada
AG02314,PAC0497,Pedro Santos Guimarães,(53) 97826-2103,convenio,MED01,2026-01-12 12:20,26/01/2026 11:00,no_show
AG02315,PAC0036,Igor Bertoldi Sales,(51) 97246-2488,particular,MED05,2026-01-12 12:41,20/01/2026 15:00,realizada
AG02316,PAC0110,Carolina Viana Ribeiro,(51) 94788-7655,Particular,MED06,2026-01-12 12:48,13/01/2026 11:00,REALIZADA
AG02317,PAC0227,Diego Sales Coelho,(53) 99785-9132,particular,MED01,2026-01-12 12:48,2026-01-23 13:00,REALIZADA
AG02318,PAC0637,Diego Andrade Fonseca,54934321413,particular,MED06,2026-01-12 12:55,24/02/2026 11:30,falta
AG02319,PAC0227,Diego Sales Coelho,(53) 99785-9132,particular,MED01,2026-01-12 13:20,2026-01-16 13:30,Realizada
AG02320,PAC0024,Cristina Sales Aguiar,(51) 91690-1913,convenio,MED06,2026-01-12 13:41,2026-01-28 14:00,faltou
AG02321,PAC0046,Wagner Macedo Bezerra,(54) 91918-5886,particular,MED04,2026-01-12 14:05,2026-01-13 09:00,Realizada
AG02322,PAC0320,Márcio Bertoldi Araújo,(51) 91379-9389,Convênio,MED02,2026-01-12 15:05,2026-01-13 08:30,realizada
AG02323,PAC0335,Igor Prado Siqueira,(53) 96937-9487,convenio,MED05,2026-01-12 15:37,2026-01-13 17:00,realizada
AG02324,PAC0599,Pedro Carvalho Siqueira,53953846874,Particular,MED03,2026-01-12 15:41,2026-02-13 10:30,faltou
AG02325,PAC0048,Beatriz Queiroz Soares,(51) 98970-4340,particular,MED05,2026-01-12 15:55,2026-02-11 14:00,realizada
AG02326,PAC0309,Felipe Carvalho Becker,(53) 90135-6843,convenio,MED02,2026-01-12 16:09,15/01/2026 08:30,atendido
AG01042,PAC0202,Rodrigo Nunes Rodrigues,(51) 91862-9879,convenio,MED03,2025-11-04 12:05,2025-11-10 15:00,realizada
AG02327,PAC0155,César Peixoto Moreira,51959800742,convenio,MED03,2026-01-12 16:12,2026-01-16 09:00,realizada
AG02328,PAC0125,Roberto Zanella Viana,(53) 99681-4060,particular,MED03,2026-01-12 16:20,2026-01-16 11:30,realizada
AG02329,PAC0276,Diego Cardoso Queiroz,(54) 92321-5421,particular,MED03,2026-01-12 16:33,2026-01-28 13:30,realizada
AG02330,PAC0364,Aline Duarte Menezes,53945494295,convenio,MED06,2026-01-12 16:55,2026-01-15 10:00,Realizada
AG02331,PAC0065,Aline Barbosa Pinto,51907069182,convenio,MED02,2026-01-12 17:05,12/02/2026 11:00,cancelado
AG02332,PAC0068,Vanessa Tomasi Queiroz,(53) 91051-3636,convenio,MED05,2026-01-12 17:48,2026-02-23 16:00,falta
AG02333,PAC0392,Paulo Moreira Pires,51937130183,convenio,MED04,2026-01-13 08:05,2026-01-22 08:30,falta
AG02334,PAC0049,Marcos Xavier Marques,51940355702,convenio,MED06,2026-01-13 08:29,2026-01-13 09:00,atendido
AG02335,PAC0080,Alexandre Lopes Pires,(51) 96893-0854,convenio,MED06,2026-01-13 08:46,2026-01-14 17:30,atendido
AG02336,PAC0228,Felipe Bertoldi Ramos,(51) 90044-8991,particular,MED04,2026-01-13 08:55,2026-01-20 09:00,agendada
AG02337,PAC0069,Sérgio Hoffmann Carvalho,+55 51 979759770,particular,MED06,13/01/2026 09:48,14/01/2026 16:00,realizada
AG02338,PAC0139,Roberto Teixeira Monteiro,(51) 94905-0474,convenio,MED04,2026-01-13 10:15,2026-01-13 11:30,Realizada
AG02339,PAC0459,Ana Silva Tomasi,53940011866,PARTICULAR,MED03,2026-01-13 10:41,2026-01-19 14:00,realizada
AG02340,PAC0581,Sérgio Vieira Tomasi,51936556966,particular,MED05,13/01/2026 10:41,2026-02-09 17:30,falta
AG02341,PAC0596,Natália Aguiar Soares,+55 51 997643463,Convênio,MED04,2026-01-13 10:55,2026-02-12 11:30,faltou
AG02342,PAC0319,Isabela Rodrigues Martins,(51) 91472-4158,convenio,MED03,2026-01-13 11:00,25/02/2026 15:30,REALIZADA
AG02343,PAC0231,André Queiroz Lorenzi,+55 51 915555682,convenio,MED02,2026-01-13 11:12,2026-01-27 15:30,realizada
AG02344,PAC0279,Gabriel Sales Marques,+55 51 944995049,convenio,MED02,2026-01-13 11:33,22/01/2026 16:00,realizada
AG02345,PAC0135,Viviane Souza Prado,,Convênio,MED01,2026-01-13 11:52,2026-01-14 07:30,realizada
AG02346,PAC0384,Otávio Duarte Bezerra,(53) 92118-3929,convenio,MED04,2026-01-13 11:55,2026-01-15 10:00,realizada
AG02347,PAC0219,Otávio Miranda Pinto,(54) 96002-1930,convenio,MED01,2026-01-13 11:55,2026-01-26 09:00,realizada
AG02348,PAC0120,Samuel Hoffmann Pires,+55 51 982666130,particular,MED02,13/01/2026 12:20,27/01/2026 15:00,realizada
AG02349,PAC0353,Elaine Campos Santana,53990673944,convenio,MED04,2026-01-13 13:33,2026-02-27 08:00,realizada
AG02350,PAC0212,Roberto Müller Rodrigues,+55 51 916328803,convenio,MED02,2026-01-13 13:54,2026-01-13 15:00,realizada
AG02351,PAC0135,Viviane Souza Prado,,convenio,MED05,13/01/2026 14:00,2026-01-15 15:00,realizada
AG02352,PAC0447,Lorena Ramos Cavalcanti,+55 51 954937099,particular,MED02,2026-01-13 14:05,2026-02-26 17:30,realizada
AG02353,PAC0257,Mariana Marques Andrade,(51) 96369-9054,convenio,MED06,2026-01-13 14:20,2026-01-20 10:00,realizada
AG02354,PAC0535,Ricardo Coelho Freitas,54940113565,convenio,MED05,13/01/2026 14:55,2026-01-28 17:00,realizada
AG02355,PAC0483,Júlia Cardoso Reis,(51) 94515-0834,convênio,MED01,2026-01-13 15:05,2026-01-23 15:30,realizada
AG02356,PAC0557,Leandro Santos Gonçalves,51948049597,convenio,MED03,2026-01-13 15:55,2026-02-04 13:00,Realizada
AG02357,PAC0194,Gabriel Miranda Weber,+55 51 956700171,convenio,MED04,2026-01-13 16:05,2026-01-14 09:30,cancelado pelo paciente
AG02358,PAC0151,Roberto Bittencourt Araújo,51907015223,PARTICULAR,MED02,2026-01-13 16:41,2026-01-22 08:00,faltou
AG02359,PAC0190,Sérgio Ribeiro Xavier,+55 54 920720983,convênio,MED04,2026-01-13 17:12,2026-02-23 08:30,faltou
AG02360,PAC0395,Vanessa Reis Cardoso,(51) 99436-1346,particular,MED01,2026-01-13 17:20,2026-01-21 07:00,realizada
AG02361,PAC0487,Leandro Prado Bittencourt,51933084805,convenio,MED04,2026-01-13 17:55,2026-01-19 08:00,falta
AG02362,PAC0035,Débora Marques Campos,54984407414,Convênio,MED06,2026-01-14 08:55,2026-01-14 16:30,realizada
AG02363,PAC0119,Samuel Nunes Reis,,convenio,MED02,2026-01-14 09:20,2026-01-15 17:30,realizada
AG02364,PAC0141,Rodrigo Tomasi Brandão,(51) 91828-0393,convenio,MED04,2026-01-14 09:20,2026-01-19 09:30,Realizada
AG02365,PAC0091,Murilo Martins Santana,(54) 91396-4088,Convênio,MED02,2026-01-14 09:55,2026-02-10 08:30,realizada
AG02366,PAC0110,Carolina Viana Ribeiro,(51) 94788-7655,particular,MED05,2026-01-14 10:33,2026-01-19 14:30,cancelada_paciente
AG02367,PAC0456,Leonardo Coelho Pires,(51) 96410-8971,convenio,MED03,2026-01-14 10:48,2026-01-14 13:00,cancelado
AG02368,PAC0174,Leandro Lopes Costa,+55 51 940373326,convenio,MED01,2026-01-14 10:48,2026-01-16 16:00,realizada
AG02369,PAC0290,Gustavo Costa Rodrigues,(51) 99525-6319,convenio,MED03,2026-01-14 11:28,2026-01-14 13:00,realizada
AG02370,PAC0326,Larissa Tavares Alves,(51) 97675-4716,particular,MED06,2026-01-14 11:33,2026-01-22 08:30,falta
AG02371,PAC0355,José Reis Brandão,+55 51 933752841,convenio,MED05,2026-01-14 11:41,2026-01-28 14:30,realizada
AG02372,PAC0375,Thiago Borges Batista,(53) 92980-3046,particular,MED05,2026-01-14 12:00,14/01/2026 14:00,realizada
AG02373,PAC0527,Luciana Monteiro Guimarães,(51) 95202-0347,Convênio,MED01,14/01/2026 12:00,2026-01-28 07:30,falta
AG02374,PAC0477,Camila Siqueira Xavier,51980800415,convenio,MED01,2026-01-14 13:12,2026-01-16 15:00,cancelado pelo paciente
AG02375,PAC0516,Adriana Souza Kuhn,51965149065,convenio,MED05,2026-01-14 13:12,2026-02-02 16:00,realizada
AG02376,PAC0332,Júlia Costa Guimarães,53914597490,convenio,MED04,2026-01-14 13:20,2026-01-16 11:30,realizada
AG02377,PAC0319,Isabela Rodrigues Martins,(51) 91472-4158,convenio,MED02,14/01/2026 13:33,2026-01-20 11:00,cancelado pelo paciente
AG02378,PAC0286,Murilo Borges Siqueira,(51) 97367-8015,Particular,MED01,2026-01-14 13:41,2026-01-23 17:30,cancelada_clinica
AG02379,PAC0152,Jéssica Pinto Zanella,(51) 93054-2542,convenio,MED04,14/01/2026 13:55,2026-01-15 09:30,realizada
AG02380,PAC0500,Letícia Brandão Viana,53947687440,particular,MED03,2026-01-14 13:55,2026-01-21 15:30,Realizada
AG02381,PAC0471,Emerson Viana Lorenzi,(54) 98537-3289,convenio,MED04,14/01/2026 14:20,2026-01-15 10:30,atendido
AG02382,PAC0507,Murilo Fernandes Aguiar,+55 51 932463682,particular,MED04,14/01/2026 14:20,2026-01-22 08:00,realizada
AG02383,PAC0487,Leandro Prado Bittencourt,51933084805,convenio,MED04,2026-01-14 14:41,2026-02-18 11:30,realizada
AG02384,PAC0222,César Ramos Rodrigues,+55 51 978169928,convenio,MED01,14/01/2026 15:20,2026-01-16 13:00,realizada
AG02385,PAC0068,Vanessa Tomasi Queiroz,(53) 91051-3636,convenio,MED01,2026-01-14 15:41,2026-01-21 09:00,falta
AG02386,PAC0449,José Cavalcanti Pereira,(51) 93438-9935,particular,MED02,2026-01-14 15:41,2026-02-05 09:00,realizada
AG02387,PAC0604,Otávio Tomasi Siqueira,(51) 99747-1063,particular,MED01,2026-01-14 15:41,2026-02-18 08:00,desmarcou
AG02388,PAC0221,Ricardo Teixeira Xavier,(51) 93465-8074,convenio,MED06,2026-01-14 15:48,2026-01-20 11:30,Realizada
AG02389,PAC0474,Luciana Souza Bertoldi,53912986923,convenio,MED06,2026-01-14 16:06,15/01/2026 10:30,REALIZADA
AG02390,PAC0181,Renata Fernandes Mendes,(53) 97434-1317,particular,MED03,2026-01-14 16:48,2026-01-21 13:30,Realizada
AG02391,PAC0160,Renata Kuhn Bezerra,53989869970,particular,MED01,2026-01-15 08:20,2026-01-19 11:00,realizada
AG02392,PAC0386,Natália Miranda Martins,54921304666,particular,MED04,2026-01-15 08:41,2026-01-26 10:00,atendido
AG02393,PAC0461,Bruno Moreira Correia,+55 53 993957896,CONVENIO,MED01,2026-01-15 08:55,2026-01-21 09:30,realizada
AG02394,PAC0493,Tânia Viana Bezerra,(51) 91489-7980,convenio,MED04,2026-01-15 09:00,20/01/2026 08:30,realizada
AG02395,PAC0102,Fernando Gonçalves Lopes,(53) 91997-8707,particular,MED01,2026-01-15 09:00,2026-01-23 13:30,cancelado
AG02396,PAC0445,Elaine Weber Ramos,51968878923,convenio,MED04,15/01/2026 09:20,2026-01-20 08:00,realizada
AG02397,PAC0424,Lorena Araújo Hoffmann,54923746072,convenio,MED05,2026-01-15 09:41,2026-02-04 15:30,faltou
AG02398,PAC0028,Felipe Coelho Almeida,(53) 94895-4499,convenio,MED03,2026-01-15 09:48,2026-02-11 15:30,REALIZADA
AG02399,PAC0583,Elaine Schmidt Mendes,54972519643,convênio,MED04,2026-01-15 10:33,2026-02-10 10:00,cancelada_clinica
AG02400,PAC0527,Luciana Monteiro Guimarães,(51) 95202-0347,convenio,MED04,2026-01-15 11:55,2026-01-28 09:00,realizada
AG02401,PAC0295,Pedro Hoffmann Macedo,(51) 91923-2674,convenio,MED04,2026-01-15 12:41,20/02/2026 10:00,realizada
AG02402,PAC0212,Roberto Müller Rodrigues,+55 51 916328803,convenio,MED03,2026-01-15 13:05,2026-01-16 11:00,cancelada_paciente
AG02403,PAC0473,Arthur Castro Castro,(53) 99542-8480,convênio,MED05,2026-01-15 13:06,2026-01-15 16:30,realizada
AG02404,PAC0357,Fernando Hoffmann Tomasi,54982332956,convenio,MED03,2026-01-15 13:48,19/01/2026 13:00,realizada
AG02405,PAC0454,Letícia Weber Andrade,(51) 92585-4801,convenio,MED01,2026-01-15 14:00,2026-02-13 17:00,realizada
AG02406,PAC0090,João Vieira Souza,51979665854,convenio,MED06,15/01/2026 14:12,2026-01-27 08:00,faltou
AG02407,PAC0644,Tatiane Hoffmann Machado,51901249400,particular,MED02,2026-01-15 15:05,26/02/2026 08:00,cancelado
AG02408,PAC0541,Samuel Batista Soares,+55 54 953572529,convenio,MED05,2026-01-15 15:20,2026-01-29 15:30,realizada
AG02409,PAC0459,Ana Silva Tomasi,53940011866,particular,MED02,2026-01-15 15:33,2026-03-03 08:00,realizada
AG02410,PAC0292,Murilo Silva Reis,(51) 97428-5416,convenio,MED02,2026-01-15 16:05,2026-01-27 16:00,realizada
AG03249,PAC0658,Luiza Andrade Silva,(51) 90063-5386,convenio,MED04,2026-02-27 16:05,2026-03-12 08:30,falta
AG02411,PAC0540,Priscila Pinto Santana,(51) 93660-4100,particular,MED05,2026-01-15 16:33,2026-01-29 14:00,realizada
AG02412,PAC0027,Viviane Vieira Ramos,(53) 91096-7130,convenio,MED04,2026-01-15 16:41,2026-01-19 08:30,realizada
AG02413,PAC0506,Larissa Tomasi Almeida,51985626038,convenio,MED02,2026-01-15 17:20,2026-01-22 16:30,realizada
AG02414,PAC0368,Otávio Rodrigues Peixoto,(54) 94468-8287,Convênio,MED04,16/01/2026 08:40,2026-01-19 11:30,Realizada
AG02415,PAC0089,Emerson Gomes Coelho,51982389020,particular,MED01,2026-01-16 09:05,2026-01-19 09:30,realizada
AG02416,PAC0463,Bianca Lima Rocha,54941575620,convenio,MED05,2026-01-16 09:05,2026-01-21 15:00,realizada
AG02417,PAC0389,Emerson Miranda Freitas,(51) 99860-1981,convenio,MED01,16/01/2026 09:55,2026-01-16 17:00,realizada
AG02418,PAC0551,Gabriel Tavares Cardoso,(51) 93909-3553,convenio,MED01,2026-01-16 09:55,2026-02-23 07:00,faltou
AG02419,PAC0177,Henrique Cavalcanti Prado,(51) 99505-1131,convenio,MED05,2026-01-16 10:00,2026-01-21 14:30,realizada
AG02420,PAC0489,Gustavo Dias Oliveira,51955043318,convenio,MED05,2026-01-16 10:20,2026-01-19 14:00,realizada
AG02421,PAC0484,Samuel Nascimento Carvalho,+55 51 963034175,convenio,MED01,2026-01-16 10:33,2026-01-19 10:30,faltou
AG02422,PAC0483,Júlia Cardoso Reis,(51) 94515-0834,convenio,MED01,2026-01-16 10:41,2026-01-19 09:00,desmarcou
AG02423,PAC0594,Débora Barbosa Bertoldi,(53) 93803-6979,particular,MED02,2026-01-16 10:55,2026-02-12 17:30,falta
AG01279,PAC0408,Sabrina Pinto Duarte,53938022316,particular,MED04,17/11/2025 10:33,2025-12-31 09:00,realizada
AG02424,PAC0143,Raquel Pereira Macedo,(54) 98269-0375,convenio,MED02,2026-01-16 11:00,2026-02-10 16:30,
AG02425,PAC0215,Letícia Müller Miranda,51982593554,convenio,MED01,2026-01-16 11:30,2026-01-16 15:00,REALIZADA
AG02426,PAC0236,Vanessa Gomes Machado,53973730780,particular,MED06,2026-01-16 11:48,2026-01-29 11:00,realizada
AG02427,PAC0260,Leonardo Xavier Macedo,53975538676,PARTICULAR,MED03,2026-01-16 11:55,21/01/2026 17:30,realizada
AG02428,PAC0248,Cristina Pinto Santos,(51) 92292-6093,convenio,MED01,2026-01-16 11:55,23/01/2026 14:00,realizada
AG02429,PAC0439,Murilo Freitas Rezende,(53) 97951-1835,PARTICULAR,MED01,2026-01-16 12:05,2026-01-28 10:30,realizada
AG02430,PAC0209,Gustavo Pereira Aguiar,51958609952,Particular,MED05,2026-01-16 12:41,2026-03-03 15:00,faltou
AG02431,PAC0071,Roberto Alves Xavier,(53) 93439-5365,particular,MED01,2026-01-16 12:55,2026-01-30 15:00,faltou
AG02432,PAC0560,Beatriz Araújo Barbosa,(51) 96069-7920,Convênio,MED06,2026-01-16 12:55,2026-02-04 15:30,cancelada_paciente
AG02433,PAC0468,Raquel Andrade Lorenzi,(54) 93421-5564,particular,MED02,2026-01-16 14:05,2026-01-29 15:00,realizada
AG02434,PAC0155,César Peixoto Moreira,51959800742,convenio,MED04,16/01/2026 14:55,2026-01-27 10:30,falta
AG02435,PAC0401,Helena Castro Xavier,(51) 95466-5163,convenio,MED02,2026-01-16 14:55,2026-01-29 10:30,falta
AG02436,PAC0523,Renata Nascimento Pinto,53923920688,particular,MED02,2026-01-16 15:20,2026-01-27 11:30,realizada
AG02437,PAC0582,Wagner Gomes Sales,(51) 94845-7403,particular,MED02,2026-01-16 15:55,2026-02-10 14:30,realizada
AG02438,PAC0495,Otávio Fernandes Pinto,(51) 95333-7758,convenio,MED06,2026-01-16 16:00,2026-01-20 08:00,realizada
AG02439,PAC0089,Emerson Gomes Coelho,51982389020,Particular,MED02,2026-01-16 16:41,2026-01-22 09:00,realizada
AG02440,PAC0655,Pedro Santos Peixoto,(51) 91550-1132,particular,MED01,2026-01-16 17:12,2026-03-02 11:00,faltou
AG02441,PAC0122,Luiza Reis Becker,(54) 96239-4809,convenio,MED01,2026-01-16 17:55,2026-01-19 10:00,falta
AG02442,PAC0007,Juliana Soares Freitas,(54) 98991-4330,convenio,MED01,2026-01-19 08:00,2026-03-04 11:00,FALTA
AG02443,PAC0469,Wagner Vieira Mendes,(51) 98246-1309,convenio,MED04,2026-01-19 08:05,2026-01-26 09:30,realizada
AG02444,PAC0499,Sabrina Barbosa Schmidt,51908155496,convenio,MED03,2026-01-19 08:12,2026-01-21 14:30,realizada
AG02445,PAC0237,Sérgio Carvalho Reis,(53) 91921-6641,particular,MED01,2026-01-19 08:20,23/01/2026 16:30,realizada
AG02446,PAC0199,Aline Pereira Fernandes,+55 51 917035851,CONVENIO,MED01,2026-01-19 08:55,2026-01-30 17:30,falta
AG02447,PAC0425,Henrique Guimarães Coelho,+55 51 908505423,particular,MED05,2026-01-19 08:55,2026-02-05 14:30,falta
AG02448,PAC0498,Henrique Rocha Pereira,54912251398,convenio,MED01,19/01/2026 09:12,2026-01-21 10:30,realizada
AG02449,PAC0303,Juliana Martins Correia,(51) 91975-3342,convenio,MED05,2026-01-19 09:16,19/01/2026 15:30,realizada
AG02450,PAC0473,Arthur Castro Castro,(53) 99542-8480,convenio,MED03,2026-01-19 09:20,30/01/2026 08:30,confirmado
AG02451,PAC0612,Caio Almeida Barbosa,+55 51 995613780,convenio,MED02,19/01/2026 09:20,19/02/2026 15:30,faltou
AG02452,PAC0667,Sérgio Sales Freitas,(51) 96471-8020,convenio,MED05,2026-03-07 14:30,2026-03-04 14:30,realizada
AG02453,PAC0395,Vanessa Reis Cardoso,(51) 99436-1346,particular,MED05,2026-01-19 09:55,2026-01-20 17:30,realizada
AG02454,PAC0259,Vitor Correia Queiroz,53934058645,convenio,MED06,2026-01-19 10:05,2026-01-21 14:00,realizada
AG02455,PAC0570,Cristina Tomasi Tavares,(51) 95914-9077,CONVENIO,MED02,19/01/2026 12:05,03/03/2026 11:00,cancelado
AG02456,PAC0144,Simone Tavares Silva,(51) 94714-1641,convenio,MED04,2026-01-19 12:20,2026-01-23 08:00,ausente
AG02457,PAC0002,Felipe Bertoldi Souza,,CONVENIO,MED04,2026-01-19 12:33,23/01/2026 08:30,REALIZADA
AG02458,PAC0023,Eduardo Miranda Fernandes,(51) 98562-6321,CONVENIO,MED04,2026-01-19 12:33,2026-03-03 08:00,cancelado
AG02459,PAC0423,Marcos Becker Sales,(51) 98022-5886,convenio,MED02,19/01/2026 12:41,2026-03-05 15:00,realizada
AG02460,PAC0409,Beatriz Cavalcanti Cardoso,+55 54 950611779,particular,MED04,2026-01-19 13:00,2026-01-26 11:00,atendido
AG02461,PAC0403,Sabrina Duarte Souza,51907833323,convenio,MED04,2026-01-19 13:12,2026-01-27 11:30,realizada
AG02462,PAC0506,Larissa Tomasi Almeida,51985626038,convenio,MED04,2026-01-19 13:20,2026-01-22 09:30,realizada
AG02463,PAC0348,Samuel Coelho Santana,+55 53 976908024,convenio,MED03,2026-01-19 13:55,2026-01-19 15:00,realizada
AG02464,PAC0516,Adriana Souza Kuhn,51965149065,convenio,MED03,19/01/2026 14:00,26/01/2026 17:00,realizada
AG02465,PAC0496,Wagner Moreira Costa,(51) 91125-2010,convenio,MED01,2026-01-19 14:05,2026-02-20 16:00,realizada
AG02466,PAC0505,Pedro Guimarães Cardoso,+55 51 910653702,convenio,MED02,2026-01-19 14:41,2026-01-22 14:00,faltou
AG02467,PAC0284,Mateus Guimarães Guimarães,(51) 94626-9159,particular,MED01,19/01/2026 15:05,2026-02-02 10:30,faltou
AG02468,PAC0042,Henrique Santos Miranda,53953980453,Convênio,MED02,2026-01-19 15:41,2026-01-20 14:30,realizada
AG02469,PAC0243,Carla Costa Marques,+55 53 993331080,convenio,MED01,2026-01-19 15:55,2026-02-25 10:30,atendido
AG02470,PAC0324,Sônia Costa Ramos,(54) 97962-2095,convenio,MED02,2026-01-19 16:48,2026-01-20 08:00,realizada
AG02471,PAC0292,Murilo Silva Reis,(51) 97428-5416,convenio,MED02,2026-01-19 16:55,05/02/2026 14:00,FALTA
AG02472,PAC0243,Carla Costa Marques,+55 53 993331080,convenio,MED02,2026-01-19 17:00,2026-01-29 11:30,cancelada_clinica
AG02473,PAC0376,Vitor Rodrigues Silva,(51) 92379-5044,convenio,MED03,2026-01-19 17:00,2026-02-25 15:00,realizada
AG02474,PAC0148,Isabela Tavares Costa,53985280547,CONVENIO,MED01,2026-01-19 17:05,2026-01-26 10:00,falta
AG02475,PAC0533,Raquel Bertoldi Rezende,+55 54 975416915,convenio,MED03,2026-01-19 17:33,2026-01-28 17:00,realizada
AG02476,PAC0350,Tânia Fernandes Monteiro,51946014833,convenio,MED04,2026-01-20 08:20,2026-01-22 10:00,REALIZADA
AG02477,PAC0496,Wagner Moreira Costa,(51) 91125-2010,convenio,MED06,2026-01-20 08:25,2026-01-20 09:00,atendido
AG02478,PAC0517,Rodrigo Carvalho Cardoso,(51) 98779-7982,particular,MED03,2026-01-20 08:41,2026-01-26 17:30,no_show
AG02479,PAC0179,Fabiana Xavier Carvalho,(51) 91659-2857,convenio,MED01,2026-01-20 09:00,2026-02-04 09:00,realizada
AG02480,PAC0455,Vitor Menezes Rezende,54969245358,PARTICULAR,MED05,2026-01-20 09:20,26/01/2026 16:00,Realizada
AG02481,PAC0478,Fernando Silva Barbosa,(51) 92004-8063,convenio,MED05,2026-01-20 11:00,2026-01-26 17:00,FALTA
AG02482,PAC0192,Gabriel Soares Müller,(54) 96672-6448,particular,MED05,2026-01-20 11:12,2026-01-21 15:30,cancelado clinica
AG02483,PAC0040,Maria Marques Barbosa,(51) 96845-6814,convenio,MED06,2026-01-20 11:48,2026-01-29 09:00,realizada
AG02484,PAC0085,Emerson Reis Macedo,51972488125,convenio,MED03,2026-01-20 12:05,2026-01-21 13:00,cancelado clinica
AG02485,PAC0288,Márcio Pereira Moreira,51959861936,convenio,MED05,2026-01-20 12:20,2026-01-20 16:00,realizada
AG02486,PAC0388,Patrícia Souza Monteiro,51904129620,convenio,MED01,2026-01-20 12:33,2026-02-02 07:00,falta
AG02487,PAC0176,Mariana Andrade Santana,53986213047,particular,MED05,2026-01-20 13:33,2026-01-22 14:00,Realizada
AG02488,PAC0186,Camila Freitas Reis,+55 51 975524678,convenio,MED04,2026-01-20 14:05,29/01/2026 08:30,realizada
AG02489,PAC0437,Maria Teixeira Bertoldi,0000000000,convenio,MED05,2026-01-20 14:12,2026-02-04 15:00,REALIZADA
AG02490,PAC0050,Patrícia Correia Brandão,54912341342,convenio,MED05,2026-01-20 14:20,2026-01-21 17:00,realizada
AG02491,PAC0123,Cláudia Bittencourt Pinto,(53) 96497-9758,particular,MED01,2026-01-20 14:48,2026-02-02 08:30,FALTA
AG02492,PAC0499,Sabrina Barbosa Schmidt,51908155496,convenio,MED01,2026-01-20 15:20,28/01/2026 08:30,atendido
AG02493,PAC0425,Henrique Guimarães Coelho,+55 51 908505423,particular,MED02,2026-01-20 15:55,2026-02-03 14:30,realizada
AG02494,PAC0528,Lorena Pinto Pinto,,convenio,MED01,2026-01-20 16:05,2026-01-28 08:00,FALTA
AG02495,PAC0406,Leandro Soares Miranda,(51) 90785-2201,convenio,MED05,2026-01-20 16:12,2026-01-27 15:30,falta
AG02496,PAC0025,César Martins Brandão,51989062672,CONVENIO,MED02,2026-01-20 16:12,2026-02-26 11:00,cancelado pelo paciente
AG02497,PAC0462,João Cavalcanti Carvalho,(51) 94947-9995,Convênio,MED02,2026-01-20 16:48,27/01/2026 09:30,realizada
AG02498,PAC0262,Otávio Weber Bertoldi,(54) 94440-1595,convenio,MED05,2026-01-20 17:00,2026-01-26 15:30,realizada
AG02499,PAC0136,Paulo Marques Duarte,+55 51 970089778,convenio,MED06,2026-01-20 17:12,2026-01-21 17:30,cancelada_clinica
AG02500,PAC0521,Carolina Queiroz Ferreira,+55 51 936108645,convenio,MED02,2026-01-20 17:20,2026-01-27 10:00,no_show
AG02501,PAC0295,Pedro Hoffmann Macedo,(51) 91923-2674,convenio,MED06,2026-01-20 17:33,2026-01-22 09:30,realizada
AG02502,PAC0376,Vitor Rodrigues Silva,(51) 92379-5044,convenio,MED02,20/01/2026 17:41,2026-01-22 17:00,Realizada
AG02503,PAC0350,Tânia Fernandes Monteiro,51946014833,convenio,MED02,2026-01-20 17:48,2026-01-27 11:00,falta
AG02504,PAC0361,Bruno Sales Kuhn,51974002028,convenio,MED04,2026-01-21 08:09,2026-01-21 10:30,realizada
AG02505,PAC0032,Daniel Souza Farias,54996395682,convenio,MED02,2026-01-21 08:12,2026-02-03 16:30,atendido
AG02506,PAC0142,José Ferreira Nunes,+55 53 936084144,convenio,MED04,2026-01-21 08:17,2026-01-21 09:30,Realizada
AG02507,PAC0158,Diego Viana Souza,(51) 91172-2760,CONVENIO,MED01,2026-01-21 08:20,2026-01-21 10:00,atendido
AG02508,PAC0051,Tânia Pinto Rezende,51969124332,convenio,MED01,21/01/2026 09:20,2026-02-02 09:30,FALTA
AG02509,PAC0261,Cristina Andrade Alves,(51) 92619-7484,convenio,MED01,2026-01-21 09:33,2026-02-02 11:30,falta
AG02510,PAC0588,Otávio Müller Aguiar,51904876213,Convênio,MED01,21/01/2026 09:33,2026-02-11 08:00,realizada
AG02511,PAC0335,Igor Prado Siqueira,(53) 96937-9487,convenio,MED01,2026-01-21 09:48,26/01/2026 07:30,cancelada_paciente
AG02512,PAC0193,Rafael Andrade Ferreira,(51) 96136-9012,convenio,MED01,2026-01-21 09:48,2026-01-28 11:00,realizada
AG02513,PAC0545,Fernando Martins Coelho,(53) 95042-0565,Particular,MED03,2026-01-21 10:33,30/01/2026 10:00,realizada
AG02514,PAC0226,Luciana Bezerra Castro,,convenio,MED03,2026-01-21 10:40,21/01/2026 14:00,realizada
AG02515,PAC0357,Fernando Hoffmann Tomasi,54982332956,Convênio,MED01,21/01/2026 10:48,2026-02-11 08:30,realizada
AG02516,PAC0664,Cristina Brandão Miranda,51947321565,convenio,MED03,2026-01-21 11:12,04/03/2026 13:00,falta
AG02517,PAC0235,Caio Ramos Macedo,(51) 99887-7612,particular,MED03,2026-01-21 11:53,2026-01-21 13:00,realizada
AG02518,PAC0116,Leandro Becker Marques,51920146861,Particular,MED03,2026-01-21 11:55,2026-03-04 14:30,cancelado
AG02519,PAC0178,Felipe Pires Reis,54996725726,particular,MED04,2026-01-21 12:05,2026-02-03 08:00,realizada
AG02520,PAC0449,José Cavalcanti Pereira,(51) 93438-9935,particular,MED05,2026-01-21 12:18,2026-01-21 15:30,realizada
AG02521,PAC0157,Isabela Peixoto Lopes,51933483757,convenio,MED04,21/01/2026 12:20,2026-01-28 10:30,realizada
AG02522,PAC0268,Luiza Oliveira Miranda,53983710467,PARTICULAR,MED03,2026-01-21 12:55,2026-01-30 09:30,cancelada_paciente
AG02523,PAC0574,Isabela Fernandes Lima,(51) 99102-8128,particular,MED03,2026-01-21 12:55,2026-02-09 13:00,falta
AG02524,PAC0575,Juliana Miranda Teixeira,(51) 90481-6241,Particular,MED03,2026-01-21 12:55,2026-02-09 15:30,faltou
AG02525,PAC0639,Adriana Vieira Teixeira,51939220492,Convênio,MED03,2026-01-21 13:05,2026-02-25 13:00,no_show
AG02526,PAC0491,Gabriel Moura Moura,(53) 98249-9724,convenio,MED06,2026-01-21 14:05,2026-01-27 10:30,realizada
AG02527,PAC0064,Daniel Coelho Freitas,(53) 98705-6910,convenio,MED05,2026-01-21 14:41,2026-01-26 14:30,faltou
AG02528,PAC0482,Cristina Almeida Bertoldi,(53) 91943-3557,particular,MED03,2026-01-21 15:15,2026-01-21 17:00,Realizada
AG02529,PAC0232,Emerson Marques Castro,+55 51 922393221,convenio,MED03,2026-01-21 15:33,2026-01-26 16:00,atendido
AG02530,PAC0347,Gustavo Peixoto Ferreira,(51) 98766-2181,convenio,MED03,2026-01-21 15:55,2026-01-23 11:30,realizada
AG02531,PAC0027,Viviane Vieira Ramos,(53) 91096-7130,convenio,MED05,2026-01-21 16:48,2026-02-04 16:30,realizada
AG02532,PAC0443,Helena Machado Siqueira,53917176498,convenio,MED03,2026-01-21 17:33,2026-01-28 14:30,REALIZADA
AG02533,PAC0089,Emerson Gomes Coelho,51982389020,particular,MED03,2026-01-21 17:41,26/01/2026 13:00,cancelado pelo paciente
AG02534,PAC0476,Lucas Lima Ribeiro,+55 53 995363995,CONVENIO,MED05,2026-01-21 17:55,2026-03-03 14:30,realizada
AG02535,PAC0672,Rodrigo Vieira Lorenzi,(51) 96184-4931,particular,MED05,2026-01-22 08:12,2026-03-05 14:30,faltou
AG02536,PAC0341,Eduardo Carvalho Barbosa,51946507232,convenio,MED04,2026-01-22 08:20,2026-01-27 08:00,realizada
AG02537,PAC0623,Gabriel Müller Mendes,53938920727,convenio,MED03,2026-01-22 08:20,2026-02-23 13:30,atendido
AG02538,PAC0199,Aline Pereira Fernandes,+55 51 917035851,convenio,MED05,2026-01-22 08:48,2026-02-03 17:00,atendido
AG02539,PAC0059,Mateus Pereira Machado,53995768911,convenio,MED01,2026-01-22 09:33,2026-02-27 15:30,realizada
AG02540,PAC0260,Leonardo Xavier Macedo,53975538676,particular,MED04,22/01/2026 09:48,2026-02-03 09:00,realizada
AG02541,PAC0507,Murilo Fernandes Aguiar,+55 51 932463682,particular,MED02,2026-01-22 10:55,2026-01-29 09:00,Realizada
AG02542,PAC0569,Márcio Schmidt Pinto,53921389589,convenio,MED01,2026-01-22 10:55,2026-02-06 15:30,Realizada
AG02543,PAC0603,Otávio Batista Rezende,(54) 92942-6162,convenio,MED01,2026-01-22 11:20,2026-02-18 07:30,faltou
AG02544,PAC0005,Lorena Martins Ferreira,(51) 93740-9546,convenio,MED02,2026-01-22 12:00,2026-01-29 10:00,no_show
AG02545,PAC0673,Thiago Ramos Araújo,51907806736,convenio,MED06,2026-01-22 12:00,2026-03-05 09:30,falta
AG02546,PAC0554,Camila Ribeiro Andrade,(53) 97699-0981,convenio,MED06,2026-01-22 12:33,19/02/2026 08:30,falta
AG02547,PAC0133,Júlia Ferreira Marques,51985181718,convenio,MED06,2026-01-22 12:55,2026-02-05 10:30,realizada
AG02548,PAC0323,Sérgio Silva Marques,(51) 95439-9501,convenio,MED02,22/01/2026 13:20,05/02/2026 15:00,falta
AG02549,PAC0337,Larissa Rocha Barbosa,+55 51 987644555,convenio,MED05,2026-01-22 13:41,2026-02-03 14:00,realizada
AG02550,PAC0273,Gisele Pinto Rocha,(53) 98330-4304,particular,MED01,2026-01-22 13:48,2026-01-30 14:00,realizada
AG02551,PAC0052,Daniel Araújo Coelho,(51) 98488-8292,particular,MED03,2026-01-22 14:12,23/01/2026 08:30,realizada
AG02552,PAC0042,Henrique Santos Miranda,53953980453,convenio,MED06,2026-01-22 14:12,2026-02-19 10:00,falta
AG02553,PAC0443,Helena Machado Siqueira,53917176498,convenio,MED01,2026-01-22 14:20,04/02/2026 08:30,realizada
AG02554,PAC0379,Fernando Alves Reis,53951122935,convenio,MED04,2026-01-22 14:45,2026-01-23 09:30,Realizada
AG02555,PAC0491,Gabriel Moura Moura,(53) 98249-9724,convenio,MED01,2026-01-22 14:46,2026-01-26 07:30,realizada
AG02556,PAC0379,Fernando Alves Reis,53951122935,convenio,MED03,2026-01-22 15:48,2026-02-25 16:00,realizada
AG02557,PAC0519,Wagner Dias Duarte,53974696355,convenio,MED05,2026-01-22 16:48,26/01/2026 15:00,falta
AG02558,PAC0383,Igor Batista Andrade,(51) 90083-8719,particular,MED03,2026-01-22 17:12,2026-02-06 11:30,realizada
AG02559,PAC0232,Emerson Marques Castro,+55 51 922393221,convenio,MED01,2026-01-22 17:41,09/02/2026 07:00,falta
AG02560,PAC0061,Gustavo Siqueira Pires,(53) 96472-8115,convenio,MED01,2026-01-23 08:20,2026-02-11 09:00,faltou
AG02561,PAC0040,Maria Marques Barbosa,(51) 96845-6814,convênio,MED04,2026-01-23 08:33,2026-01-26 11:30,realizada
AG02562,PAC0306,Leonardo Rocha Correia,+55 54 938743621,convenio,MED05,2026-01-23 08:33,2026-02-02 17:00,realizada
AG02563,PAC0050,Patrícia Correia Brandão,54912341342,Convênio,MED04,23/01/2026 09:00,2026-01-26 08:30,falta
AG02564,PAC0518,Larissa Nunes Kuhn,sem telefone,convenio,MED04,2026-01-23 09:20,2026-01-26 09:00,realizada
AG02565,PAC0543,Emerson Reis Tomasi,(53) 95635-2734,Convênio,MED01,2026-01-23 09:20,30/01/2026 17:00,REALIZADA
AG02566,PAC0349,Débora Mendes Castro,(51) 90863-6168,PARTICULAR,MED06,2026-01-23 09:20,05/02/2026 09:00,atendido
AG02567,PAC0585,Luciana Weber Weber,51989625516,convenio,MED05,2026-01-23 09:20,2026-02-10 17:00,cancelada_paciente
AG02568,PAC0146,Júlia Moreira Souza,(51) 93874-9982,particular,MED01,2026-01-23 09:55,2026-02-06 14:30,realizada
AG02569,PAC0431,Wagner Almeida Cavalcanti,(51) 94751-4485,Convênio,MED04,2026-01-23 10:00,2026-01-29 10:30,FALTA
AG02570,PAC0361,Bruno Sales Kuhn,51974002028,Convênio,MED03,2026-01-23 10:03,2026-01-26 13:00,realizada
AG02571,PAC0520,Helena Ramos Borges,(51) 91552-8053,convenio,MED04,2026-01-23 10:33,2026-02-04 09:00,FALTA
AG02572,PAC0195,Fernando Bezerra Freitas,(54) 97553-3852,particular,MED04,2026-01-23 11:12,04/02/2026 11:30,realizada
AG02573,PAC0559,Mateus Sales Peixoto,+55 51 910030427,convenio,MED05,2026-01-23 11:55,2026-02-04 14:00,falta
AG02574,PAC0232,Emerson Marques Castro,+55 51 922393221,convenio,MED03,2026-01-23 12:33,28/01/2026 13:00,desmarcou
AG02575,PAC0655,Pedro Santos Peixoto,(51) 91550-1132,Particular,MED01,2026-01-23 13:12,2026-03-04 07:30,FALTA
AG02576,PAC0217,Gustavo Carvalho Bertoldi,51936994625,convenio,MED01,2026-01-23 13:55,2026-02-06 17:30,realizada
AG02577,PAC0337,Larissa Rocha Barbosa,+55 51 987644555,convênio,MED02,2026-01-23 14:00,2026-03-03 10:00,falta
AG02578,PAC0232,Emerson Marques Castro,+55 51 922393221,convenio,MED01,2026-01-23 14:33,2026-01-26 07:00,falta
AG02579,PAC0044,Tatiane Dias Correia,(53) 92104-5395,convenio,MED04,2026-01-23 14:48,2026-01-27 10:00,cancelado clinica
AG02580,PAC0163,Aline Reis Brandão,+55 51 977816336,Particular,MED04,2026-01-23 14:48,2026-02-06 11:00,realizada
AG02581,PAC0177,Henrique Cavalcanti Prado,(51) 99505-1131,convenio,MED05,2026-01-23 14:55,2026-02-09 14:30,falta
AG02582,PAC0129,Larissa Pereira Dias,(51) 93595-3803,convenio,MED03,2026-01-23 15:00,2026-01-28 17:30,realizada
AG02583,PAC0360,Alexandre Ramos Souza,(51) 98722-2463,particular,MED05,2026-01-23 15:05,2026-01-29 14:30,cancelado clinica
AG02584,PAC0671,Raquel Vieira Lopes,(53) 93317-8360,Convênio,MED04,23/01/2026 15:33,2026-03-05 11:30,realizada
AG02585,PAC0102,Fernando Gonçalves Lopes,(53) 91997-8707,PARTICULAR,MED01,2026-01-23 15:48,2026-03-02 08:30,Realizada
AG02586,PAC0567,Larissa Nunes Hoffmann,51985022370,particular,MED06,2026-01-23 16:12,2026-02-05 08:00,falta
AG02587,PAC0405,Roberto Viana Silva,539244,particular,MED01,2026-01-23 16:41,2026-01-23 17:30,realizada
AG02588,PAC0380,Gisele Bittencourt Duarte,+55 54 902109801,convenio,MED02,2026-01-23 17:00,2026-01-27 08:00,cancelado clinica
AG02589,PAC0220,Rodrigo Cardoso Bittencourt,51962049321,particular,MED04,26/01/2026 08:00,27/01/2026 08:30,atendido
AG02590,PAC0096,Débora Bezerra Castro,(51) 98563-5074,Particular,MED03,2026-01-26 08:20,2026-01-30 11:30,realizada
AG02591,PAC0450,Ricardo Coelho Schmidt,51992645446,convenio,MED04,2026-01-26 08:20,2026-02-04 09:30,realizada
AG02592,PAC0515,Letícia Schmidt Sales,53931178661,CONVENIO,MED01,2026-01-26 08:22,2026-01-26 11:30,falta
AG02593,PAC0462,João Cavalcanti Carvalho,(51) 94947-9995,convenio,MED04,26/01/2026 08:33,19/02/2026 09:00,Realizada
AG02594,PAC0325,Wagner Lopes Barbosa,(51) 99648-0281,convenio,MED05,2026-01-26 08:48,2026-02-09 16:00,cancelado
AG02595,PAC0438,Fábio Fonseca Duarte,+55 51 998397798,CONVENIO,MED04,2026-01-26 09:33,29/01/2026 11:00,atendido
AG02596,PAC0440,Aline Lorenzi Ramos,(51) 91588-2256,convenio,MED03,2026-01-26 09:48,2026-01-26 16:30,realizada
AG02597,PAC0526,Arthur Pires Gomes,(51) 94112-6882,particular,MED04,2026-01-26 10:05,2026-01-27 11:00,realizada
AG02598,PAC0331,Adriana Rodrigues Guimarães,(51) 95418-7569,convenio,MED03,2026-01-26 10:41,2026-01-26 14:30,realizada
AG02599,PAC0149,Lucas Cavalcanti Correia,51955318507,particular,MED01,26/01/2026 11:00,04/03/2026 09:00,Realizada
AG02600,PAC0110,Carolina Viana Ribeiro,(51) 94788-7655,particular,MED04,2026-01-26 11:20,2026-01-30 11:30,realizada
AG02601,PAC0248,Cristina Pinto Santos,(51) 92292-6093,convenio,MED03,2026-01-26 11:41,2026-02-06 08:30,realizada
AG02602,PAC0314,Letícia Lorenzi Sales,51949084254,PARTICULAR,MED02,2026-01-26 12:12,2026-02-05 17:00,falta
AG02603,PAC0173,Lucas Bertoldi Pires,+55 51 957675179,particular,MED03,2026-01-26 13:05,2026-02-02 16:30,realizada
AG02604,PAC0283,Tatiane Santana Rezende,(51) 93913-5212,convenio,MED02,2026-01-26 13:20,24/02/2026 17:00,falta
AG02605,PAC0177,Henrique Cavalcanti Prado,(51) 99505-1131,convenio,MED04,2026-01-26 13:55,11/03/2026 10:00,realizada
AG02606,PAC0500,Letícia Brandão Viana,53947687440,particular,MED03,2026-01-26 14:20,2026-01-28 16:00,realizada
AG02607,PAC0159,Tânia Rocha Monteiro,53920999820,convênio,MED02,2026-01-26 15:33,2026-02-05 11:00,realizada
AG02608,PAC0565,Ricardo Rezende Rezende,(51) 93765-5477,particular,MED05,2026-01-26 15:33,2026-02-05 16:00,realizada
AG02609,PAC0593,Jéssica Miranda Vieira,51966104182,convenio,MED03,2026-01-26 16:05,2026-02-23 14:00,realizada
AG02610,PAC0302,Simone Castro Becker,(54) 90621-7091,convenio,MED03,26/01/2026 17:20,2026-02-27 10:00,realizada
AG02611,PAC0564,Mateus Rodrigues Rocha,+55 51 964174944,convenio,MED05,2026-01-26 17:48,2026-02-05 15:00,cancelado
AG02612,PAC0424,Lorena Araújo Hoffmann,54923746072,convenio,MED06,27/01/2026 08:12,28/01/2026 15:00,realizada
AG02613,PAC0565,Ricardo Rezende Rezende,(51) 93765-5477,particular,MED03,27/01/2026 08:33,2026-02-06 09:30,atendido
AG02614,PAC0067,Henrique Müller Vieira,+55 53 981682185,particular,MED04,2026-01-27 08:41,2026-03-03 11:00,falta
AG02615,PAC0380,Gisele Bittencourt Duarte,+55 54 902109801,convenio,MED01,2026-01-27 09:05,2026-02-02 08:00,realizada
AG02616,PAC0444,Emerson Freitas Lorenzi,(51) 97405-0629,convenio,MED03,2026-01-27 09:33,2026-01-30 10:30,realizada
AG02617,PAC0435,Isabela Macedo Rocha,(51) 91647-9621,particular,MED02,2026-01-27 09:33,2026-02-05 15:30,realizada
AG02618,PAC0101,César Almeida Campos,(54) 95435-8456,particular,MED02,2026-01-27 10:00,2026-01-29 08:00,realizada
AG02619,PAC0602,Gisele Teixeira Correia,+55 54 966615596,convenio,MED01,2026-01-27 10:12,2026-03-13 16:00,cancelada_paciente
AG02620,PAC0553,Gustavo Silva Sales,(51) 95721-8605,convenio,MED05,2026-01-27 10:48,2026-02-03 15:30,FALTA
AG02621,PAC0517,Rodrigo Carvalho Cardoso,(51) 98779-7982,particular,MED01,2026-01-27 11:05,2026-02-06 13:00,falta
AG02622,PAC0447,Lorena Ramos Cavalcanti,+55 51 954937099,particular,MED02,2026-01-27 11:55,29/01/2026 15:30,realizada
AG02623,PAC0561,André Oliveira Batista,(51) 95826-3572,particular,MED02,2026-01-27 12:33,2026-02-05 08:00,realizada
AG02624,PAC0638,Viviane Schmidt Almeida,(51) 97979-2915,particular,MED04,2026-01-27 12:48,2026-03-12 11:30,agendada
AG02625,PAC0537,Carolina Tomasi Guimarães,54989309087,convenio,MED02,2026-01-27 13:00,2026-01-29 17:00,realizada
AG02626,PAC0248,Cristina Pinto Santos,(51) 92292-6093,convenio,MED01,2026-01-27 13:05,2026-02-11 11:00,realizada
AG02627,PAC0077,Elaine Becker Santana,+55 51 905469242,convenio,MED02,2026-01-27 13:12,2026-02-26 14:00,realizada
AG02628,PAC0225,Rodrigo Farias Brandão,+55 51 962322121,particular,MED02,2026-01-27 13:33,2026-02-03 14:00,realizada
AG02629,PAC0289,Gabriel Aguiar Carvalho,54984298548,particular,MED05,2026-01-27 13:41,2026-02-03 16:00,realizada
AG02630,PAC0509,Aline Correia Santos,(53) 97857-5973,convenio,MED04,2026-01-27 13:41,2026-02-12 09:00,realizada
AG02631,PAC0685,Renata Pires Siqueira,51993601914,CONVENIO,MED06,2026-01-27 15:00,2026-03-12 09:30,falta
AG02632,PAC0128,Aline Oliveira Queiroz,(54) 99381-1787,convenio,MED06,2026-01-27 15:05,28/01/2026 14:30,cancelado clinica
AG02633,PAC0465,César Queiroz Moreira,(51) 93035-4515,CONVENIO,MED05,2026-01-27 15:33,2026-02-09 16:30,falta
AG02634,PAC0216,Tânia Freitas Mendes,(54) 96623-4537,convenio,MED04,2026-01-27 15:41,2026-02-03 10:30,realizada
AG02635,PAC0188,Leonardo Gomes Guimarães,51988024838,particular,MED06,2026-01-27 16:53,2026-01-28 14:30,realizada
AG02636,PAC0041,Beatriz Sores Nascimento,93607,convenio,MED02,2026-01-27 17:00,2026-03-05 11:00,faltou
AG02637,PAC0338,Fabiana Fernandes Mendes,+55 51 915452091,Convênio,MED02,2026-01-27 17:33,2026-02-12 14:30,realizada
AG02638,PAC0019,Eduardo Rezende Marques,53938389923,convenio,MED03,2026-01-27 17:55,2026-02-02 17:00,realizada
AG02639,PAC0383,Igor Batista Andrade,(51) 90083-8719,particular,MED03,2026-01-28 08:05,2026-02-18 16:00,realizada
AG02640,PAC0586,Thiago Duarte Siqueira,(51) 95808-1618,convenio,MED05,2026-01-28 08:12,2026-02-11 15:30,realizada
AG02641,PAC0033,Caio Lima Zanella,53948151415,convenio,MED05,2026-01-28 08:21,2026-01-29 14:30,realizada
AG02642,PAC0590,Rafael Batista Moura,+55 54 952877334,convenio,MED04,2026-01-28 08:48,2026-02-11 08:00,realizada
AG02643,PAC0259,Vitor Correia Queiroz,53934058645,convenio,MED05,2026-01-28 09:00,2026-02-09 15:00,confirmado
AG02644,PAC0534,Bianca Gonçalves Duarte,(53) 90296-5984,particular,MED05,2026-01-28 09:03,2026-01-28 14:00,no_show
AG02645,PAC0301,Sérgio Sales Batista,+55 53 955389383,convenio,MED03,2026-01-28 09:05,2026-03-02 14:00,falta
AG02646,PAC0143,Raquel Pereira Macedo,(54) 98269-0375,convenio,MED04,2026-01-28 09:12,30/01/2026 10:30,falta
AG02647,PAC0530,Cristina Duarte Freitas,(51) 93075-7451,Particular,MED01,2026-01-28 09:21,2026-01-28 11:30,realizada
AG02648,PAC0183,Renata Nascimento Santana,(51) 98027-7698,convenio,MED06,28/01/2026 09:36,2026-01-28 16:00,realizada
AG02649,PAC0407,Ana Freitas Bertoldi,+55 51 944722327,convenio,MED01,2026-01-28 10:33,2026-02-04 11:00,realizada
AG02650,PAC0103,Natália Marques Santos,+55 51 976030999,convenio,MED06,2026-01-28 10:35,2026-01-28 14:00,realizada
AG02651,PAC0268,Luiza Oliveira Miranda,53983710467,particular,MED05,2026-01-28 10:48,2026-01-28 15:30,realizada
AG02652,PAC0183,Renata Nascimento Santana,(51) 98027-7698,convenio,MED02,28/01/2026 10:51,2026-01-29 11:30,Realizada
AG02653,PAC0446,Igor Vieira Lima,54912854671,convenio,MED04,2026-01-28 11:00,2026-02-12 11:00,falta
AG02654,PAC0141,Rodrigo Tomasi Brandão,(51) 91828-0393,convenio,MED06,2026-01-28 11:20,2026-02-11 17:30,ausente
AG02655,PAC0281,Larissa Oliveira Bezerra,(54) 96796-3186,convenio,MED04,28/01/2026 11:33,27/02/2026 09:30,falta
AG02656,PAC0006,Fabiana Freitas Ramos,92836,convenio,MED02,28/01/2026 11:48,29/01/2026 09:30,realizada
AG02657,PAC0197,Carolina Lorenzi Souza,(51) 94236-2099,convenio,MED02,2026-01-28 12:05,2026-01-29 14:30,realizada
AG02658,PAC0531,Leonardo Rezende Martins,(51) 93164-3025,convenio,MED03,2026-01-28 12:18,28/01/2026 13:00,realizada
AG02659,PAC0286,Murilo Borges Siqueira,(51) 97367-8015,particular,MED05,2026-01-28 12:41,2026-02-10 14:00,realizada
AG02660,PAC0223,Mateus Pinto Brandão,(51) 94221-4969,convenio,MED04,28/01/2026 12:55,2026-02-26 08:00,realizada
AG02661,PAC0630,Ana Bezerra Duarte,54922141180,convenio,MED02,2026-01-28 13:33,2026-02-24 09:00,falta
AG02662,PAC0351,Gisele Bezerra Pereira,(54) 90621-3057,Convênio,MED02,2026-01-28 13:48,2026-02-05 08:30,atendido
AG02663,PAC0609,Juliana Marques Duarte,+55 51 972861023,convenio,MED05,2026-01-28 14:00,2026-02-18 17:30,falta
AG02664,PAC0709,Fernando Castro Rezende,(53) 92508-4285,convenio,MED01,2026-01-28 14:00,2026-03-16 07:00,falta
AG02665,PAC0547,Gisele Schmidt Pereira,51969697619,convenio,MED04,2026-01-28 14:05,2026-02-02 11:00,atendido
AG02666,PAC0556,Rodrigo Teixeira Tavares,+55 53 983631377,convenio,MED01,2026-01-28 14:05,04/02/2026 11:30,Realizada
AG02667,PAC0500,Letícia Brandão Viana,53947687440,particular,MED01,2026-01-28 14:33,2026-02-11 11:30,realizada
AG02668,PAC0247,Lucas Batista Santos,(53) 91830-5408,convenio,MED02,28/01/2026 14:41,2026-03-03 09:00,FALTA
AG02669,PAC0062,Luciana Soares Lorenzi,(51) 96645-1918,convenio,MED04,2026-01-28 15:00,09/02/2026 09:00,falta
AG02670,PAC0162,Daniel Aguiar Lima,(51) 93357-2645,Particular,MED01,2026-01-28 15:00,2026-03-04 07:00,realizada
AG02671,PAC0434,Wagner Viana Soares,(51) 97774-4715,convênio,MED04,2026-01-28 15:48,2026-03-16 11:00,REALIZADA
AG02672,PAC0107,Otávio Aguiar Xavier,(51) 91651-8979,convenio,MED01,28/01/2026 16:12,2026-02-13 17:30,realizada
AG02673,PAC0128,Aline Oliveira Queiroz,(54) 99381-1787,convenio,MED05,2026-01-28 16:12,2026-03-12 16:30,falta
AG02674,PAC0542,Leonardo Gonçalves Oliveira,(51) 99590-8222,convenio,MED05,28/01/2026 16:33,2026-01-29 17:00,atendido
AG02675,PAC0426,Thiago Rocha Nascimento,(53) 95286-6673,PARTICULAR,MED04,2026-01-28 17:20,2026-02-05 09:00,no_show
AG02676,PAC0591,Bianca Miranda Lima,(51) 99192-5156,Particular,MED05,2026-01-28 17:20,2026-02-11 14:30,realizada
AG02677,PAC0552,Vitor Hoffmann Teixeira,51960092109,Convênio,MED04,2026-01-28 17:48,2026-02-03 09:30,realizada
AG02678,PAC0535,Ricardo Coelho Freitas,54940113565,convenio,MED04,2026-01-28 17:55,2026-02-03 11:30,Realizada
AG02679,PAC0423,Marcos Becker Sales,(51) 98022-5886,convenio,MED06,2026-01-29 08:20,03/02/2026 09:30,realizada
AG02680,PAC0343,Sabrina Alves Castro,(51) 91139-9364,particular,MED06,2026-01-29 09:05,2026-02-03 08:00,REALIZADA
AG02681,PAC0558,Thiago Souza Fernandes,+55 51 963115295,convenio,MED03,2026-01-29 09:05,2026-02-04 17:30,falta
AG02682,PAC0602,Gisele Teixeira Correia,+55 54 966615596,convenio,MED04,2026-01-29 09:12,13/02/2026 09:30,cancelada_paciente
AG02683,PAC0536,Lucas Fernandes Guimarães,53989032198,convenio,MED02,29/01/2026 09:55,2026-01-29 11:00,falta
AG02684,PAC0190,Sérgio Ribeiro Xavier,+55 54 920720983,convenio,MED06,2026-01-29 09:55,2026-03-12 11:30,realizada
AG02685,PAC0571,Viviane Dias Batista,,convenio,MED01,2026-01-29 10:41,2026-02-06 17:00,realizada
AG02686,PAC0542,Leonardo Gonçalves Oliveira,(51) 99590-8222,Convênio,MED03,29/01/2026 10:41,2026-02-13 08:30,realizada
AG02687,PAC0209,Gustavo Pereira Aguiar,51958609952,PARTICULAR,MED05,2026-01-29 10:55,26/02/2026 17:00,realizada
AG02688,PAC0119,Samuel Nunes Reis,,convenio,MED05,2026-01-29 11:12,2026-02-25 17:30,realizada
AG02689,PAC0275,Beatriz Oliveira Cavalcanti,(51) 94561-1040,convenio,MED05,2026-01-29 11:41,2026-02-26 17:30,realizada
AG02690,PAC0201,Cristina Marques Bertoldi,(53) 93697-2429,convenio,MED03,2026-01-29 12:12,2026-03-02 15:00,falta
AG02691,PAC0337,Larissa Rocha Barbosa,+55 51 987644555,convenio,MED06,2026-01-29 12:33,2026-02-03 10:00,realizada
AG02692,PAC0698,Sabrina Peixoto Gonçalves,+55 54 900762578,convênio,MED04,2026-01-29 13:20,2026-03-12 10:00,REALIZADA
AG02693,PAC0178,Felipe Pires Reis,54996725726,particular,MED03,2026-01-29 13:55,2026-02-04 14:00,REALIZADA
AG02694,PAC0419,Leandro Souza Marques,(51) 92308-4663,PARTICULAR,MED01,2026-01-29 13:55,2026-02-13 13:30,Realizada
AG02695,PAC0104,Natália Hoffmann Dias,92916,convenio,MED02,2026-01-29 14:05,2026-02-12 15:00,realizada
AG02696,PAC0717,Thiago Guimarães Freitas,(51) 93115-5829,particular,MED05,2026-01-29 14:20,2026-03-16 15:30,FALTA
AG02697,PAC0463,Bianca Lima Rocha,54941575620,convenio,MED02,2026-01-29 14:33,2026-02-05 16:00,Realizada
AG02698,PAC0002,Felipe Bertoldi Souza,,convenio,MED04,2026-01-29 14:48,2026-01-30 08:30,realizada
AG02699,PAC0590,Rafael Batista Moura,+55 54 952877334,convenio,MED02,2026-01-29 14:48,2026-03-05 16:00,Realizada
AG02700,PAC0321,Fabiana Tavares Fernandes,+55 51 904304609,convenio,MED01,2026-01-29 14:55,2026-03-09 07:30,realizada
AG02701,PAC0574,Isabela Fernandes Lima,(51) 99102-8128,particular,MED04,2026-01-29 16:00,2026-02-12 09:30,realizada
AG02702,PAC0534,Bianca Gonçalves Duarte,(53) 90296-5984,particular,MED01,2026-01-29 16:12,2026-02-09 11:00,realizada
AG02703,PAC0030,Tatiane Campos Barbosa,(51) 92954-8265,convenio,MED01,2026-01-29 16:48,09/02/2026 09:00,atendido
AG02704,PAC0562,Mateus Costa Moura,(54) 92260-0600,convenio,MED02,2026-01-29 16:55,2026-02-05 14:30,realizada
AG02705,PAC0430,André Lopes Monteiro,(51) 91822-6521,particular,MED02,2026-01-29 17:00,2026-02-19 15:00,Realizada
AG02706,PAC0270,Fernando Dias Santana,+55 53 978879045,particular,MED04,2026-01-29 17:00,2026-03-03 10:00,cancelada_paciente
AG02707,PAC0661,Sérgio Tavares Oliveira,54952175294,convenio,MED02,29/01/2026 17:33,2026-03-03 14:00,falta
AG02708,PAC0116,Leandro Becker Marques,51920146861,Particular,MED03,2026-01-29 17:55,2026-02-04 16:00,faltou
AG02709,PAC0568,Simone Correia Carvalho,(51) 99584-9209,particular,MED06,2026-01-30 08:00,2026-02-05 10:00,falta
AG02710,PAC0544,Bianca Lopes Soares,51996806182,PARTICULAR,MED03,2026-01-30 08:27,30/01/2026 09:00,realizada
AG02711,PAC0572,Sérgio Correia Viana,53985967782,CONVENIO,MED04,30/01/2026 08:41,2026-02-12 10:00,Realizada
AG02712,PAC0495,Otávio Fernandes Pinto,(51) 95333-7758,convenio,MED04,2026-01-30 08:48,2026-02-04 08:00,realizada
AG02713,PAC0287,Luiza Sales Aguiar,51939329300,PARTICULAR,MED06,2026-01-30 09:00,2026-02-04 17:00,faltou
AG02714,PAC0066,Eduardo Monteiro Reis,53986799759,convenio,MED02,2026-01-30 09:12,2026-02-12 09:00,realizada
AG02715,PAC0414,Sabrina Müller Costa,(51) 91690-5097,convenio,MED06,2026-01-30 10:12,2026-03-05 10:30,realizada
AG02716,PAC0463,Bianca Lima Rocha,54941575620,convenio,MED03,30/01/2026 11:12,2026-02-06 10:30,realizada
AG02717,PAC0047,Raquel Ramos Prado,+55 54 907183846,particular,MED02,2026-01-30 11:12,2026-02-10 09:00,atendido
AG02718,PAC0584,Gisele Rodrigues Cavalcanti,51937281309,convenio,MED04,30/01/2026 11:33,2026-02-10 11:30,no_show
AG02719,PAC0024,Cristina Sales Aguiar,(51) 91690-1913,Convênio,MED04,2026-01-30 11:33,2026-03-11 08:30,REALIZADA
AG02720,PAC0294,Emerson Cavalcanti Miranda,(51) 96869-5587,convenio,MED01,30/01/2026 11:48,2026-02-02 10:00,FALTA
AG02721,PAC0121,Helena Araújo Freitas,(54) 90376-5305,Convênio,MED04,2026-01-30 12:20,2026-02-09 09:30,realizada
AG02722,PAC0610,Carolina Duarte Tomasi,+55 51 962030469,convenio,MED05,2026-01-30 12:48,2026-03-05 16:30,Realizada
AG02723,PAC0357,Fernando Hoffmann Tomasi,54982332956,convenio,MED04,2026-01-30 13:20,2026-02-10 08:30,Realizada
AG02724,PAC0591,Bianca Miranda Lima,(51) 99192-5156,Particular,MED04,2026-01-30 13:33,2026-02-11 11:00,atendido
AG02725,PAC0641,Igor Batista Correia,(54) 96584-0574,convenio,MED01,2026-01-30 14:05,2026-03-09 08:00,ausente
AG02726,PAC0117,Simone Dias Barbosa,51992737016,particular,MED04,2026-01-30 14:12,2026-02-02 10:30,Realizada
AG02727,PAC0319,Isabela Rodrigues Martins,(51) 91472-4158,CONVENIO,MED03,2026-01-30 15:12,2026-02-02 15:00,falta
AG02728,PAC0601,Isabela Dias Müller,+55 51 944281085,convenio,MED04,2026-01-30 15:41,2026-02-13 08:30,faltou
AG02729,PAC0113,Fernando Ferreira Rezende,(51) 95512-6270,Particular,MED05,2026-01-30 16:00,2026-03-11 17:30,falta
AG02730,PAC0206,Thiago Queiroz Zanella,(53) 97519-4745,convenio,MED03,2026-01-30 16:05,2026-03-16 14:30,realizada
AG02731,PAC0595,Diego Campos Becker,(54) 95419-8464,particular,MED04,2026-01-30 16:33,2026-02-12 08:30,FALTA
AG02732,PAC0548,Júlia Rodrigues Silva,+55 51 921873164,Convênio,MED04,2026-01-30 16:41,2026-02-02 11:30,falta
AG02733,PAC0365,Thiago Cavalcanti Cavalcanti,+55 53 902986033,convenio,MED05,2026-01-30 17:12,2026-02-02 14:00,Realizada
AG02734,PAC0476,Lucas Lima Ribeiro,+55 53 995363995,convenio,MED01,2026-02-02 08:00,2026-02-23 09:30,realizada
AG02735,PAC0623,Gabriel Müller Mendes,53938920727,convenio,MED03,2026-02-02 08:20,2026-03-18 17:00,realizada
AG02736,PAC0660,Caio Menezes Ramos,+55 51 914950792,convenio,MED04,2026-02-02 08:41,2026-03-09 10:30,realizada
AG02737,PAC0249,Fabiana Bezerra Costa,(51) 95667-5146,particular,MED04,2026-02-02 08:48,2026-02-25 11:30,falta
AG02738,PAC0203,Samuel Cardoso Pires,(54) 95205-1502,convenio,MED05,2026-02-02 09:33,02/02/2026 16:30,atendido
AG02739,PAC0570,Cristina Tomasi Tavares,(51) 95914-9077,convenio,MED01,2026-02-02 09:33,2026-02-06 16:00,realizada
AG02740,PAC0327,Simone Hoffmann Fernandes,+55 54 945806949,particular,MED05,2026-02-02 09:34,05/02/2026 15:00,realizada
AG02741,PAC0545,Fernando Martins Coelho,(53) 95042-0565,particular,MED03,2026-02-02 10:00,2026-02-06 09:00,Realizada
AG02742,PAC0142,José Ferreira Nunes,+55 53 936084144,convenio,MED02,2026-02-02 10:05,2026-02-10 14:00,Realizada
AG02743,PAC0317,Letícia Zanella Hoffmann,54979718780,convenio,MED01,2026-02-02 10:33,09/02/2026 08:30,falta
AG02744,PAC0396,Bruno Guimarães Schmidt,54917089040,particular,MED02,2026-02-02 11:20,2026-02-03 17:30,realizada
AG02745,PAC0047,Raquel Ramos Prado,+55 54 907183846,particular,MED01,2026-02-02 11:20,2026-02-18 09:30,realizada
AG02746,PAC0447,Lorena Ramos Cavalcanti,+55 51 954937099,particular,MED02,2026-02-02 12:33,2026-03-03 15:00,REALIZADA
AG02747,PAC0549,Vanessa Becker Ramos,(51) 92950-4817,convenio,MED05,2026-02-02 12:41,02/02/2026 15:30,atendido
AG02748,PAC0046,Wagner Macedo Bezerra,(54) 91918-5886,Particular,MED06,2026-02-02 13:00,2026-02-19 11:30,Realizada
AG02749,PAC0591,Bianca Miranda Lima,(51) 99192-5156,Particular,MED03,2026-02-02 13:00,2026-02-25 17:00,realizada
AG02750,PAC0523,Renata Nascimento Pinto,53923920688,particular,MED03,2026-02-02 13:00,2026-03-13 08:30,cancelado pelo paciente
AG02751,PAC0554,Camila Ribeiro Andrade,(53) 97699-0981,convenio,MED06,2026-02-02 13:20,03/02/2026 08:30,realizada
AG02752,PAC0491,Gabriel Moura Moura,(53) 98249-9724,convenio,MED04,2026-02-02 13:41,2026-03-06 10:00,no_show
AG02753,PAC0104,Natália Hoffmann Dias,92916,convenio,MED06,2026-02-02 13:55,2026-02-10 10:30,realizada
AG02754,PAC0185,Gabriel Carvalho Nunes,+55 51 941741132,convenio,MED06,2026-02-02 14:05,2026-02-24 08:00,realizada
AG02755,PAC0543,Emerson Reis Tomasi,(53) 95635-2734,convenio,MED01,2026-02-02 14:48,2026-03-09 10:30,realizada
AG02756,PAC0587,Gisele Mendes Reis,(51) 99447-6647,convenio,MED06,2026-02-02 15:12,2026-02-10 09:00,Realizada
AG02757,PAC0088,Beatriz Rezende Rocha,(53) 91979-7265,particular,MED06,02/02/2026 16:55,2026-02-24 10:30,realizada
AG02758,PAC0551,Gabriel Tavares Cardoso,(51) 93909-3553,convenio,MED04,02/02/2026 17:12,03/02/2026 08:30,realizada
AG02759,PAC0085,Emerson Reis Macedo,51972488125,convenio,MED03,2026-02-02 17:12,2026-02-20 08:00,realizada
AG02760,PAC0341,Eduardo Carvalho Barbosa,51946507232,convenio,MED03,2026-02-02 17:48,2026-03-06 09:30,cancelada_clinica
AG02761,PAC0417,Gustavo Pinto Correia,+55 54 969381977,particular,MED04,2026-02-03 08:05,2026-02-09 10:30,realizada
AG02762,PAC0356,Felipe Reis Dias,(51) 99318-4244,convenio,MED06,2026-02-03 08:05,2026-02-12 08:30,REALIZADA
AG02763,PAC0202,Rodrigo Nunes Rodrigues,(51) 91862-9879,convenio,MED06,03/02/2026 08:41,2026-03-19 11:00,realizada
AG02764,PAC0501,Débora Gonçalves Almeida,(51) 93423-0594,convenio,MED04,2026-02-03 09:00,2026-02-10 08:00,falta
AG02765,PAC0482,Cristina Almeida Bertoldi,(53) 91943-3557,particular,MED04,2026-02-03 09:55,2026-02-10 10:30,atendido
AG02766,PAC0369,Letícia Marques Schmidt,(53) 95146-3485,particular,MED05,2026-02-03 10:05,24/02/2026 14:30,Realizada
AG02767,PAC0293,Patrícia Rezende Campos,51921292420,convenio,MED02,03/02/2026 10:20,2026-02-24 08:30,FALTA
AG02768,PAC0720,Larissa Vieira Bertoldi,+55 53 942920865,Convênio,MED03,2026-02-03 12:20,2026-03-18 17:30,realizada
AG02769,PAC0064,Daniel Coelho Freitas,(53) 98705-6910,convenio,MED05,2026-02-03 13:20,2026-02-10 14:30,FALTA
AG02770,PAC0064,Daniel Coelho Freitas,(53) 98705-6910,convenio,MED03,2026-02-03 13:33,2026-02-11 17:30,realizada
AG02771,PAC0744,Larissa Bittencourt Monteiro,54955968198,convenio,MED04,2026-02-03 14:12,2026-03-20 08:30,faltou
AG02772,PAC0254,Juliana Monteiro Dias,+55 53 932153346,particular,MED04,2026-02-03 14:20,2026-02-13 11:30,REALIZADA
AG02773,PAC0611,Daniel Kuhn Borges,51907488787,Convênio,MED04,2026-02-03 14:20,2026-03-02 10:00,realizada
AG02774,PAC0231,André Queiroz Lorenzi,+55 51 915555682,convenio,MED05,2026-02-03 14:41,05/02/2026 17:00,realizada
AG02775,PAC0531,Leonardo Rezende Martins,(51) 93164-3025,convenio,MED01,2026-02-03 14:41,2026-03-16 11:00,realizada
AG02776,PAC0038,Aline Soares Costa,51949817719,convenio,MED01,2026-02-03 14:55,2026-02-18 08:30,falta
AG02777,PAC0212,Roberto Muller Rodrigues,+55 51 916328803,convenio,MED04,2026-02-03 15:05,2026-03-10 11:00,cancelada_paciente
AG02778,PAC0229,Thiago Batista Pinto,+55 51 946505959,particular,MED02,2026-02-03 15:12,2026-02-26 09:30,realizada
AG02779,PAC0485,Viviane Zanella Brandão,+55 51 963157917,particular,MED01,2026-02-03 15:41,2026-02-04 08:00,realizada
AG02780,PAC0555,Wagner Moura Nunes,sem telefone,particular,MED01,2026-02-03 16:00,2026-02-04 07:00,realizada
AG02781,PAC0231,André Queiroz Lorenzi,+55 51 915555682,convenio,MED06,2026-02-03 16:00,04/02/2026 17:30,falta
AG02782,PAC0080,Alexandre Lopes Pires,(51) 96893-0854,convenio,MED03,2026-02-03 16:00,2026-02-09 17:00,realizada
AG02783,PAC0015,Pedro Brandão Batista,(53) 96470-3160,particular,MED02,2026-02-03 16:00,12/02/2026 10:00,realizada
AG02784,PAC0482,Cristina Almeida Bertoldi,(53) 91943-3557,particular,MED02,2026-02-03 16:20,2026-02-05 10:00,realizada
AG02785,PAC0246,Rodrigo Alves Miranda,(53) 95892-7244,convenio,MED03,2026-02-03 16:41,2026-02-23 16:00,realizada
AG02786,PAC0061,Gustavo Siqueira Pires,(53) 96472-8115,CONVENIO,MED02,03/02/2026 17:12,26/02/2026 16:00,realizada
AG02787,PAC0211,Gisele Brandão Mendes,(53) 97547-4117,particular,MED04,2026-02-03 17:20,04/02/2026 11:00,realizada
AG02788,PAC0564,Mateus Rodrigues Rocha,+55 51 964174944,convenio,MED02,2026-02-03 17:48,17/03/2026 08:00,realizada
AG02789,PAC0325,Wagner Lopes Barbosa,(51) 99648-0281,convênio,MED01,2026-02-04 08:05,2026-02-04 10:00,cancelada_paciente
AG02790,PAC0102,Fernando Gonçalves Lopes,(53) 91997-8707,particular,MED04,2026-02-04 08:05,2026-02-11 09:30,realizada
AG02791,PAC0456,Leonardo Coelho Pires,(51) 96410-8971,convenio,MED06,2026-02-04 08:12,2026-03-04 15:30,realizada
AG02792,PAC0168,Cristina Farias Müller,51992073539,convenio,MED01,2026-02-04 08:15,2026-02-04 09:30,realizada
AG02793,PAC0336,Júlia Fonseca Fonseca,(51) 97911-4356,particular,MED01,2026-02-04 08:41,2026-02-13 14:00,realizada
AG02794,PAC0341,Eduardo Carvalho Barbosa,51946507232,Convênio,MED01,2026-02-04 08:41,2026-03-16 11:30,no_show
AG02795,PAC0650,Marcos Miranda Guimarães,+55 53 920503045,CONVENIO,MED04,2026-02-04 08:55,2026-03-20 10:00,Realizada
AG02796,PAC0592,Isabela Ramos Ribeiro,(51) 93995-0677,convenio,MED06,2026-02-04 09:33,11/02/2026 17:00,cancelado
AG02797,PAC0188,Leonardo Gomes Guimarães,51988024838,particular,MED01,2026-02-04 10:00,2026-03-02 11:30,falta
AG02798,PAC0351,Gisele Bezerra Pereira,(54) 90621-3057,convenio,MED04,2026-02-04 11:00,2026-03-06 09:00,falta
AG02799,PAC0206,Thiago Queiroz Zanella,(53) 97519-4745,convênio,MED03,2026-02-04 11:05,2026-02-11 14:30,realizada
AG02800,PAC0578,Vanessa Prado Zanella,(53) 92274-4827,convenio,MED04,2026-02-04 11:12,2026-02-09 10:00,cancelado
AG02801,PAC0553,Gustavo Silva Sales,(51) 95721-8605,convenio,MED02,2026-02-04 11:41,2026-02-05 11:30,realizada
AG02802,PAC0502,Luciana Coelho Ribeiro,,particular,MED03,2026-02-04 11:54,2026-02-04 13:30,REALIZADA
AG02803,PAC0101,César Almeida Campos,(54) 95435-8456,particular,MED03,2026-02-04 12:20,2026-02-13 11:00,REALIZADA
AG02804,PAC0579,Isabela Carvalho Gomes,(51) 97999-4429,particular,MED04,2026-02-04 13:00,2026-02-09 11:30,Realizada
AG02805,PAC0465,César Queiroz Moreira,(51) 93035-4515,Convênio,MED06,2026-02-04 13:00,2026-02-10 09:30,realizada
AG02806,PAC0650,Marcos Miranda Guimarães,+55 53 920503045,convenio,MED01,2026-02-04 13:48,2026-03-20 15:00,desmarcou
AG02807,PAC0546,Igor Soares Moreira,53957770343,convenio,MED05,2026-02-04 14:12,2026-03-10 17:30,realizada
AG02808,PAC0117,Simone Dias Barbosa,51992737016,Particular,MED03,2026-02-04 14:20,2026-02-09 14:30,realizada
AG02809,PAC0252,Patrícia Sales Almeida,+55 51 976043292,convênio,MED03,2026-02-04 14:41,2026-02-25 14:30,no_show
AG02810,PAC0647,Mariana Silva Reis,(54) 99910-2953,convenio,MED05,2026-02-04 14:41,2026-02-26 14:00,Realizada
AG02811,PAC0433,Jéssica Ferreira Santana,+55 51 972424584,particular,MED06,04/02/2026 15:33,2026-02-25 14:30,realizada
AG02977,PAC0772,Elaine Andrade Duarte,54994009516,convenio,MED04,2026-02-13 10:20,2026-03-26 11:00,falta
AG02812,PAC0091,Murilo Martins Santana,(54) 91396-4088,convenio,MED02,04/02/2026 16:05,2026-02-10 10:00,realizada
AG04256,PAC0156,Patrícia Moura Castro,(51) 93069-9847,Convênio,MED02,2026-04-23 10:20,2026-05-21 10:30,REALIZADA
AG02813,PAC0070,Caio Aguiar Lima,54902502405,convenio,MED01,2026-02-04 16:12,2026-02-09 07:30,realizada
AG02814,PAC0551,Gabriel Tavares Cardoso,(51) 93909-3553,convenio,MED05,04/02/2026 16:20,2026-03-11 17:00,falta
AG02815,PAC0426,Thiago Rocha Nascimento,(53) 95286-6673,particular,MED02,2026-02-04 16:48,2026-03-10 11:30,realizada
AG02816,PAC0460,Larissa Andrade Guimarães,(51) 99920-6877,convenio,MED06,2026-02-04 17:12,10/02/2026 11:30,realizada
AG02817,PAC0035,Débora Marques Campos,54984407414,convenio,MED01,2026-02-04 17:33,2026-03-06 13:30,realizada
AG02818,PAC0384,Otávio Duarte Bezerra,(53) 92118-3929,convenio,MED02,2026-02-05 08:21,2026-02-05 10:30,Realizada
AG02819,PAC0611,Daniel Kuhn Borges,51907488787,convenio,MED05,2026-02-05 08:33,16/03/2026 17:30,realizada
AG02820,PAC0125,Roberto Zanella Viana,(53) 99681-4060,particular,MED03,2026-02-05 10:00,2026-02-11 13:00,realizada
AG02821,PAC0160,Renata Kuhn Bezerra,53989869970,particular,MED01,2026-02-05 10:12,2026-02-27 14:00,falta
AG02822,PAC0576,Beatriz Rocha Castro,(51) 99631-7672,particular,MED04,2026-02-05 10:41,2026-02-09 08:00,cancelada_paciente
AG02823,PAC0057,Arthur Santana Kuhn,+55 51 921041025,convenio,MED02,2026-02-05 11:33,2026-02-05 17:30,realizada
AG02824,PAC0674,Júlia Tavares Menezes,+55 51 962264205,convenio,MED01,2026-02-05 13:00,2026-03-11 09:00,desmarcou
AG02825,PAC0507,Murilo Fernandes Aguiar,+55 51 932463682,particular,MED04,2026-02-05 13:00,2026-03-17 10:30,Realizada
AG02826,PAC0172,Márcio Bertoldi Guimarães,(54) 99040-9724,convenio,MED01,2026-02-05 14:55,2026-02-25 07:00,faltou
AG02827,PAC0623,Gabriel Müller Mendes,53938920727,Convênio,MED05,2026-02-05 15:05,2026-02-24 14:00,realizada
AG02828,PAC0376,Vitor Rodrigues Silva,(51) 92379-5044,convenio,MED05,2026-02-05 15:33,12/02/2026 16:00,realizada
AG02829,PAC0597,Júlia Santos Mendes,(51) 94635-7257,particular,MED01,2026-02-05 15:41,2026-02-13 15:30,falta
AG02830,PAC0237,Sérgio Carvalho Reis,(53) 91921-6641,particular,MED01,2026-02-05 15:55,2026-02-11 09:30,realizada
AG02831,PAC0573,Henrique Schmidt Hoffmann,53909092292,particular,MED05,2026-02-05 16:00,2026-02-09 17:00,realizada
AG02832,PAC0089,Emerson Gomes Coelho,51982389020,particular,MED03,2026-02-05 16:12,2026-02-06 08:00,realizada
AG02833,PAC0185,Gabriel Carvalho Nunes,+55 51 941741132,convenio,MED02,2026-02-05 17:20,2026-02-12 17:00,realizada
AG02834,PAC0577,Carolina Machado Lopes,(53) 98397-1869,convenio,MED04,2026-02-05 17:35,09/02/2026 08:00,falta
AG02835,PAC0369,Letícia Marques Schmidt,(53) 95146-3485,particular,MED03,2026-02-06 08:12,09/02/2026 16:30,no_show
AG02836,PAC0393,Lorena Vieira Barbosa,(51) 91417-2466,convenio,MED04,2026-02-06 08:18,2026-02-06 09:30,realizada
AG02837,PAC0174,LEANDRO LOPES COSTA,+55 51 940373326,Convênio,MED01,2026-02-06 08:41,2026-02-09 10:00,Realizada
AG02838,PAC0117,Simone Dias Barbosa,51992737016,particular,MED04,2026-02-06 08:41,11/02/2026 09:00,Realizada
AG02839,PAC0168,Cristina Farias Müller,51992073539,convênio,MED02,2026-02-06 08:48,2026-02-10 08:00,realizada
AG02840,PAC0596,Natália Aguiar Soares,+55 51 997643463,convenio,MED03,2026-02-06 09:41,2026-03-06 10:00,faltou
AG02841,PAC0093,João Bezerra Souza,+55 51 962059532,particular,MED05,2026-02-06 09:55,2026-03-11 15:00,realizada
AG02842,PAC0353,Elaine Campos Santana,53990673944,convênio,MED05,2026-02-06 10:33,2026-03-09 17:00,realizada
AG02843,PAC0299,Priscila Souza Bezerra,(53) 91166-7412,Convênio,MED01,2026-02-06 12:05,2026-02-06 15:00,realizada
AG02844,PAC0220,Rodrigo Cardoso Bittencourt,51962049321,Particular,MED04,2026-02-06 13:12,2026-02-11 11:30,realizada
AG02845,PAC0540,Priscila Pinto Santana,(51) 93660-4100,particular,MED01,2026-02-06 13:20,2026-02-18 10:30,Realizada
AG02846,PAC0121,Helena Araújo Freitas,(54) 90376-5305,convenio,MED05,2026-02-06 13:48,2026-02-19 16:30,realizada
AG02847,PAC0034,Adriana Peixoto Rezende,51990650617,Convênio,MED04,2026-02-06 14:05,2026-03-17 09:00,FALTA
AG02848,PAC0669,Paulo Vieira Gomes,(51) 96608-7949,particular,MED04,2026-02-06 14:48,05/03/2026 09:30,FALTA
AG02849,PAC0395,Vanessa Reis Cardoso,(51) 99436-1346,particular,MED03,2026-02-06 15:12,13/02/2026 09:00,atendido
AG02850,PAC0190,Sérgio Ribeiro Xavier,+55 54 920720983,convênio,MED04,2026-02-06 15:12,2026-02-27 11:30,cancelado
AG02851,PAC0413,Leandro Teixeira Campos,+55 54 906051255,convenio,MED01,2026-02-06 15:12,2026-03-02 09:30,atendido
AG02852,PAC0162,Daniel Aguiar Lima,(51) 93357-2645,particular,MED05,2026-02-06 15:41,2026-02-18 14:00,realizada
AG02853,PAC0557,Leandro Santos Gonçalves,51948049597,convenio,MED01,2026-02-06 15:48,2026-02-13 14:30,Realizada
AG02854,PAC0355,José Reis Brandão,+55 51 933752841,convênio,MED06,2026-02-06 16:12,2026-02-10 08:30,atendido
AG02855,PAC0617,Sabrina Correia Almeida,(51) 96988-1917,convenio,MED01,2026-02-06 16:33,2026-02-20 15:00,realizada
AG02856,PAC0606,Elaine Guimarães Ribeiro,(51) 97486-6043,convenio,MED03,2026-02-06 17:20,2026-02-18 14:00,falta
AG02857,PAC0308,Tatiane Alves Brandão,(51) 93232-6883,Particular,MED05,2026-02-09 08:03,2026-02-09 16:00,atendido
AG02858,PAC0375,Thiago Borges Batista,(53) 92980-3046,particular,MED05,2026-02-09 08:05,2026-02-11 17:00,cancelado pelo paciente
AG02859,PAC0573,Henrique Schmidt Hoffmann,53909092292,Particular,MED01,2026-02-09 08:11,09/02/2026 10:30,no_show
AG02860,PAC0315,José Aguiar Carvalho,54982105845,Convênio,MED01,2026-02-09 08:58,2026-02-09 09:30,faltou
AG02861,PAC0344,Luciana Duarte Andrade,51953130703,convenio,MED06,09/02/2026 09:12,2026-02-19 10:30,faltou
AG02862,PAC0715,Sônia Reis Ramos,(54) 91730-2931,particular,MED01,2026-02-09 09:41,2026-03-18 11:00,falta
AG02863,PAC0362,Carolina Siqueira Gomes,53978143045,Convênio,MED04,2026-02-09 11:00,2026-02-18 10:00,faltou
AG02864,PAC0680,Adriana Guimarães Correia,+55 51 905139195,convenio,MED03,2026-02-09 11:00,2026-03-09 16:00,faltou
AG02865,PAC0276,Diego Cardoso Queiroz,(54) 92321-5421,Particular,MED04,2026-02-09 11:20,2026-02-20 11:00,realizada
AG02866,PAC0534,Bianca Gonçalves Duarte,(53) 90296-5984,particular,MED05,2026-02-09 11:48,2026-02-25 15:30,FALTA
AG02867,PAC0613,Luciana Nascimento Hoffmann,(51) 98692-7201,convenio,MED04,2026-02-09 11:55,2026-02-19 10:30,falta
AG02868,PAC0121,Helena Araújo Freitas,(54) 90376-5305,convenio,MED04,2026-02-09 11:55,2026-03-06 11:00,realizada
AG02869,PAC0189,João Becker Borges,92286,convenio,MED04,2026-02-09 11:55,2026-03-09 11:00,realizada
AG02870,PAC0431,Wagner Almeida Cavalcanti,(51) 94751-4485,convênio,MED01,2026-02-09 12:00,20/03/2026 15:30,realizada
AG02871,PAC0051,Tânia Pinto Rezende,51969124332,convenio,MED01,2026-02-09 12:05,2026-03-02 08:00,faltou
AG02872,PAC0297,Pedro Teixeira Gomes,51904059895,convenio,MED01,2026-02-09 12:33,20/02/2026 13:00,faltou
AG02873,PAC0574,Isabela Fernandes Lima,(51) 99102-8128,particular,MED02,2026-02-09 12:41,2026-03-17 11:00,realizada
AG02874,PAC0346,Wagner Bertoldi Menezes,(53) 93057-9056,convenio,MED04,2026-02-09 13:00,2026-02-20 09:30,REALIZADA
AG02875,PAC0263,Sônia Rocha Sales,51953982284,convenio,MED02,2026-02-09 13:05,2026-03-24 14:30,desmarcou
AG02876,PAC0198,Elaine Silva Souza,(54) 96875-1665,convenio,MED06,2026-02-09 13:33,2026-02-11 14:30,faltou
AG02877,PAC0222,César Ramos Rodrigues,+55 51 978169928,convênio,MED02,2026-02-09 13:55,2026-03-05 16:30,realizada
AG02878,PAC0069,Sérgio Hoffmann Carvalho,+55 51 979759770,Particular,MED06,2026-02-09 14:00,25/03/2026 17:30,ausente
AG02879,PAC0470,Marcos Alves Monteiro,0000000000,convenio,MED03,2026-02-09 14:41,2026-02-20 10:00,confirmada
AG02880,PAC0323,Sérgio Silva Marques,(51) 95439-9501,convenio,MED02,2026-02-09 15:12,2026-02-10 16:30,falta
AG02881,PAC0376,Vitor Rodrigues Silva,(51) 92379-5044,convenio,MED04,2026-02-09 15:12,2026-02-13 10:00,Realizada
AG02882,PAC0598,Beatriz Lima Costa,51992287710,convenio,MED03,2026-02-09 16:20,2026-02-13 10:00,realizada
AG02883,PAC0187,Pedro Araújo Cavalcanti,+55 51 971188841,particular,MED03,2026-02-09 16:41,2026-03-06 11:00,realizada
AG02884,PAC0334,Daniel Araújo Gonçalves,(51) 99523-5715,particular,MED01,09/02/2026 16:48,2026-02-11 10:30,desmarcou
AG02885,PAC0586,Thiago Duarte Siqueira,(51) 95808-1618,convenio,MED05,2026-02-09 17:48,10/02/2026 17:30,REALIZADA
AG02886,PAC0614,Daniel Aguiar Tomasi,(54) 95772-9851,Convênio,MED03,2026-02-09 17:55,2026-03-11 15:00,realizada
AG02887,PAC0564,Mateus Rodrigues Rocha,+55 51 964174944,Convênio,MED04,2026-02-10 08:00,2026-02-13 08:00,falta
AG02888,PAC0236,Vanessa Gomes Machado,53973730780,particular,MED04,2026-02-10 08:20,2026-02-23 11:00,realizada
AG02889,PAC0589,Arthur Weber Duarte,(51) 96714-1180,particular,MED01,10/02/2026 08:54,2026-02-11 10:30,REALIZADA
AG02890,PAC0381,João Mendes Santos,(51) 97271-4685,particular,MED05,2026-02-10 09:05,2026-03-09 14:00,realizada
AG02891,PAC0201,Cristina Marques Bertoldi,(53) 93697-2429,convenio,MED01,2026-02-10 09:20,2026-02-25 08:00,REALIZADA
AG02892,PAC0012,Pedro Moura Tomasi,(51) 94954-9026,particular,MED02,2026-02-10 09:33,19/02/2026 16:00,realizada
AG02893,PAC0155,César Peixoto Moreira,51959800742,convenio,MED04,2026-02-10 10:05,2026-02-19 08:00,faltou
AG02894,PAC0607,Henrique Fonseca Kuhn,519880,convenio,MED03,2026-02-10 11:00,18/02/2026 15:30,cancelado clinica
AG02895,PAC0216,Tânia Freitas Mendes,(54) 96623-4537,convenio,MED06,2026-02-10 11:55,2026-02-12 08:00,realizada
AG02896,PAC0240,Fabiana Martins Weber,+55 51 959205241,Particular,MED05,2026-02-10 12:48,2026-03-04 17:30,ausente
AG02897,PAC0276,Diego Cardoso Queiroz,(54) 92321-5421,particular,MED01,2026-02-10 13:05,2026-02-11 07:00,realizada
AG02898,PAC0332,Júlia Costa Guimarães,53914597490,convenio,MED02,2026-02-10 13:12,2026-03-24 11:00,realizada
AG02899,PAC0033,Caio Lima Zanella,53948151415,convenio,MED03,2026-02-10 13:33,2026-02-18 17:30,realizada
AG02900,PAC0590,Rafael Batista Moura,+55 54 952877334,convenio,MED06,2026-02-10 14:00,2026-02-11 15:30,realizada
AG02901,PAC0120,Samuel Hoffmann Pires,+55 51 982666130,particular,MED05,2026-02-10 15:00,2026-03-17 14:00,cancelada_paciente
AG02902,PAC0586,Thiago Duarte Siqueira,(51) 95808-1618,convenio,MED02,2026-02-10 15:12,2026-03-19 16:30,faltou
AG02903,PAC0285,Felipe Bittencourt Bezerra,54909546234,convenio,MED04,2026-02-10 15:55,2026-02-18 11:00,faltou
AG02904,PAC0283,Tatiane Santana Rezende,(51) 93913-5212,convenio,MED04,2026-02-10 16:05,2026-02-20 10:30,realizada
AG02905,PAC0255,Tânia Rodrigues Araújo,(51) 92877-8385,CONVENIO,MED02,2026-02-10 16:20,2026-02-12 11:00,FALTA
AG02906,PAC0585,Luciana Weber Weber,51989625516,convenio,MED03,10/02/2026 16:41,2026-02-23 16:30,realizada
AG02907,PAC0399,Camila Barbosa Araújo,(53) 95991-4437,convenio,MED06,10/02/2026 16:48,2026-02-12 09:30,realizada
AG02908,PAC0423,Marcos Becker Sales,(51) 98022-5886,convenio,MED03,2026-02-10 16:55,2026-03-09 17:00,realizada
AG02909,PAC0286,Murilo Borges Siqueira,(51) 97367-8015,Particular,MED02,2026-02-11 08:00,2026-02-19 14:00,realizada
AG02910,PAC0399,Camila Barbosa Araújo,(53) 95991-4437,CONVENIO,MED04,2026-02-11 08:05,11/02/2026 10:30,atendido
AG02911,PAC0374,Mateus Batista Marques,,CONVENIO,MED06,2026-02-11 08:16,2026-02-11 14:30,realizada
AG02912,PAC0018,Rodrigo Oliveira Rodrigues,(51) 92304-5539,convenio,MED04,2026-02-11 08:20,2026-02-25 10:30,realizada
AG02913,PAC0597,Júlia Santos Mendes,(51) 94635-7257,particular,MED02,2026-02-11 08:20,2026-03-17 15:00,realizada
AG02914,PAC0357,Fernando Hoffmann Tomasi,54982332956,convênio,MED04,2026-02-11 09:17,2026-02-11 10:00,realizada
AG02915,PAC0297,Pedro Teixeira Gomes,51904059895,convenio,MED03,2026-02-11 09:20,2026-02-20 08:30,FALTA
AG02916,PAC0319,Isabela Rodrigues Martins,(51) 91472-4158,convenio,MED05,2026-02-11 09:41,2026-02-12 14:30,realizada
AG02917,PAC0584,Gisele Rodrigues Cavalcanti,51937281309,convenio,MED01,2026-02-11 09:41,2026-02-20 15:30,realizada
AG02918,PAC0431,Wagner Almeida Cavalcanti,(51) 94751-4485,convenio,MED06,2026-02-11 09:55,2026-02-18 16:00,realizada
AG02919,PAC0564,Mateus Rodrigues Rocha,+55 51 964174944,convenio,MED02,2026-02-11 09:55,2026-03-17 09:30,falta
AG02920,PAC0258,Lucas Souza Santos,51979169994,particular,MED06,2026-02-11 10:33,2026-03-10 10:00,realizada
AG02921,PAC0427,Wagner Andrade Miranda,519172,particular,MED06,2026-02-11 10:48,2026-03-26 10:00,REALIZADA
AG02922,PAC0593,Jéssica Miranda Vieira,51966104182,convenio,MED06,11/02/2026 11:10,2026-02-11 17:00,realizada
AG02923,PAC0595,Diego Campos Becker,(54) 95419-8464,particular,MED01,2026-02-11 11:12,2026-02-18 10:00,falta
AG02924,PAC0428,Murilo Aguiar Araújo,(54) 98037-9214,particular,MED04,2026-02-11 12:12,2026-03-05 11:00,realizada
AG02925,PAC0104,Natália Hoffmann Dias,92916,convênio,MED05,11/02/2026 12:20,2026-03-12 16:00,realizada
AG02926,PAC0368,Otávio Rodrigues Peixoto,(54) 94468-8287,convenio,MED04,11/02/2026 13:00,2026-02-18 08:00,REALIZADA
AG02927,PAC0044,Tatiane Dias Correia,(53) 92104-5395,convenio,MED03,2026-02-11 13:20,2026-03-09 14:30,realizada
AG02928,PAC0425,Henrique Guimarães Coelho,+55 51 908505423,particular,MED04,2026-02-11 13:33,2026-02-25 11:00,realizada
AG02929,PAC0696,Fabiana Santana Castro,51926564914,particular,MED02,2026-02-11 13:33,12/03/2026 14:30,faltou
AG02930,PAC0748,Luciana Teixeira Farias,0000000000,convenio,MED03,2026-02-11 14:12,2026-03-23 17:30,cancelado clinica
AG02931,PAC0525,Elaine Rodrigues Tavares,(53) 93306-9019,convenio,MED04,2026-02-11 14:33,18/03/2026 11:30,desmarcou
AG02932,PAC0041,Beatriz Soares Nascimento,93607,convenio,MED06,2026-02-11 14:48,2026-03-11 17:30,realizada
AG02933,PAC0623,Gabriel Müller Mendes,53938920727,convenio,MED05,2026-02-11 15:12,2026-02-26 15:00,realizada
AG02934,PAC0657,Marcos Souza Mendes,(51) 91007-5732,particular,MED04,2026-02-11 15:48,2026-03-02 11:30,FALTA
AG02935,PAC0419,Leandro Souza Marques,(51) 92308-4663,particular,MED01,2026-02-11 16:05,30/03/2026 08:30,realizada
AG02936,PAC0646,Cláudia Nunes Alves,51915241495,convenio,MED04,2026-02-11 16:20,2026-02-26 11:30,falta
AG02937,PAC0367,Murilo Reis Aguiar,(51) 91615-2545,convenio,MED04,2026-02-11 16:55,2026-02-27 10:30,falta
AG02938,PAC0668,Lucas Peixoto Rodrigues,(53) 95499-8217,convenio,MED04,2026-02-11 17:00,2026-03-10 08:30,realizada
AG02939,PAC0614,Daniel Aguiar Tomasi,(54) 95772-9851,Convênio,MED04,2026-02-11 17:33,2026-02-19 11:30,falta
AG02940,PAC0635,Marcos Weber Hoffmann,53904355545,convenio,MED05,2026-02-12 08:48,2026-02-24 15:00,falta
AG02941,PAC0327,Simone Hoffmann Fernandes,+55 54 945806949,Particular,MED02,2026-02-12 09:00,2026-02-12 16:00,realizada
AG02942,PAC0078,Márcio Duarte Rodrigues,51997483587,convenio,MED01,2026-02-12 09:12,2026-02-18 11:00,FALTA
AG02943,PAC0441,Aline Ribeiro Lopes,97024,Convênio,MED06,12/02/2026 09:20,2026-02-26 08:30,FALTA
AG02944,PAC0195,Fernando Bezerra Freitas,(54) 97553-3852,Particular,MED01,2026-02-12 09:20,2026-03-09 09:00,faltou
AG02945,PAC0362,Carolina Siqueira Gomes,53978143045,convenio,MED04,2026-02-12 09:41,2026-02-20 08:00,realizada
AG02946,PAC0249,Fabiana Bezerra Costa,(51) 95667-5146,PARTICULAR,MED05,2026-02-12 09:55,2026-02-19 14:30,atendido
AG02947,PAC0667,Sérgio Sales Freitas,(51) 96471-8020,convenio,MED02,2026-02-12 09:55,2026-03-10 17:30,cancelado clinica
AG02948,PAC0465,César Queiroz Moreira,(51) 93035-4515,convenio,MED03,2026-02-12 10:00,23/02/2026 14:30,cancelado pelo paciente
AG02949,PAC0241,José Andrade Vieira,(51) 96462-9066,Particular,MED01,2026-02-12 10:05,2026-02-18 09:00,realizada
AG02950,PAC0483,Júlia Cardoso Reis,(51) 94515-0834,convenio,MED01,2026-02-12 10:05,2026-04-01 07:30,confirmada
AG02951,PAC0547,Gisele Schmidt Pereira,51969697619,convenio,MED06,2026-02-12 10:48,24/03/2026 08:00,cancelada_paciente
AG02952,PAC0471,Emerson Viana Lorenzi,(54) 98537-3289,convenio,MED04,12/02/2026 10:55,2026-02-23 09:30,FALTA
AG02953,PAC0462,João Cavalcanti Carvalho,(51) 94947-9995,convênio,MED04,2026-02-12 11:00,2026-03-13 08:30,Realizada
AG02954,PAC0597,Júlia Santos Mendes,(51) 94635-7257,particular,MED01,2026-02-12 11:05,2026-02-20 16:30,cancelada_clinica
AG02955,PAC0688,Elaine Kuhn Weber,51925713049,particular,MED05,2026-02-12 12:48,2026-03-10 14:30,falta
AG02956,PAC0471,Emerson Viana Lorenzi,(54) 98537-3289,convenio,MED02,2026-02-12 12:55,26/02/2026 14:30,cancelado
AG02957,PAC0492,Carolina  Peixoto Batista,+55 54 902282213,convenio,MED05,2026-02-12 13:12,2026-03-10 17:00,falta
AG02958,PAC0303,Juliana Martins Correia,(51) 91975-3342,convenio,MED04,2026-02-12 13:33,2026-02-13 10:30,Realizada
AG02959,PAC0606,Elaine Guimarães Ribeiro,(51) 97486-6043,convenio,MED04,2026-02-12 13:33,2026-02-27 08:30,falta
AG02960,PAC0737,Bruno Rodrigues Lorenzi,(51) 98507-3372,convenio,MED02,2026-02-12 13:33,2026-03-19 15:30,cancelado clinica
AG02961,PAC0223,Mateus Pinto Brandão,(51) 94221-4969,convenio,MED04,2026-02-12 13:41,25/02/2026 09:30,Realizada
AG02962,PAC0027,Viviane Vieira Ramos,(53) 91096-7130,convenio,MED04,2026-02-12 13:55,2026-02-18 08:30,realizada
AG02963,PAC0150,Otávio Aguiar Fernandes,+55 54 909410298,convenio,MED03,2026-02-12 13:55,2026-03-11 16:00,atendido
AG02964,PAC0423,Marcos Becker Sales,(51) 98022-5886,Convênio,MED02,12/02/2026 14:00,24/02/2026 16:00,falta
AG02965,PAC0670,Luiza Marques Moura,+55 53 902493272,particular,MED04,2026-02-12 14:05,05/03/2026 10:30,realizada
AG02966,PAC0627,Felipe Monteiro Marques,51974530523,Particular,MED05,2026-02-12 15:00,2026-02-23 14:00,realizada
AG02967,PAC0528,Lorena Pinto Pinto,,convenio,MED06,2026-02-12 15:12,2026-03-11 14:30,cancelada_paciente
AG02968,PAC0528,Lorena Pinto Pinto,,convênio,MED04,12/02/2026 16:48,2026-02-26 09:00,falta
AG02969,PAC0666,Thiago Santos Bittencourt,(51) 90578-8718,particular,MED01,2026-02-12 17:33,2026-03-23 11:30,falta
AG02970,PAC0155,César Peixoto Moreira,51959800742,convenio,MED06,2026-02-13 08:00,2026-02-25 17:30,cancelado
AG02971,PAC0163,Aline Reis Brandão,+55 51 977816336,particular,MED03,2026-02-13 08:55,2026-03-06 09:00,realizada
AG02972,PAC0636,Patrícia Santana Borges,53968541862,convenio,MED02,2026-02-13 09:05,2026-03-17 10:30,atendido
AG02973,PAC0334,Daniel Araújo Gonçalves,(51) 99523-5715,particular,MED02,13/02/2026 09:12,2026-03-12 09:30,realizada
AG02974,PAC0607,Henrique Fonseca Kuhn,519880,Convênio,MED06,2026-02-13 09:20,2026-03-31 09:30,REALIZADA
AG02975,PAC0050,Patrícia Correia Brandão,54912341342,convenio,MED03,2026-02-13 09:48,2026-03-30 15:00,no_show
AG02976,PAC0409,Beatriz Cavalcanti Cardoso,+55 54 950611779,particular,MED04,2026-02-13 10:12,2026-03-09 10:00,atendido
AG02977,PAC0772,Elaine Andrade Duarte,54994009516,convenio,MED04,2026-02-13 10:20,2026-03-26 11:00,realizada
AG02978,PAC0092,Maria Fernandes Pinto,(51) 90949-2947,Convênio,MED01,2026-02-13 10:33,2026-02-18 07:00,realizada
AG02979,PAC0653,Patrícia Macedo Aguiar,+55 51 903169874,convenio,MED04,2026-02-13 10:48,2026-02-27 09:00,cancelada_clinica
AG02980,PAC0769,Mariana Cardoso Menezes,(54) 94140-1383,convenio,MED02,2026-02-13 10:48,2026-03-26 11:00,ausente
AG02981,PAC0650,Marcos Miranda Guimarães,+55 53 920503045,convenio,MED06,2026-02-13 10:55,26/02/2026 11:00,realizada
AG02982,PAC0452,João Gomes Schmidt,(53) 97385-5852,particular,MED05,2026-02-13 11:05,2026-03-17 17:00,falta
AG02983,PAC0307,Isabela Sales Farias,(53) 99412-5607,particular,MED04,13/02/2026 11:33,2026-03-13 11:30,confirmada
AG02984,PAC0592,Isabela Ramos Ribeiro,(51) 93995-0677,convenio,MED01,2026-02-13 12:20,2026-02-20 14:00,confirmada
AG02985,PAC0185,Gabriel Carvalho Nunes,+55 51 941741132,convenio,MED05,2026-02-13 12:20,2026-02-23 16:30,atendido
AG02986,PAC0020,Beatriz Tavares Borges,+55 53 923601395,convenio,MED05,13/02/2026 12:20,2026-03-12 14:30,Realizada
AG02987,PAC0359,Carla Lopes Silva,+55 51 922491802,convenio,MED04,2026-02-13 13:12,2026-03-04 11:00,realizada
AG02988,PAC0313,Débora Costa Sales,(53) 97622-9367,convenio,MED06,13/02/2026 13:20,2026-02-25 15:30,atendido
AG02989,PAC0022,Samuel Farias Pires,54939218051,particular,MED05,2026-02-13 14:05,2026-03-05 17:30,realizada
AG02990,PAC0148,Isabela Tavares Costa,53985280547,convenio,MED05,2026-02-13 14:33,2026-03-10 15:30,cancelado
AG02991,PAC0383,Igor Batista Andrade,(51) 90083-8719,particular,MED06,2026-02-13 15:05,2026-03-31 09:00,FALTA
AG02992,PAC0021,Jéssica Hoffmann Coelho,(51) 93213-2241,particular,MED06,2026-02-13 15:12,2026-02-24 08:30,realizada
AG02993,PAC0645,Adriana Nunes Oliveira,54931928417,convenio,MED02,2026-02-13 15:20,26/02/2026 15:00,ausente
AG02994,PAC0464,Lucas Nunes Ribeiro,+55 51 925902418,convenio,MED04,2026-02-13 16:00,2026-02-20 09:00,realizada
AG02995,PAC0403,Sabrina Duarte Souza,51907833323,convenio,MED04,2026-02-13 16:33,2026-03-23 11:30,realizada
AG02996,PAC0482,Cristina Almeida Bertoldi,(53) 91943-3557,particular,MED04,2026-02-13 16:55,2026-03-18 09:00,falta
AG02997,PAC0610,Carolina Duarte Tomasi,+55 51 962030469,convenio,MED06,2026-02-13 17:00,2026-02-18 15:00,faltou
AG02998,PAC0589,Arthur Weber Duarte,(51) 96714-1180,particular,MED03,2026-02-13 17:33,2026-02-18 16:30,realizada
AG02999,PAC0481,Marcos Barbosa Soares,51920144887,particular,MED01,2026-02-13 17:41,2026-03-30 10:30,falta
AG03000,PAC0641,Igor Batista Correia,(54) 96584-0574,convenio,MED05,2026-02-13 17:55,2026-02-25 14:30,realizada
AG03001,PAC0049,Marcos Xavier Marques,51940355702,convenio,MED04,2026-02-18 08:00,2026-03-20 11:00,realizada
AG03002,PAC0553,Gustavo Silva Sales,(51) 95721-8605,convenio,MED06,2026-02-18 08:05,02/04/2026 10:30,no_show
AG03003,PAC0624,Felipe Santos Becker,+55 51 975781237,Convênio,MED03,18/02/2026 08:20,2026-02-23 15:00,realizada
AG03004,PAC0530,Cristina Duarte Freitas,(51) 93075-7451,PARTICULAR,MED01,18/02/2026 08:22,2026-02-18 11:00,realizada
AG03005,PAC0558,Thiago Souza Fernandes,+55 51 963115295,convenio,MED05,2026-02-18 08:55,2026-03-12 17:30,Realizada
AG03006,PAC0608,Felipe Rezende Lorenzi,(51) 95417-7420,Particular,MED04,2026-02-18 08:57,2026-02-18 09:30,cancelada_paciente
AG03007,PAC0268,Luiza Oliveira Miranda,53983710467,Particular,MED03,2026-02-18 09:20,2026-02-27 11:30,REALIZADA
AG03008,PAC0321,Fabiana Tavares Fernandes,+55 51 904304609,convenio,MED03,2026-02-18 09:45,2026-02-18 15:30,realizada
AG03009,PAC0611,Daniel Kuhn Borges,51907488787,convenio,MED06,2026-02-18 10:00,18/02/2026 15:30,realizada
AG03010,PAC0090,João Vieira Souza,51979665854,convenio,MED04,2026-02-18 10:33,2026-02-26 09:30,FALTA
AG03011,PAC0124,Márcio Castro Teixeira,+55 53 944047803,particular,MED04,2026-02-18 10:55,2026-03-19 08:00,falta
AG03012,PAC0605,Beatriz Macedo Souza,(51) 99152-4012,Convênio,MED03,2026-02-18 11:00,18/02/2026 13:00,cancelado pelo paciente
AG03013,PAC0659,Viviane Dias Becker,+55 53 904543801,particular,MED02,2026-02-18 11:00,2026-03-03 09:30,falta
AG03014,PAC0576,Beatriz Rocha Castro,(51) 99631-7672,particular,MED04,2026-02-18 11:05,02/03/2026 08:00,falta
AG03015,PAC0599,Pedro Carvalho Siqueira,53953846874,particular,MED03,2026-02-18 11:12,06/03/2026 08:30,Realizada
AG03016,PAC0150,Otávio Aguiar Fernandes,+55 54 909410298,convenio,MED03,2026-02-18 11:20,2026-04-01 13:30,realizada
AG03017,PAC0154,Rodrigo Marques Nascimento,53982064389,convenio,MED05,2026-02-18 11:48,02/03/2026 14:30,realizada
AG03018,PAC0374,Mateus Batista Marques,,convenio,MED04,2026-02-18 12:00,06/03/2026 08:30,cancelada_paciente
AG03019,PAC0187,Pedro Araújo Cavalcanti,+55 51 971188841,particular,MED05,2026-02-18 12:00,2026-03-16 15:00,falta
AG03020,PAC0151,Roberto Bittencourt Araújo,51907015223,particular,MED03,2026-02-18 12:05,2026-02-23 17:30,realizada
AG03021,PAC0502,Luciana Coelho Ribeiro,,particular,MED04,18/02/2026 12:05,2026-03-11 11:00,realizada
AG03022,PAC0163,Aline Reis Brandão,+55 51 977816336,particular,MED03,18/02/2026 12:06,18/02/2026 13:00,realizada
AG03023,PAC0143,Raquel Pereira Macedo,(54) 98269-0375,convenio,MED05,2026-02-18 12:12,2026-03-02 17:00,REALIZADA
AG03024,PAC0556,Rodrigo Teixeira Tavares,+55 53 983631377,convenio,MED06,2026-02-18 12:25,2026-02-18 15:00,realizada
AG03025,PAC0619,Carolina Hoffmann Lopes,+55 53 926390059,PARTICULAR,MED04,2026-02-18 12:33,2026-02-20 08:30,realizada
AG03026,PAC0631,Wagner Lorenzi Schmidt,(51) 93699-5814,convenio,MED04,2026-02-18 12:48,2026-02-25 09:00,cancelado pelo paciente
AG03027,PAC0378,Daniel Moura Fernandes,(51) 96518-0764,particular,MED02,2026-02-18 12:55,2026-03-05 17:00,falta
AG03028,PAC0749,Gabriel Freitas Souza,(51) 98174-7472,particular,MED04,2026-02-18 12:55,2026-03-23 09:30,realizada
AG03029,PAC0640,Juliana Miranda Rocha,(51) 98057-8657,particular,MED04,2026-02-18 13:00,2026-02-25 08:30,confirmado
AG03030,PAC0297,Pedro Teixeira Gomes,51904059895,convenio,MED06,2026-02-18 13:05,2026-02-19 09:30,REALIZADA
AG03031,PAC0057,Arthur Santana Kuhn,+55 51 921041025,convênio,MED02,2026-02-18 14:05,2026-03-31 17:30,faltou
AG03032,PAC0290,Gustavo Costa Rodrigues,(51) 99525-6319,convenio,MED01,18/02/2026 14:12,2026-02-27 15:00,atendido
AG03033,PAC0017,José Rezende Ferreira,(53) 96891-7121,particular,MED06,2026-02-18 14:20,2026-02-26 08:00,realizada
AG03034,PAC0774,Tânia Cardoso Almeida,+55 54 932679878,particular,MED01,2026-02-18 14:33,2026-03-27 16:30,FALTA
AG03035,PAC0382,Alexandre Fernandes Nascimento,(51) 95280-1557,convenio,MED05,2026-02-18 14:48,18/02/2026 15:30,cancelado
AG03036,PAC0022,Samuel Farias Pires,54939218051,particular,MED05,2026-02-18 14:48,2026-02-19 15:30,atendido
AG03037,PAC0703,Leonardo Prado Menezes,+55 54 973000486,Convênio,MED01,2026-02-18 14:48,2026-03-13 13:00,cancelado clinica
AG03038,PAC0111,Tatiane Andrade Barbosa,+55 51 920305986,particular,MED05,2026-02-18 15:12,2026-02-18 17:00,realizada
AG03039,PAC0036,Igor Bertoldi Sales,(51) 97246-2488,particular,MED01,2026-02-18 15:12,25/02/2026 08:30,cancelada_paciente
AG03040,PAC0181,Renata Fernandes Mendes,(53) 97434-1317,particular,MED02,18/02/2026 15:21,2026-02-19 15:30,realizada
AG03041,PAC0114,Daniel Rodrigues Queiroz,(54) 94891-7895,particular,MED04,2026-02-18 15:48,2026-03-26 10:30,falta
AG03042,PAC0480,Gisele Rezende Guimarães,(51) 99787-2497,particular,MED02,2026-02-18 15:55,2026-03-10 17:00,
AG03043,PAC0628,Fernando Gonçalves Tomasi,51937449504,convenio,MED05,2026-02-18 16:12,2026-02-23 17:30,falta
AG03044,PAC0311,Fábio Viana Fonseca,(51) 92137-6599,convenio,MED01,2026-02-18 16:55,2026-02-23 11:00,falta
AG03045,PAC0150,Otávio Aguiar Fernandes,+55 54 909410298,convenio,MED01,2026-02-18 16:55,2026-03-20 16:00,realizada
AG03046,PAC0717,THIAGO GUIMARÃES FREITAS,(51) 93115-5829,Particular,MED05,2026-02-18 16:55,2026-03-24 14:00,realizada
AG03047,PAC0285,Felipe Bittencourt Bezerra,54909546234,convenio,MED01,2026-02-18 17:12,02/03/2026 07:30,realizada
AG03048,PAC0540,Priscila Pinto Santana,(51) 93660-4100,particular,MED02,18/02/2026 17:33,2026-02-19 09:00,realizada
AG03049,PAC0780,Adriana Santos Castro,53958171270,particular,MED05,2026-02-18 17:33,2026-03-30 15:00,no_show
AG03050,PAC0367,Murilo Reis Aguiar,(51) 91615-2545,convenio,MED04,18/02/2026 17:33,2026-04-06 11:30,faltou
AG03051,PAC0345,Mateus Bittencourt Tavares,(54) 93463-2858,particular,MED04,2026-02-18 17:41,2026-02-25 08:00,Realizada
AG03052,PAC0132,Cláudia Souza Nascimento,(51) 98903-9821,particular,MED01,2026-02-18 17:48,2026-02-27 13:30,realizada
AG03053,PAC0634,Larissa Reis Sales,51951280404,Convênio,MED04,2026-02-18 17:55,2026-02-24 11:00,realizada
AG03054,PAC0471,Emerson Viana Lorenzi,(54) 98537-3289,convenio,MED03,2026-02-18 17:55,04/03/2026 17:30,atendido
AG03055,PAC0067,Henrique Müller Vieira,+55 53 981682185,particular,MED02,2026-02-19 08:05,2026-03-19 11:00,realizada
AG03056,PAC0618,Marcos Santos Araújo,,particular,MED03,2026-02-19 08:20,2026-02-20 11:00,atendido
AG03057,PAC0141,Rodrigo Tomasi Brandão,(51) 91828-0393,Convênio,MED04,2026-02-19 08:20,2026-03-04 10:30,realizada
AG03058,PAC0508,Daniel Zanella Dias,51924481285,particular,MED04,2026-02-19 08:48,2026-03-02 09:30,realizada
AG03059,PAC0021,Jéssica Hoffmann Coelho,(51) 93213-2241,particular,MED04,2026-02-19 08:55,2026-02-19 10:00,cancelado pelo paciente
AG03060,PAC0494,Alexandre Barbosa Araújo,(51) 94050-5858,convenio,MED05,2026-02-19 08:55,2026-02-19 15:00,realizada
AG03061,PAC0625,Isabela Souza Müller,51966769278,Convênio,MED04,2026-02-19 08:55,2026-02-23 08:00,falta
AG03062,PAC0605,Beatriz Macedo Souza,(51) 99152-4012,convenio,MED01,2026-02-19 09:05,2026-03-02 10:00,falta
AG03063,PAC0145,Diego Gonçalves Peixoto,+55 51 936594709,Convênio,MED04,2026-02-19 09:33,2026-03-06 09:30,REALIZADA
AG03064,PAC0377,Fernando Hoffmann Peixoto,54910618587,convenio,MED03,2026-02-19 09:55,2026-02-20 09:00,realizada
AG03065,PAC0636,Patrícia Santana Borges,53968541862,convenio,MED05,2026-02-19 10:20,2026-02-24 16:30,realizada
AG03066,PAC0019,Eduardo Rezende Marques,53938389923,convenio,MED01,19/02/2026 11:19,2026-02-20 16:30,agendada
AG03067,PAC0556,Rodrigo Teixeira Tavares,+55 53 983631377,convenio,MED04,2026-02-19 11:33,2026-02-24 10:00,realizada
AG03068,PAC0621,Caio Lorenzi Correia,54965025129,particular,MED01,2026-02-19 11:41,23/02/2026 10:00,falta
AG03069,PAC0638,Viviane Schmidt Almeida,(51) 97979-2915,particular,MED01,2026-02-19 11:41,2026-02-25 09:30,falta
AG03070,PAC0002,Felipe Bertoldi Souza,,convenio,MED02,2026-02-19 11:48,2026-02-26 09:00,realizada
AG03071,PAC0642,Emerson Monteiro Schmidt,+55 51 913621239,Convênio,MED06,19/02/2026 12:05,2026-02-25 14:00,atendido
AG03072,PAC0734,Letícia Andrade Costa,(51) 97244-3696,convenio,MED06,2026-02-19 12:41,2026-03-18 15:00,faltou
AG03073,PAC0589,Arthur Weber Duarte,(51) 96714-1180,PARTICULAR,MED03,2026-02-19 12:48,2026-03-27 09:00,falta
AG03074,PAC0582,Wagner Gomes Sales,(51) 94845-7403,particular,MED02,2026-02-19 13:05,2026-02-24 17:30,Realizada
AG03075,PAC0783,Gisele Freitas Farias,(53) 94079-6617,convenio,MED05,2026-02-19 13:33,2026-03-31 14:00,realizada
AG03076,PAC0576,Beatriz Rocha Castro,(51) 99631-7672,particular,MED02,19/02/2026 14:00,03/03/2026 10:30,Realizada
AG03077,PAC0033,Caio Lima Zanella,53948151415,CONVENIO,MED02,2026-02-19 14:05,2026-02-19 17:30,agendada
AG03078,PAC0616,Simone Brandão Mendes,(53) 97260-6218,convênio,MED05,2026-02-19 14:05,2026-02-19 17:30,Realizada
AG03079,PAC0491,Gabriel Moura Moura,(53) 98249-9724,convenio,MED05,2026-02-19 14:33,2026-02-23 15:00,desmarcou
AG03080,PAC0770,Márcio Ramos Tomasi,(51) 91369-5018,particular,MED02,2026-02-19 14:33,2026-03-26 14:30,Realizada
AG03081,PAC0058,Paulo Lima Farias,(51) 98437-6481,particular,MED05,2026-02-19 15:12,2026-02-24 16:00,realizada
AG03082,PAC0339,Fábio Siqueira Müller,(51) 98536-0434,particular,MED03,2026-02-19 15:41,2026-03-18 15:00,faltou
AG03083,PAC0522,Renata Duarte Prado,53998909637,convenio,MED04,2026-02-19 15:48,2026-03-19 10:30,realizada
AG03084,PAC0476,Lucas Lima Ribeiro,+55 53 995363995,convenio,MED05,19/02/2026 16:05,2026-03-03 16:00,
AG03085,PAC0666,Thiago Santos Bittencourt,(51) 90578-8718,particular,MED04,2026-02-19 16:05,2026-03-04 10:00,ausente
AG03086,PAC0713,Fabiana Siqueira Tomasi,51991482634,Convênio,MED03,2026-02-19 16:12,2026-03-16 17:00,FALTA
AG03087,PAC0622,Vitor Macedo Campos,51910335335,convenio,MED01,2026-02-19 16:18,2026-02-23 10:00,falta
AG03088,PAC0502,Luciana Coelho Ribeiro,,particular,MED01,2026-02-19 16:20,2026-02-25 11:30,realizada
AG03089,PAC0084,Sérgio Nunes Mendes,+55 51 974719531,convenio,MED04,2026-02-19 16:33,2026-03-18 10:30,realizada
AG03090,PAC0609,Juliana Marques Duarte,+55 51 972861023,convenio,MED06,2026-02-19 16:33,2026-03-25 14:30,realizada
AG03091,PAC0468,Raquel Andrade Lorenzi,(54) 93421-5564,particular,MED02,2026-02-19 16:33,2026-03-31 10:00,atendido
AG03092,PAC0150,Otávio Aguiar Fernandes,+55 54 909410298,convenio,MED04,19/02/2026 16:55,2026-03-30 08:30,realizada
AG03093,PAC0412,Ana Costa Tavares,+55 54 963018983,particular,MED01,2026-02-19 17:00,2026-02-20 14:30,realizada
AG03094,PAC0675,Mateus Ribeiro Souza,54985259411,convenio,MED02,2026-02-20 08:12,2026-04-02 11:30,falta
AG03095,PAC0470,Marcos Alves Monteiro,0000000000,convenio,MED03,2026-02-20 08:41,2026-03-02 17:00,falta
AG03096,PAC0086,Luiza Costa Santana,+55 53 917497258,convenio,MED01,2026-02-20 08:41,2026-03-16 09:30,falta
AG03097,PAC0235,Caio Ramos Macedo,(51) 99887-7612,particular,MED06,2026-02-20 09:12,2026-03-12 11:00,atendido
AG03098,PAC0416,Lorena Lorenzi Macedo,(54) 90135-2502,convenio,MED04,2026-02-20 09:33,2026-03-03 11:30,realizada
AG03099,PAC0656,Aline Fonseca Monteiro,+55 51 955957679,particular,MED04,2026-02-20 09:48,2026-03-06 08:00,realizada
AG03100,PAC0649,Murilo Pires Bezerra,(54) 93130-3097,particular,MED06,2026-02-20 10:00,2026-02-26 10:30,atendido
AG03101,PAC0649,Murilo Pires Bezerra,(54) 93130-3097,particular,MED02,2026-02-20 10:00,2026-03-05 15:30,REALIZADA
AG03102,PAC0246,Rodrigo Alves Miranda,(53) 95892-7244,convenio,MED04,2026-02-20 11:33,2026-02-24 09:00,realizada
AG03103,PAC0074,Priscila Farias Zanella,54944868202,particular,MED04,2026-02-20 11:41,2026-03-24 10:30,faltou
AG03104,PAC0463,Bianca Lima Rocha,54941575620,convenio,MED06,2026-02-20 11:48,2026-02-24 11:00,realizada
AG03105,PAC0030,Tatiane Campos Barbosa,(51) 92954-8265,Convênio,MED01,2026-02-20 12:48,2026-02-23 07:30,falta
AG03106,PAC0080,Alexandre Lopes Pires,(51) 96893-0854,convenio,MED06,20/02/2026 13:05,2026-03-12 09:00,realizada
AG03107,PAC0652,ISABELA ALVES SOUZA,51932415304,convenio,MED01,2026-02-20 13:33,2026-02-27 17:30,atendido
AG03108,PAC0680,Adriana Guimarães Correia,+55 51 905139195,convenio,MED03,20/02/2026 14:33,2026-03-20 09:30,falta
AG03109,PAC0621,Caio Lorenzi Correia,54965025129,particular,MED05,2026-02-20 15:00,2026-03-10 15:00,cancelada_paciente
AG03110,PAC0682,Renata Carvalho Machado,51960394182,convenio,MED04,2026-02-20 15:00,2026-04-01 10:30,falta
AG03111,PAC0357,Fernando Hoffmann Tomasi,54982332956,Convênio,MED01,2026-02-20 15:12,2026-02-25 09:00,realizada
AG03112,PAC0610,Carolina Duarte Tomasi,+55 51 962030469,convenio,MED01,2026-02-20 15:55,2026-02-25 11:00,cancelado clinica
AG03113,PAC0207,Murilo Reis Vieira,(53) 97026-9795,convenio,MED04,20/02/2026 16:12,2026-02-23 09:00,realizada
AG03114,PAC0631,Wagner Lorenzi Schmidt,(51) 93699-5814,convenio,MED02,20/02/2026 16:33,2026-02-24 14:00,Realizada
AG03115,PAC0069,Sérgio Hoffmann Carvalho,+55 51 979759770,particular,MED03,2026-02-20 16:41,2026-03-04 17:00,cancelada_paciente
AG03116,PAC0172,Márcio Bertoldi Guimarães,(54) 99040-9724,Convênio,MED03,2026-02-20 16:41,2026-03-16 17:30,realizada
AG03117,PAC0378,Daniel Moura Fernandes,(51) 96518-0764,particular,MED02,2026-02-20 16:48,2026-03-03 15:30,falta
AG03118,PAC0620,Daniel Silva Moreira,(53) 93879-6121,particular,MED01,2026-02-20 17:05,2026-02-23 08:30,falta
AG03119,PAC0676,Samuel Monteiro Almeida,(51) 99540-0658,convenio,MED02,20/02/2026 17:33,17/03/2026 15:30,realizada
AG03120,PAC0470,Marcos Alves Monteiro,0000000000,convenio,MED01,2026-02-20 17:48,2026-03-13 15:00,realizada
AG03121,PAC0626,Pedro Schmidt Guimarães,(51) 96772-5810,particular,MED04,2026-02-23 08:00,23/02/2026 09:30,realizada
AG03122,PAC0007,Juliana Soares Freitas,(54) 98991-4330,convenio,MED01,23/02/2026 08:05,2026-02-23 10:30,Realizada
AG03123,PAC0633,Lorena Lima Peixoto,51976626522,particular,MED04,23/02/2026 08:20,2026-02-24 10:30,realizada
AG03124,PAC0485,Viviane Zanella Brandão,+55 51 963157917,particular,MED04,2026-02-23 08:20,2026-03-20 08:00,falta
AG03125,PAC0153,João Brandão Xavier,(51) 92374-5251,particular,MED04,2026-02-23 08:57,2026-02-23 10:30,realizada
AG03126,PAC0388,Patrícia Souza Monteiro,51904129620,convenio,MED04,2026-02-23 09:05,2026-04-08 11:30,realizada
AG03127,PAC0213,Tatiane Farias Pinto,54914807463,convenio,MED03,2026-02-23 10:03,2026-02-23 17:00,realizada
AG03128,PAC0339,Fábio Siqueira Müller,(51) 98536-0434,particular,MED02,2026-02-23 10:05,2026-02-24 14:30,realizada
AG03129,PAC0280,Gabriel Araújo Bertoldi,53975049194,particular,MED06,2026-02-23 10:33,04/03/2026 17:00,Realizada
AG03130,PAC0718,Fabiana Ramos Xavier,sem telefone,convenio,MED05,2026-02-23 10:33,2026-03-16 16:00,falta
AG03131,PAC0556,Rodrigo Teixeira Tavares,+55 53 983631377,convenio,MED05,2026-02-23 11:12,2026-03-31 16:30,realizada
AG03132,PAC0037,Cristina Viana Queiroz,(51) 90307-5736,convênio,MED04,2026-02-23 12:05,2026-03-03 10:30,realizada
AG03133,PAC0089,Emerson Gomes Coelho,51982389020,particular,MED01,2026-02-23 12:36,2026-02-25 08:30,realizada
AG03134,PAC0284,Mateus Guimarães Guimarães,(51) 94626-9159,particular,MED06,2026-02-23 12:41,2026-02-25 17:00,realizada
AG03135,PAC0629,Igor Moreira Weber,(53) 90717-6426,convenio,MED02,2026-02-23 13:21,2026-02-24 08:30,REALIZADA
AG03136,PAC0428,Murilo Aguiar Araújo,(54) 98037-9214,Particular,MED05,2026-02-23 13:55,2026-03-02 16:00,realizada
AG03137,PAC0786,Mariana Mendes Rocha,51900368509,PARTICULAR,MED01,23/02/2026 13:55,2026-04-01 10:00,Realizada
AG03138,PAC0632,Bruno Macedo Sales,,particular,MED04,2026-02-23 14:05,2026-02-24 08:00,cancelado pelo paciente
AG03139,PAC0695,Vanessa Brandão Viana,(51) 98227-2922,particular,MED04,2026-02-23 15:12,2026-04-08 09:00,realizada
AG03140,PAC0708,Priscila Santana Guimarães,(51) 92210-3590,particular,MED04,2026-02-23 15:41,2026-03-13 09:30,no_show
AG03141,PAC0169,Mateus Zanella Freitas,(54) 94611-3087,Particular,MED06,2026-02-23 16:12,2026-03-03 09:00,atendido
AG03142,PAC0542,Leonardo Gonçalves Oliveira,(51) 99590-8222,convenio,MED01,2026-02-23 16:33,2026-04-08 08:00,faltou
AG03143,PAC0020,Beatriz Tavares Borges,+55 53 923601395,convenio,MED04,2026-02-23 16:48,2026-02-24 09:30,realizada
AG03144,PAC0147,Ricardo Carvalho Teixeira,(53) 92099-0039,particular,MED04,2026-02-23 17:21,2026-02-24 08:00,realizada
AG03145,PAC0198,Elaine Silva Souza,(54) 96875-1665,Convênio,MED03,2026-02-23 17:55,11/03/2026 17:00,REALIZADA
AG03146,PAC0211,Gisele Brandão Mendes,(53) 97547-4117,particular,MED01,2026-02-24 09:07,25/02/2026 11:00,Realizada
AG03147,PAC0005,Lorena Martins Ferreira,(51) 93740-9546,CONVENIO,MED02,24/02/2026 09:14,2026-02-24 11:00,realizada
AG03148,PAC0286,Murilo Borges Siqueira,(51) 97367-8015,particular,MED02,24/02/2026 11:00,31/03/2026 15:30,realizada
AG03149,PAC0143,Raquel Pereira Macedo,(54) 98269-0375,convenio,MED01,24/02/2026 11:20,30/03/2026 08:00,agendada
AG03150,PAC0550,Pedro Bittencourt Lorenzi,+55 51 968824970,convenio,MED03,2026-02-24 11:41,2026-03-13 11:00,realizada
AG03151,PAC0199,Aline Pereira Fernandes,+55 51 917035851,convenio,MED01,2026-02-24 12:05,2026-03-06 16:00,faltou
AG03152,PAC0605,Beatriz Macedo Souza,(51) 99152-4012,convenio,MED02,2026-02-24 12:37,2026-02-26 14:30,realizada
AG03153,PAC0296,Gisele Xavier Pinto,(54) 95796-1074,Particular,MED06,2026-02-24 13:33,2026-03-11 16:30,realizada
AG03154,PAC0228,Felipe Bertoldi Ramos,(51) 90044-8991,particular,MED04,2026-02-24 13:55,2026-03-09 11:30,falta
AG03155,PAC0766,Rafael Pires Ribeiro,54951206596,convenio,MED05,2026-02-24 13:55,2026-03-25 15:30,FALTA
AG03156,PAC0289,Gabriel Aguiar Carvalho,54984298548,particular,MED04,2026-02-24 14:20,2026-02-26 08:30,realizada
AG03157,PAC0674,Júlia Tavares Menezes,+55 51 962264205,Convênio,MED01,2026-02-24 14:48,06/03/2026 15:30,no_show
AG03158,PAC0507,Murilo Fernandes Aguiar,+55 51 932463682,particular,MED04,2026-02-24 15:33,04/03/2026 11:30,realizada
AG03159,PAC0691,Larissa Rocha Ferreira,+55 54 963489137,CONVENIO,MED01,2026-02-24 15:55,2026-03-11 07:00,realizada
AG03160,PAC0346,Wagner Bertoldi Menezes,(53) 93057-9056,convenio,MED04,2026-02-24 16:12,13/03/2026 10:30,faltou
AG03161,PAC0663,Ricardo Miranda Cavalcanti,(51) 97402-1179,convenio,MED06,2026-02-24 16:20,2026-03-03 11:30,ausente
AG03162,PAC0144,Simone Tavares Silva,(51) 94714-1641,convênio,MED02,2026-02-24 16:33,2026-03-12 11:00,confirmado
AG03163,PAC0492,Carolina Peixoto Batista,+55 54 902282213,convenio,MED03,2026-02-24 17:33,2026-02-25 16:30,realizada
AG03164,PAC0522,Renata Duarte Prado,53998909637,Convênio,MED02,24/02/2026 17:33,2026-03-03 17:00,cancelado
AG03165,PAC0643,Júlia Borges Andrade,51923858910,convênio,MED06,24/02/2026 17:43,2026-02-25 17:30,realizada
AG03166,PAC0746,Jéssica Campos Cavalcanti,53922968230,Convênio,MED04,2026-02-25 08:05,2026-04-08 10:30,falta
AG03167,PAC0452,João Gomes Schmidt,(53) 97385-5852,particular,MED04,2026-02-25 08:20,2026-03-10 09:00,falta
AG03168,PAC0070,Caio Aguiar Lima,54902502405,convenio,MED04,2026-02-25 08:26,25/02/2026 09:00,realizada
AG03169,PAC0586,Thiago Duarte Siqueira,(51) 95808-1618,convênio,MED05,2026-02-25 08:48,2026-02-25 15:00,realizada
AG03170,PAC0100,Wagner Gomes Siqueira,(51) 95838-4270,convenio,MED06,2026-02-25 09:05,04/03/2026 15:00,realizada
AG03171,PAC0380,Gisele Bittencourt Duarte,+55 54 902109801,CONVENIO,MED06,2026-02-25 09:41,2026-04-02 08:30,no_show
AG03172,PAC0648,Thiago Rezende Correia,(54) 98587-7505,convenio,MED06,2026-02-25 10:01,2026-02-26 08:30,faltou
AG03173,PAC0331,Adriana Rodrigues Guimarães,(51) 95418-7569,CONVENIO,MED01,25/02/2026 10:12,2026-03-04 10:30,faltou
AG03174,PAC0403,Sabrina Duarte Souza,51907833323,convenio,MED01,25/02/2026 10:41,06/04/2026 09:00,falta
AG03175,PAC0556,Rodrigo Teixeira Tavares,+55 53 983631377,convenio,MED04,2026-02-25 11:00,12/03/2026 09:30,realizada
AG03176,PAC0350,Tânia Fernandes Monteiro,51946014833,convenio,MED05,2026-02-25 11:20,03/03/2026 17:30,cancelado pelo paciente
AG03177,PAC0189,João Becker Borges,92286,convenio,MED06,2026-02-25 12:48,2026-03-03 08:30,falta
AG03178,PAC0646,Cláudia Nunes Alves,51915241495,convenio,MED04,2026-02-25 12:50,2026-02-27 11:30,realizada
AG03179,PAC0646,Cláudia Nunes Alves,51915241495,convenio,MED05,2026-02-25 13:00,2026-03-05 17:00,realizada
AG03180,PAC0530,Cristina Duarte Freitas,(51) 93075-7451,particular,MED02,2026-02-25 13:20,2026-03-10 10:00,realizada
AG03181,PAC0652,Isabela Alves Souza,51932415304,Convênio,MED05,2026-02-25 13:33,02/03/2026 14:00,confirmado
AG03182,PAC0257,Mariana Marques Andrade,(51) 96369-9054,convenio,MED01,2026-02-25 14:20,2026-03-11 07:30,FALTA
AG03183,PAC0668,Lucas Peixoto Rodrigues,(53) 95499-8217,Convênio,MED02,2026-02-25 15:00,2026-03-05 17:30,ausente
AG03184,PAC0209,Gustavo Pereira Aguiar,51958609952,PARTICULAR,MED05,2026-02-25 15:00,2026-04-07 14:30,falta
AG03185,PAC0127,Lucas Fonseca Martins,+55 51 955329550,convenio,MED05,2026-02-25 15:48,2026-03-09 14:30,confirmada
AG03186,PAC0645,Adriana Nunes Oliveira,54931928417,Convênio,MED02,2026-02-25 15:55,2026-04-07 09:00,realizada
AG03187,PAC0227,Diego Sales Coelho,(53) 99785-9132,particular,MED03,2026-02-25 16:12,27/02/2026 09:00,Realizada
AG03188,PAC0571,Viviane Dias Batista,,convenio,MED03,2026-02-25 16:33,2026-03-30 16:00,faltou
AG03189,PAC0130,Débora Becker Correia,(54) 91064-5965,particular,MED05,25/02/2026 16:41,10/03/2026 16:00,falta
AG03190,PAC0094,Fernando Nascimento Viana,51999977924,Convênio,MED05,2026-02-25 16:55,2026-03-11 15:30,realizada
AG03191,PAC0078,Márcio Duarte Rodrigues,51997483587,convenio,MED06,2026-02-25 17:05,2026-04-08 17:00,FALTA
AG03192,PAC0085,Emerson Reis Macedo,51972488125,convenio,MED05,2026-02-25 17:55,2026-04-02 17:30,realizada
AG03193,PAC0660,Caio Menezes Ramos,+55 51 914950792,convenio,MED02,2026-02-26 08:12,2026-03-03 11:30,desmarcou
AG03194,PAC0046,Wagner Macedo Bezerra,(54) 91918-5886,particular,MED06,2026-02-26 08:33,2026-03-05 11:00,realizada
AG03195,PAC0408,Sabrina Pinto Duarte,53938022316,particular,MED06,2026-02-26 08:33,2026-03-17 11:00,falta
AG03196,PAC0515,Letícia Schmidt Sales,53931178661,convenio,MED06,2026-02-26 08:48,2026-03-12 08:00,realizada
AG03197,PAC0316,Eduardo Miranda Borges,+55 53 918951546,convenio,MED03,2026-02-26 08:55,2026-04-01 14:00,atendido
AG03198,PAC0003,Camila Miranda Carvalho,51961003307,convenio,MED01,2026-02-26 09:05,2026-03-09 09:30,FALTA
AG03199,PAC0701,Aline Correia Campos,+55 51 954606774,CONVENIO,MED05,26/02/2026 09:05,12/03/2026 17:00,falta
AG03200,PAC0370,Fernando Rezende Macedo,+55 51 997508457,convenio,MED04,2026-02-26 09:18,2026-02-26 10:00,realizada
AG03201,PAC0595,Diego Campos Becker,(54) 95419-8464,particular,MED03,2026-02-26 10:00,2026-03-09 15:30,faltou
AG03202,PAC0687,Cláudia Nunes Moura,(53) 92231-1068,particular,MED01,2026-02-26 11:12,2026-03-18 10:00,falta
AG03203,PAC0658,Luiza Andrade Silva,(51) 90063-5386,CONVENIO,MED05,26/02/2026 11:20,2026-03-02 15:00,realizada
AG03204,PAC0448,Vanessa Ramos Silva,53917303945,convenio,MED04,26/02/2026 11:20,2026-03-11 10:30,realizada
AG03205,PAC0811,Murilo Aguiar Kuhn,51968925394,convenio,MED01,2026-02-26 11:33,2026-04-10 15:00,realizada
AG03206,PAC0466,Thiago Pires Weber,51904279785,particular,MED05,2026-02-26 12:12,2026-02-26 16:30,Realizada
AG03207,PAC0743,João Pinto Fernandes,(54) 94644-4586,particular,MED03,2026-02-26 13:41,20/03/2026 10:00,falta
AG03208,PAC0257,Mariana Marques Andrade,(51) 96369-9054,convenio,MED04,26/02/2026 14:00,2026-03-03 09:30,realizada
AG03209,PAC0402,Camila Lorenzi Hoffmann,(51) 94552-7690,particular,MED05,26/02/2026 14:12,2026-02-26 15:30,realizada
AG03210,PAC0794,César Souza Becker,(51) 90457-6598,convenio,MED02,2026-02-26 14:41,2026-04-02 10:30,Realizada
AG03211,PAC0716,Márcio Nascimento Pinto,51943816327,particular,MED05,2026-02-26 15:05,2026-03-16 14:30,realizada
AG03212,PAC0562,Mateus Costa Moura,(54) 92260-0600,convenio,MED06,2026-02-26 15:33,2026-03-04 14:00,Realizada
AG03213,PAC0338,Fabiana Fernandes Mendes,+55 51 915452091,convenio,MED01,2026-02-26 16:20,2026-03-02 07:00,realizada
AG03214,PAC0076,Lucas Lorenzi Cavalcanti,(54) 99861-1609,particular,MED03,2026-02-26 16:33,2026-03-11 14:00,faltou
AG03215,PAC0474,Luciana Souza Bertoldi,53912986923,convenio,MED05,2026-02-26 17:05,2026-03-05 15:00,falta
AG03216,PAC0422,Márcio Fonseca Soares,51912416163,convenio,MED01,26/02/2026 17:12,2026-03-04 08:30,faltou
AG03217,PAC0114,Daniel Rodrigues Queiroz,(54) 94891-7895,particular,MED04,2026-02-26 17:12,2026-03-05 08:00,cancelada_paciente
AG03218,PAC0676,Samuel Monteiro Almeida,(51) 99540-0658,convenio,MED01,26/02/2026 17:12,2026-03-09 07:00,falta
AG03219,PAC0643,Júlia Borges Andrade,51923858910,convenio,MED03,26/02/2026 17:41,2026-03-13 11:30,no_show
AG03220,PAC0327,Simone Hoffmann Fernandes,+55 54 945806949,particular,MED03,2026-02-26 17:48,2026-03-11 13:30,falta
AG03221,PAC0654,Gustavo Prado Miranda,51958937937,convenio,MED01,2026-02-27 08:12,2026-03-02 09:00,FALTA
AG03222,PAC0554,Camila Ribeiro Andrade,(53) 97699-0981,convenio,MED04,2026-02-27 08:21,2026-02-27 10:00,realizada
AG06666,PAC0013,Sônia Nunes Xavier,51920780234,particular,MED01,2026-08-25 16:55,2026-09-23 11:00,realizada
AG03223,PAC0656,Aline Fonseca Monteiro,+55 51 955957679,PARTICULAR,MED03,2026-02-27 08:33,2026-03-02 14:30,realizada
AG03224,PAC0258,Lucas Souza Santos,51979169994,particular,MED01,2026-02-27 08:41,2026-02-27 16:00,realizada
AG03225,PAC0014,Sônia Silva Reis,+55 53 998575311,particular,MED03,2026-02-27 08:48,2026-03-02 16:00,Realizada
AG03226,PAC0327,Simone Hoffmann Fernandes,+55 54 945806949,particular,MED04,27/02/2026 08:48,2026-03-11 08:00,REALIZADA
AG03227,PAC0631,Wagner Lorenzi Schmidt,(51) 93699-5814,convenio,MED04,2026-02-27 09:05,03/03/2026 08:30,realizada
AG03228,PAC0122,Luiza Reis Becker,(54) 96239-4809,convenio,MED03,2026-02-27 09:41,2026-03-02 16:30,atendido
AG03229,PAC0108,José Peixoto Schmidt,53944228144,convenio,MED01,2026-02-27 09:45,2026-02-27 13:00,Realizada
AG03230,PAC0635,Marcos Weber Hoffmann,53904355545,convenio,MED01,2026-02-27 09:48,2026-03-11 11:00,ausente
AG03231,PAC0647,Mariana Silva Reis,(54) 99910-2953,convenio,MED01,2026-02-27 09:55,2026-04-06 10:00,faltou
AG03232,PAC0452,João Gomes Schmidt,(53) 97385-5852,particular,MED06,2026-02-27 10:48,2026-03-04 16:30,Realizada
AG03233,PAC0412,Ana Costa Tavares,+55 54 963018983,particular,MED02,2026-02-27 11:12,2026-03-26 11:30,desmarcou
AG03234,PAC0343,Sabrina Alves Castro,(51) 91139-9364,particular,MED02,2026-02-27 12:12,2026-03-12 08:00,no_show
AG03235,PAC0705,Mateus Menezes Soares,(53) 90860-7638,convenio,MED04,2026-02-27 12:55,2026-04-13 10:30,realizada
AG03236,PAC0412,Ana Costa Tavares,+55 54 963018983,particular,MED02,2026-02-27 13:12,2026-03-12 08:30,realizada
AG03237,PAC0152,Jéssica Pinto Zanella,(51) 93054-2542,convenio,MED06,2026-02-27 13:20,31/03/2026 08:30,FALTA
AG03238,PAC0025,César Martins Brandão,51989062672,convenio,MED04,2026-02-27 13:33,2026-03-11 11:30,realizada
AG03239,PAC0162,Daniel Aguiar Lima,(51) 93357-2645,particular,MED05,2026-02-27 14:05,2026-04-08 15:30,cancelado pelo paciente
AG03240,PAC0196,Carla Lorenzi Silva,(54) 90336-6604,particular,MED01,2026-02-27 14:20,2026-03-06 13:00,falta
AG03241,PAC0796,Gustavo Cardoso Monteiro,+55 51 982791041,particular,MED03,2026-02-27 14:20,2026-04-06 17:00,cancelada_clinica
AG03242,PAC0221,Ricardo Teixeira Xavier,(51) 93465-8074,convenio,MED01,2026-02-27 14:33,2026-03-16 08:30,falta
AG03243,PAC0382,Alexandre Fernandes Nascimento,(51) 95280-1557,convenio,MED05,2026-02-27 14:48,2026-03-02 16:30,faltou
AG03244,PAC0506,Larissa Tomasi Almeida,51985626038,convenio,MED01,2026-02-27 14:55,27/02/2026 17:00,faltou
AG03245,PAC0406,Leandro Soares Miranda,(51) 90785-2201,convenio,MED04,2026-02-27 15:05,2026-03-09 08:30,realizada
AG03246,PAC0206,Thiago Queiroz Zanella,(53) 97519-4745,convenio,MED02,2026-02-27 15:41,2026-03-03 17:30,realizada
AG03247,PAC0535,Ricardo Coelho Freitas,54940113565,convenio,MED02,2026-02-27 15:48,2026-04-07 15:00,FALTA
AG03248,PAC0486,Débora Batista Menezes,+55 51 973426408,convenio,MED02,2026-02-27 16:00,2026-03-05 08:30,cancelada_paciente
AG03249,PAC0658,Luiza Andrade Silva,(51) 90063-5386,convenio,MED04,2026-02-27 16:05,2026-03-12 08:30,realizada
AG03250,PAC0651,Felipe Xavier Tavares,53911237853,convenio,MED01,27/02/2026 16:18,2026-02-27 17:00,Realizada
AG03251,PAC0754,Daniel Bertoldi Campos,(51) 95177-8800,particular,MED02,2026-02-27 16:41,2026-03-24 09:30,falta
AG03252,PAC0021,Jéssica Hoffmann Coelho,(51) 93213-2241,particular,MED03,2026-02-27 16:55,2026-03-04 16:30,faltou
AG03253,PAC0305,Leandro Freitas Ferreira,(51) 93387-6106,particular,MED02,2026-02-27 16:55,2026-03-31 09:30,realizada
AG03254,PAC0799,Luiza Lorenzi Müller,(53) 92675-3095,CONVENIO,MED05,2026-02-27 17:33,2026-04-06 17:00,desmarcou
AG03255,PAC0586,Thiago Duarte Siqueira,(51) 95808-1618,convenio,MED04,2026-02-27 17:49,2026-03-03 10:00,realizada
AG03256,PAC0687,Cláudia Nunes Moura,(53) 92231-1068,particular,MED04,2026-02-27 17:55,2026-03-10 10:30,realizada
AG03257,PAC0268,Luiza Oliveira Miranda,53983710467,particular,MED01,2026-03-02 08:00,2026-03-11 09:30,REALIZADA
AG03258,PAC0713,Fabiana Siqueira Tomasi,51991482634,convenio,MED06,02/03/2026 08:00,2026-03-26 09:00,realizada
AG03259,PAC0142,José Ferreira Nunes,+55 53 936084144,convenio,MED04,2026-03-02 09:00,2026-03-05 10:00,realizada
AG03260,PAC0191,Jéssica Xavier Borges,54972294445,convenio,MED05,2026-03-02 09:12,07/04/2026 15:00,falta
AG03261,PAC0072,Rafael Teixeira Fonseca,,particular,MED03,02/03/2026 09:33,2026-03-02 13:30,desmarcou
AG03262,PAC0167,Cláudia Almeida Soares,54987332667,convenio,MED01,2026-03-02 09:33,2026-03-18 10:30,cancelado
AG03263,PAC0562,Mateus Costa Moura,(54) 92260-0600,convenio,MED02,2026-03-02 09:48,14/04/2026 10:00,realizada
AG03264,PAC0013,Sônia Nunes Xavier,51920780234,Particular,MED04,2026-03-02 09:55,2026-04-13 09:00,no_show
AG03265,PAC0594,Débora Barbosa Bertoldi,(53) 93803-6979,Particular,MED06,2026-03-02 10:05,2026-03-05 10:00,realizada
AG03266,PAC0070,Caio Aguiar Lima,54902502405,Convênio,MED01,2026-03-02 10:12,2026-03-11 11:30,Realizada
AG03267,PAC0220,Rodrigo Cardoso Bittencourt,51962049321,Particular,MED04,02/03/2026 10:41,2026-03-04 08:30,realizada
AG03268,PAC0148,Isabela Tavares Costa,53985280547,convenio,MED02,2026-03-02 11:00,2026-03-03 16:00,realizada
AG03269,PAC0662,Isabela Lopes Pires,(54) 98680-3365,convenio,MED05,2026-03-02 11:12,2026-03-03 17:30,Realizada
AG03270,PAC0377,Fernando Hoffmann Peixoto,54910618587,convenio,MED03,2026-03-02 11:14,2026-03-04 14:30,realizada
AG03271,PAC0603,Otávio Batista Rezende,(54) 92942-6162,convenio,MED06,02/03/2026 11:33,2026-03-10 08:00,FALTA
AG03272,PAC0062,Luciana Soares Lorenzi,(51) 96645-1918,convenio,MED02,2026-03-02 11:55,2026-03-31 08:30,REALIZADA
AG03273,PAC0534,Bianca Gonçalves Duarte,(53) 90296-5984,particular,MED04,2026-03-02 12:48,2026-03-26 08:00,falta
AG03274,PAC0646,Cláudia Nunes Alves,51915241495,convênio,MED06,2026-03-02 13:00,2026-03-11 15:30,realizada
AG03275,PAC0417,Gustavo Pinto Correia,+55 54 969381977,Particular,MED02,2026-03-02 13:29,2026-03-03 11:00,realizada
AG03276,PAC0119,Samuel Nunes Reis,,convenio,MED04,2026-03-02 13:33,2026-03-05 09:00,realizada
AG03277,PAC0622,Vitor Macedo Campos,51910335335,convenio,MED01,2026-03-02 13:43,2026-03-04 08:30,falta
AG03278,PAC0540,Priscila Pinto Santana,(51) 93660-4100,particular,MED05,2026-03-02 13:48,2026-03-03 14:00,faltou
AG03279,PAC0397,Lorena Hoffmann Cardoso,(51) 94432-8919,convenio,MED01,2026-03-02 14:00,01/04/2026 11:30,Realizada
AG03280,PAC0178,Felipe Pires Reis,54996725726,PARTICULAR,MED03,2026-03-02 14:11,2026-03-04 17:00,falta
AG03281,PAC0693,Luiza Prado Oliveira,(53) 91258-0313,particular,MED05,02/03/2026 14:12,2026-03-11 16:00,realizada
AG03282,PAC0646,Cláudia Nunes Alves,51915241495,convenio,MED02,2026-03-02 14:21,2026-03-05 11:00,realizada
AG03283,PAC0665,Henrique Queiroz Weber,(54) 96726-4064,particular,MED03,2026-03-02 14:33,2026-03-04 15:30,realizada
AG03284,PAC0257,Mariana Marques Andrade,(51) 96369-9054,Convênio,MED05,2026-03-02 15:00,2026-04-13 14:30,realizada
AG03285,PAC0618,MARCOS SANTOS ARAÚJO,,particular,MED05,2026-03-02 15:05,2026-03-05 16:00,realizada
AG03286,PAC0686,Gabriel Gomes Lima,54904749542,convenio,MED04,2026-03-02 15:20,2026-03-10 08:00,realizada
AG03287,PAC0208,Caio Santos Costa,+55 53 990845581,convenio,MED04,2026-03-02 15:48,2026-03-05 08:30,Realizada
AG03288,PAC0185,Gabriel Carvalho Nunes,+55 51 941741132,convenio,MED04,2026-03-02 15:55,2026-03-12 09:00,realizada
AG03289,PAC0470,Marcos Alves Monteiro,0000000000,Convênio,MED04,2026-03-02 16:12,2026-03-03 08:00,realizada
AG03290,PAC0464,Lucas Nunes Ribeiro,+55 51 925902418,CONVENIO,MED02,2026-03-02 16:41,2026-03-03 11:30,REALIZADA
AG03291,PAC0508,Daniel Zanella Dias,51924481285,particular,MED04,2026-03-02 16:48,2026-03-13 11:00,REALIZADA
AG03292,PAC0679,João Andrade Weber,+55 51 973652906,convenio,MED03,2026-03-02 16:55,2026-03-09 14:00,atendido
AG03293,PAC0567,Larissa Nunes Hoffmann,51985022370,PARTICULAR,MED03,2026-03-02 17:12,2026-03-11 15:30,Realizada
AG03294,PAC0404,Lorena Duarte Moreira,+55 53 932587913,particular,MED04,2026-03-02 17:41,2026-03-11 09:30,falta
AG03295,PAC0326,Larissa Tavares Alves,(51) 97675-4716,particular,MED04,2026-03-02 17:48,2026-03-24 11:00,falta
AG03296,PAC0192,Gabriel Soares Müller,(54) 96672-6448,particular,MED04,2026-03-02 17:48,2026-03-31 09:30,realizada
AG03297,PAC0652,Isabela Alves Souza,51932415304,convenio,MED01,2026-03-03 08:23,2026-03-06 16:00,realizada
AG03298,PAC0625,Isabela Souza Müller,51966769278,convenio,MED06,2026-03-03 08:50,2026-03-03 09:30,realizada
AG03299,PAC0719,Simone Bezerra Tomasi,(51) 97799-7103,Convênio,MED03,2026-03-03 09:12,2026-03-20 08:00,Realizada
AG03300,PAC0563,Larissa Kuhn Queiroz,+55 51 951416147,convenio,MED02,2026-03-03 09:41,2026-04-14 14:00,realizada
AG03301,PAC0632,Bruno Macedo Sales,,particular,MED01,03/03/2026 09:55,2026-03-13 13:30,realizada
AG03302,PAC0779,Letícia Coelho Monteiro,51961970860,particular,MED02,03/03/2026 10:12,09/04/2026 10:00,realizada
AG03303,PAC0695,Vanessa Brandão Viana,(51) 98227-2922,particular,MED02,2026-03-03 10:33,2026-03-12 14:00,FALTA
AG03304,PAC0153,João Brandão Xavier,(51) 92374-5251,particular,MED03,2026-03-03 10:41,2026-03-06 09:30,realizada
AG03305,PAC0023,Eduardo Miranda Fernandes,(51) 98562-6321,convenio,MED01,2026-03-03 11:48,2026-03-04 11:30,cancelado
AG03306,PAC0705,Mateus Menezes Soares,(53) 90860-7638,convenio,MED01,2026-03-03 11:55,2026-03-13 16:30,Realizada
AG03307,PAC0028,Felipe Coelho Almeida,(53) 94895-4499,convenio,MED02,2026-03-03 12:00,10/03/2026 16:00,FALTA
AG03308,PAC0661,Sérgio Tavares Oliveira,54952175294,convenio,MED06,2026-03-03 12:00,2026-03-10 11:00,falta
AG03309,PAC0293,Patrícia Rezende Campos,51921292420,convenio,MED01,2026-03-03 12:20,2026-04-15 11:00,falta
AG03310,PAC0098,Ana Fernandes Castro,54958716908,particular,MED01,2026-03-03 13:12,2026-04-06 11:30,agendada
AG03311,PAC0495,Otávio Fernandes Pinto,(51) 95333-7758,convenio,MED04,03/03/2026 13:41,16/03/2026 08:30,atendido
AG03312,PAC0634,Larissa Reis Sales,51951280404,convenio,MED01,2026-03-03 13:55,2026-04-17 16:00,realizada
AG03313,PAC0725,Gabriel Santos Ferreira,53901493685,convenio,MED05,2026-03-03 14:05,2026-03-17 15:00,REALIZADA
AG03314,PAC0402,Camila Lorenzi Hoffmann,(51) 94552-7690,particular,MED06,2026-03-03 14:05,2026-03-17 09:30,realizada
AG03315,PAC0030,Tatiane Campos Barbosa,(51) 92954-8265,convenio,MED06,2026-03-03 14:20,2026-03-10 09:00,REALIZADA
AG03316,PAC0106,Bianca Mendes Bezerra,(51) 97292-7284,convenio,MED05,03/03/2026 14:20,2026-03-31 14:30,realizada
AG03317,PAC0598,Beatriz Lima Costa,51992287710,Convênio,MED04,03/03/2026 14:20,2026-04-09 08:30,ausente
AG03318,PAC0682,Renata Carvalho Machado,51960394182,convenio,MED05,2026-03-03 15:20,2026-03-09 16:30,falta
AG03319,PAC0135,Viviane Souza Prado,,CONVENIO,MED01,2026-03-03 16:33,2026-03-25 10:00,realizada
AG03320,PAC0376,Vitor Rodrigues Silva,(51) 92379-5044,convenio,MED01,2026-03-03 17:33,2026-03-06 15:00,realizada
AG03321,PAC0379,Fernando Alves Reis,53951122935,convenio,MED04,04/03/2026 08:00,2026-03-10 09:30,cancelada_paciente
AG03322,PAC0312,Fernando Ferreira Mendes,54984242044,convenio,MED04,04/03/2026 08:02,2026-03-04 09:00,no_show
AG03323,PAC0076,Lucas Lorenzi Cavalcanti,(54) 99861-1609,particular,MED01,2026-03-04 08:15,2026-03-04 11:30,realizada
AG03324,PAC0015,Pedro Brandão Batista,(53) 96470-3160,particular,MED05,2026-03-04 08:20,2026-03-11 16:30,realizada
AG03325,PAC0409,Beatriz Cavalcanti Cardoso,+55 54 950611779,particular,MED01,2026-03-04 08:34,2026-03-04 09:30,realizada
AG03326,PAC0511,Beatriz Menezes Ramos,99666,Particular,MED05,2026-03-04 08:58,05/03/2026 15:00,atendido
AG03327,PAC0505,Pedro Guimarães Cardoso,+55 51 910653702,convenio,MED01,2026-03-04 10:48,2026-03-09 11:30,realizada
AG03328,PAC0632,Bruno Macedo Sales,,particular,MED02,2026-03-04 11:20,2026-03-05 11:30,realizada
AG03329,PAC0469,Wagner  Vieira Mendes,(51) 98246-1309,Convênio,MED03,2026-03-04 11:41,15/04/2026 15:00,Realizada
AG03330,PAC0741,Ricardo Becker Viana,(51) 91804-8639,convenio,MED05,2026-03-04 12:20,2026-03-19 14:30,Realizada
AG03232,PAC0452,João Gomes Schmidt,(53) 97385-5852,particular,MED06,2026-02-27 10:48,2026-03-04 16:30,Realizada
AG03331,PAC0437,Maria Teixeira Bertoldi,0000000000,convenio,MED02,2026-03-04 13:12,2026-03-26 10:30,atendido
AG03332,PAC0726,Fernando Guimarães Silva,+55 53 931742746,particular,MED06,2026-03-04 14:00,2026-04-15 15:30,falta
AG03333,PAC0829,Bruno Moura Fernandes,(53) 99451-1525,Convênio,MED01,2026-03-04 14:20,2026-04-15 09:00,cancelada_paciente
AG03334,PAC0087,Murilo Bittencourt Carvalho,51906332369,Convênio,MED01,2026-03-04 14:20,2026-04-17 14:00,realizada
AG03335,PAC0005,Lorena Martins Ferreira,(51) 93740-9546,Convênio,MED03,2026-03-04 14:33,2026-03-09 15:00,falta
AG03336,PAC0157,Isabela Peixoto Lopes,51933483757,convenio,MED02,04/03/2026 14:41,2026-04-07 11:30,FALTA
AG03337,PAC0087,Murilo Bittencourt Carvalho,51906332369,CONVENIO,MED01,2026-03-04 14:48,2026-03-20 14:00,realizada
AG03338,PAC0376,Vitor Rodrigues Silva,(51) 92379-5044,CONVENIO,MED03,2026-03-04 15:12,2026-03-11 17:30,atendido
AG03339,PAC0683,José Farias Sales,53985416916,convenio,MED02,2026-03-04 15:20,10/03/2026 10:30,realizada
AG03340,PAC0292,Murilo Silva Reis,(51) 97428-5416,convenio,MED03,2026-03-04 15:41,2026-04-01 13:00,desmarcou
AG03341,PAC0728,Sônia Batista Monteiro,+55 51 964065345,convenio,MED03,2026-03-04 15:55,2026-03-18 14:00,REALIZADA
AG03342,PAC0806,Gabriel Moura Bezerra,54906671127,Convênio,MED04,2026-03-04 16:00,2026-04-17 08:00,realizada
AG03343,PAC0181,Renata Fernandes Mendes,(53) 97434-1317,PARTICULAR,MED05,2026-03-04 16:55,2026-03-18 15:30,realizada
AG03344,PAC0372,Daniel Kuhn Xavier,(53) 99490-1473,convênio,MED03,2026-03-04 17:00,16/03/2026 16:30,FALTA
AG03345,PAC0236,Vanessa Gomes Machado,53973730780,particular,MED02,2026-03-04 17:05,2026-03-05 08:00,cancelada_paciente
AG03346,PAC0359,Carla Lopes Silva,+55 51 922491802,convenio,MED01,04/03/2026 17:05,2026-03-06 14:00,realizada
AG03347,PAC0458,Bruno Viana Castro,(51) 99426-7460,Particular,MED02,2026-03-04 17:46,2026-03-05 08:00,confirmada
AG03348,PAC0704,Luiza Batista Rezende,+55 53 971768613,convenio,MED04,2026-03-05 08:05,2026-04-16 11:30,falta
AG03349,PAC0440,Aline Lorenzi Ramos,(51) 91588-2256,convenio,MED04,2026-03-05 08:55,2026-03-16 11:30,realizada
AG03350,PAC0166,Letícia Borges Sales,53973820040,convenio,MED05,2026-03-05 09:02,2026-03-05 14:00,realizada
AG03351,PAC0675,Mateus Ribeiro Souza,54985259411,convenio,MED03,2026-03-05 09:20,2026-03-06 08:00,realizada
AG03352,PAC0038,Aline Soares Costa,51949817719,Convênio,MED06,2026-03-05 09:33,2026-04-08 16:30,no_show
AG03353,PAC0546,Igor Soares Moreira,53957770343,convenio,MED05,2026-03-05 09:55,2026-03-16 17:00,realizada
AG03354,PAC0699,Rafael Xavier Rezende,(54) 98019-9901,convenio,MED04,2026-03-05 10:12,2026-03-12 11:00,Realizada
AG03355,PAC0045,Henrique Macedo Rodrigues,(51) 98619-6258,particular,MED04,2026-03-05 11:10,2026-03-06 08:30,realizada
AG03356,PAC0113,Fernando Ferreira Rezende,(51) 95512-6270,particular,MED05,2026-03-05 11:33,2026-04-01 14:30,realizada
AG03357,PAC0809,Sabrina Zanella Rocha,51945627398,convenio,MED06,2026-03-05 12:05,09/04/2026 10:00,realizada
AG03358,PAC0232,Emerson Marques Castro,+55 51 922393221,convenio,MED01,05/03/2026 12:33,2026-03-18 09:00,falta
AG04862,PAC0313,Débora Costa Sales,(53) 97622-9367,CONVENIO,MED01,2026-05-26 17:55,2026-05-27 08:00,realizada
AG03359,PAC0453,Carla Lopes Nascimento,+55 53 926215974,particular,MED02,2026-03-05 12:33,2026-04-16 14:00,realizada
AG03360,PAC0697,Pedro Viana Rocha,,particular,MED02,2026-03-05 12:41,2026-03-12 15:30,realizada
AG03361,PAC0549,Vanessa Becker Ramos,(51) 92950-4817,convenio,MED01,2026-03-05 13:00,2026-03-18 07:30,faltou
AG03362,PAC0326,Larissa Tavares Alves,(51) 97675-4716,particular,MED02,2026-03-05 13:12,2026-04-16 09:30,realizada
AG03363,PAC0828,Emerson Araújo Barbosa,(51) 97706-3059,convenio,MED01,2026-03-05 14:20,2026-04-15 08:30,realizada
AG03364,PAC0694,Carolina Costa Macedo,(51) 98057-6942,convenio,MED02,2026-03-05 14:48,2026-03-12 11:30,realizada
AG03365,PAC0174,Leandro Lopes Costa,+55 51 940373326,convenio,MED04,2026-03-05 14:48,2026-03-30 08:00,realizada
AG03366,PAC0500,Letícia Brandão Viana,53947687440,particular,MED03,2026-03-05 15:33,2026-03-23 15:00,cancelado clinica
AG03367,PAC0670,Luiza Marques Moura,+55 53 902493272,particular,MED01,2026-03-05 16:12,2026-03-06 17:30,Realizada
AG03368,PAC0719,Simone Bezerra Tomasi,(51) 97799-7103,convenio,MED03,2026-03-05 16:48,2026-03-18 16:30,realizada
AG03369,PAC0376,Vitor Rodrigues Silva,(51) 92379-5044,convenio,MED04,2026-03-05 17:20,2026-04-15 08:30,no_show
AG03370,PAC0689,Adriana Almeida Rodrigues,+55 51 937698926,convenio,MED05,2026-03-05 17:40,2026-03-10 15:00,realizada
AG03371,PAC0511,Beatriz Menezes Ramos,99666,particular,MED04,2026-03-06 08:00,2026-04-09 11:30,falta
AG03372,PAC0798,Eduardo Santana Siqueira,(53) 95210-9558,convenio,MED05,2026-03-06 08:12,2026-04-06 16:30,faltou
AG03373,PAC0311,Fábio Viana Fonseca,(51) 92137-6599,convenio,MED01,2026-03-06 08:55,2026-03-23 07:00,Realizada
AG03374,PAC0618,Marcos Santos Araújo,,particular,MED01,2026-03-06 09:05,2026-03-23 08:00,no_show
AG03375,PAC0443,Helena Machado Siqueira,53917176498,convenio,MED01,2026-03-06 10:05,2026-03-06 14:30,REALIZADA
AG03376,PAC0681,Sabrina Viana Nascimento,(51) 91582-5741,convenio,MED04,2026-03-06 10:12,2026-03-09 08:00,ausente
AG03377,PAC0726,Fernando Guimarães Silva,+55 53 931742746,particular,MED05,2026-03-06 10:12,2026-03-17 15:30,falta
AG03378,PAC0297,Pedro Teixeira Gomes,51904059895,convenio,MED06,2026-03-06 10:55,2026-04-09 11:00,ausente
AG03379,PAC0692,Adriana Gonçalves Bertoldi,(51) 94095-9681,CONVENIO,MED03,2026-03-06 11:12,2026-03-11 14:30,faltou
AG03380,PAC0678,Thiago Silva Castro,53927535023,convenio,MED01,2026-03-06 11:33,2026-03-09 11:00,faltou
AG03381,PAC0702,Gisele Almeida Mendes,51908288959,particular,MED06,2026-03-06 11:33,2026-03-12 10:00,realizada
AG03382,PAC0729,Maria Prado Viana,+55 54 980265623,particular,MED04,2026-03-06 11:55,18/03/2026 09:30,REALIZADA
AG03383,PAC0733,Lucas Silva Freitas,(54) 91756-1611,particular,MED06,06/03/2026 12:00,2026-03-18 14:00,cancelado clinica
AG03384,PAC0647,Mariana Silva Reis,(54) 99910-2953,convenio,MED06,2026-03-06 12:05,2026-03-10 09:30,Realizada
AG03385,PAC0699,Rafael Xavier Rezende,(54) 98019-9901,Convênio,MED04,2026-03-06 12:12,2026-03-23 08:30,realizada
AG03386,PAC0677,Marcos Costa Bezerra,53933929801,particular,MED01,2026-03-06 12:33,2026-03-09 08:30,no_show
AG03387,PAC0557,Leandro Santos Gonçalves,51948049597,CONVENIO,MED02,2026-03-06 12:33,2026-04-02 14:00,realizada
AG03388,PAC0053,Fabiana Bezerra Siqueira,(54) 98288-4576,Convênio,MED05,2026-03-06 12:41,2026-03-18 16:30,realizada
AG03389,PAC0681,Sabrina Viana Nascimento,(51) 91582-5741,convênio,MED06,2026-03-06 12:41,2026-04-16 10:30,no_show
AG03390,PAC0125,Roberto Zanella Viana,(53) 99681-4060,particular,MED05,2026-03-06 14:33,2026-04-20 16:30,no_show
AG03391,PAC0131,Daniel Dias Barbosa,51972616925,convenio,MED04,2026-03-06 14:41,2026-03-12 08:00,faltou
AG03392,PAC0215,Letícia Müller Miranda,51982593554,convenio,MED03,2026-03-06 14:41,2026-03-13 10:00,realizada
AG03393,PAC0770,Márcio Ramos Tomasi,(51) 91369-5018,particular,MED04,2026-03-06 14:55,2026-04-13 09:30,realizada
AG03394,PAC0146,Júlia Moreira Souza,(51) 93874-9982,particular,MED05,2026-03-06 15:12,2026-03-19 15:00,realizada
AG03395,PAC0719,Simone Bezerra Tomasi,(51) 97799-7103,convenio,MED05,06/03/2026 15:41,2026-03-16 16:30,realizada
AG03396,PAC0592,Isabela Ramos Ribeiro,(51) 93995-0677,convenio,MED02,2026-03-06 16:48,2026-03-12 10:00,realizada
AG03397,PAC0307,Isabela Sales Farias,(53) 99412-5607,particular,MED01,06/03/2026 16:48,2026-04-10 15:30,confirmada
AG03398,PAC0249,Fabiana Bezerra Costa,(51) 95667-5146,particular,MED04,2026-03-09 08:05,2026-03-09 09:00,Realizada
AG03399,PAC0722,Luiza Bittencourt Rezende,51948181317,convenio,MED02,2026-03-09 08:05,2026-03-17 16:00,falta
AG03400,PAC0808,Eduardo Xavier Peixoto,51911878642,particular,MED05,2026-03-09 08:12,2026-04-09 16:00,FALTA
AG03401,PAC0003,Camila Miranda Carvalho,51961003307,convenio,MED01,2026-03-09 09:20,2026-03-11 10:30,realizada
AG03402,PAC0312,Fernando Ferreira Mendes,54984242044,convenio,MED01,2026-03-09 09:20,2026-04-08 08:30,realizada
AG03403,PAC0810,Roberto Siqueira Brandão,(51) 97403-4681,convenio,MED06,2026-03-09 09:33,2026-04-09 11:30,falta
AG03404,PAC0645,Adriana Nunes Oliveira,54931928417,convenio,MED04,09/03/2026 09:48,2026-03-13 08:00,Realizada
AG04920,PAC1073,Gustavo Lima Bezerra,(53) 97159-7409,particular,MED03,2026-05-29 08:12,10/06/2026 14:00,falta
AG03405,PAC0674,Júlia Tavares Menezes,+55 51 962264205,convenio,MED05,2026-03-09 10:05,2026-03-30 14:00,realizada
AG03406,PAC0529,Aline Moreira Sales,(51) 98570-4068,Particular,MED03,2026-03-09 10:12,2026-04-15 17:30,realizada
AG03407,PAC0525,Elaine Rodrigues Tavares,(53) 92680-5866,convenio,MED04,2026-03-09 10:20,2026-03-16 09:00,realizada
AG03408,PAC0232,Emerson Marques Castro,+55 51 922393221,convenio,MED06,2026-03-09 10:41,2026-03-12 08:30,REALIZADA
AG03409,PAC0243,Carla Costa Marques,+55 53 993331080,convenio,MED06,09/03/2026 10:41,12/03/2026 10:30,desmarcou
AG03410,PAC0112,Rafael Becker Santana,+55 51 997116675,Convênio,MED05,2026-03-09 11:41,2026-03-26 16:30,falta
AG03411,PAC0425,Henrique Guimarães Coelho,+55 51 908505423,particular,MED04,2026-03-09 11:46,2026-03-10 09:30,realizada
AG03412,PAC0391,Bruno Lima Becker,51919397930,particular,MED04,09/03/2026 13:00,2026-03-12 10:30,realizada
AG03413,PAC0482,Cristina Almeida Bertoldi,(53) 91943-3557,particular,MED04,09/03/2026 13:05,2026-04-08 08:00,falta
AG03414,PAC0031,Fernando Becker Aguiar,51942355515,particular,MED04,2026-03-09 13:33,2026-04-01 09:30,faltou
AG03415,PAC0437,Maria Teixeira Bertoldi,0000000000,convenio,MED04,2026-03-09 13:41,2026-04-22 08:00,ausente
AG03416,PAC0514,Vitor Guimarães Batista,(51) 99452-0879,convenio,MED03,2026-03-09 13:48,2026-04-13 16:30,faltou
AG03417,PAC0310,Priscila Siqueira Mendes,+55 51 909096391,particular,MED06,2026-03-09 14:00,2026-03-17 08:30,realizada
AG03418,PAC0727,Ricardo Tavares Rodrigues,+55 51 937797751,particular,MED01,2026-03-09 14:12,2026-03-18 07:00,realizada
AG03419,PAC0706,Ana Gonçalves Moreira,(51) 97646-5161,particular,MED03,2026-03-09 14:34,13/03/2026 08:30,realizada
AG03420,PAC0607,Henrique Fonseca Kuhn,519880,convenio,MED02,2026-03-09 14:48,2026-03-24 08:30,faltou
AG03421,PAC0560,Beatriz Araújo Barbosa,(51) 96069-7920,convenio,MED02,09/03/2026 14:55,2026-03-17 17:30,REALIZADA
AG03422,PAC0702,Gisele Almeida Mendes,51908288959,particular,MED02,2026-03-09 15:12,2026-04-02 17:00,realizada
AG03423,PAC0141,Rodrigo Tomasi Brandão,(51) 91828-0393,convenio,MED01,09/03/2026 15:33,2026-03-13 14:00,realizada
AG03424,PAC0684,Roberto Weber Viana,(51) 92596-8706,convênio,MED02,09/03/2026 15:48,10/03/2026 11:00,falta
AG03425,PAC0771,Felipe Fernandes Menezes,51923547297,convenio,MED02,2026-03-09 15:55,2026-03-26 15:00,faltou
AG03426,PAC0685,Renata Pires Siqueira,51993601914,convenio,MED02,2026-03-09 16:46,2026-03-10 17:30,realizada
AG03427,PAC0739,Leandro Gonçalves Borges,(54) 92827-6424,convenio,MED04,2026-03-09 17:05,2026-03-19 09:30,ausente
AG03428,PAC0675,Mateus Ribeiro Souza,54985259411,convenio,MED06,2026-03-09 17:33,2026-04-15 17:30,cancelado pelo paciente
AG03429,PAC0195,Fernando Bezerra Freitas,(54) 97553-3852,Particular,MED01,09/03/2026 17:48,25/03/2026 11:30,realizada
AG03430,PAC0494,Alexandre Barbosa Araújo,(51) 94050-5858,convenio,MED06,2026-03-09 17:49,2026-03-10 08:00,realizada
AG03431,PAC0747,Cristina Nunes Guimarães,+55 51 953106118,convênio,MED03,2026-03-10 08:00,2026-03-23 15:30,realizada
AG03432,PAC0416,Lorena Lorenzi Macedo,(54) 90135-2502,convenio,MED05,2026-03-10 08:50,10/03/2026 15:30,realizada
AG03433,PAC0241,José Andrade Vieira,(51) 96462-9066,particular,MED02,2026-03-10 08:54,2026-03-10 09:30,realizada
AG03434,PAC0246,Rodrigo Alves Miranda,(53) 95892-7244,convenio,MED02,2026-03-10 09:20,10/03/2026 16:30,atendido
AG03435,PAC0169,Mateus Zanella Freitas,(54) 94611-3087,particular,MED05,2026-03-10 09:55,2026-03-19 17:00,faltou
AG03436,PAC0723,Paulo Gomes Ribeiro,51932023770,convenio,MED04,2026-03-10 10:05,2026-03-17 10:00,ausente
AG03437,PAC0026,Elaine Souza Santos,+55 51 990266056,PARTICULAR,MED04,2026-03-10 10:26,2026-03-10 11:30,atendido
AG03438,PAC0231,André Queiroz Lorenzi,+55 51 915555682,convenio,MED01,2026-03-10 10:33,2026-03-11 08:00,atendido
AG03439,PAC0462,João Cavalcanti Carvalho,(51) 94947-9995,convenio,MED02,2026-03-10 10:57,2026-03-10 14:00,Realizada
AG03440,PAC0171,Fábio Gonçalves Macedo,+55 51 919138398,convenio,MED03,2026-03-10 11:12,22/04/2026 16:00,realizada
AG03441,PAC0690,Wagner Moreira Rocha,51924374948,particular,MED05,2026-03-10 11:36,2026-03-10 16:30,cancelado clinica
AG03442,PAC0679,João Andrade Weber,+55 51 973652906,CONVENIO,MED04,2026-03-10 11:55,2026-04-07 09:00,no_show
AG03443,PAC0020,Beatriz Tavares Borges,+55 53 923601395,convenio,MED01,2026-03-10 12:12,2026-03-11 10:00,Realizada
AG03444,PAC0444,Emerson Freitas Lorenzi,(51) 97405-0629,convenio,MED05,2026-03-10 12:13,2026-03-10 16:30,realizada
AG03445,PAC0709,Fernando Castro Rezende,(53) 92508-4285,convenio,MED02,2026-03-10 12:20,16/04/2026 11:30,atendido
AG03446,PAC0034,Adriana Peixoto Rezende,51990650617,convenio,MED01,2026-03-10 13:48,2026-03-13 17:30,realizada
AG03447,PAC0207,Murilo Reis Vieira,(53) 97026-9795,convenio,MED04,2026-03-10 13:48,2026-03-17 11:00,faltou
AG03448,PAC0083,Marcos Alves Rocha,51917272994,Convênio,MED06,2026-03-10 13:55,2026-04-01 15:30,realizada
AG03449,PAC0474,Luciana Souza Bertoldi,53912986923,convenio,MED03,2026-03-10 14:12,2026-03-18 14:30,realizada
AG03450,PAC0320,Márcio Bertoldi Araújo,(51) 91379-9389,CONVENIO,MED06,2026-03-10 14:20,2026-03-24 10:30,cancelado pelo paciente
AG03451,PAC0388,Patrícia Souza Monteiro,51904129620,CONVENIO,MED03,2026-03-10 14:33,2026-03-30 16:30,Realizada
AG03452,PAC0021,Jéssica Hoffmann Coelho,(51) 93213-2241,particular,MED03,2026-03-10 15:20,2026-03-30 14:30,realizada
AG03453,PAC0317,Letícia Zanella Hoffmann,54979718780,convenio,MED04,2026-03-10 15:41,2026-04-16 08:30,realizada
AG03454,PAC0329,Thiago Rodrigues Alves,+55 54 973325354,convênio,MED02,2026-03-10 16:20,2026-03-12 09:00,Realizada
AG03455,PAC0063,Vitor Xavier Lopes,54972055015,particular,MED01,2026-03-10 16:41,2026-03-18 08:00,falta
AG03456,PAC0649,Murilo Pires Bezerra,(54) 93130-3097,particular,MED06,2026-03-10 17:55,2026-03-25 16:00,faltou
AG03457,PAC0661,Sérgio Tavares Oliveira,54952175294,convenio,MED04,2026-03-11 08:05,2026-04-15 10:30,atendido
AG03458,PAC0347,Gustavo Peixoto Ferreira,(51) 98766-2181,convenio,MED05,2026-03-11 09:00,2026-04-15 17:00,falta
AG03459,PAC0540,Priscila Pinto Santana,(51) 93660-4100,PARTICULAR,MED01,2026-03-11 09:12,2026-03-16 10:00,cancelado
AG03460,PAC0528,Lorena Pinto Pinto,,Convênio,MED04,11/03/2026 09:20,2026-03-18 08:30,cancelado pelo paciente
AG03461,PAC0001,Tânia Moreira Andrade,+55 53 979217421,convenio,MED05,2026-03-11 09:33,2026-04-16 14:30,realizada
AG03462,PAC0123,Cláudia Bittencourt Pinto,(53) 96497-9758,particular,MED03,2026-03-11 09:48,2026-03-11 16:30,realizada
AG03463,PAC0763,Júlia Fernandes Castro,54901633224,convenio,MED04,2026-03-11 09:55,2026-03-25 08:00,Realizada
AG03464,PAC0589,Arthur Weber Duarte,(51) 96714-1180,PARTICULAR,MED06,2026-03-11 10:29,2026-03-11 14:30,realizada
AG03465,PAC0418,Mateus Bezerra Ferreira,(53) 92619-2381,particular,MED05,2026-03-11 10:48,2026-04-23 15:00,faltou
AG03466,PAC0735,Marcos Miranda Gonçalves,(51) 98536-3265,Particular,MED02,2026-03-11 10:55,2026-03-19 08:00,Realizada
AG03467,PAC0761,Larissa Vieira Dias,53959971857,Particular,MED01,2026-03-11 11:12,2026-03-25 09:00,FALTA
AG03468,PAC0570,Cristina Tomasi Tavares,(51) 95914-9077,convenio,MED05,2026-03-11 11:48,2026-03-17 16:00,faltou
AG03469,PAC0578,Vanessa Prado Zanella,(53) 92274-4827,CONVENIO,MED06,2026-03-11 11:48,2026-03-18 14:30,atendido
AG03470,PAC0511,Beatriz Menezes Ramos,99666,particular,MED05,2026-03-11 13:12,2026-03-23 14:00,faltou
AG03471,PAC0515,Letícia Schmidt Sales,53931178661,convenio,MED04,2026-03-11 13:33,2026-03-16 08:00,realizada
AG03472,PAC0445,Elaine Weber Ramos,51968878923,convenio,MED04,2026-03-11 13:55,2026-03-17 11:30,atendido
AG03473,PAC0620,Daniel Silva Moreira,(53) 93879-6121,particular,MED01,2026-03-11 14:55,2026-03-16 08:00,falta
AG03474,PAC0299,Priscila Souza Bezerra,(53) 91166-7412,convenio,MED04,2026-03-11 15:00,2026-03-17 08:30,realizada
AG03475,PAC0339,Fábio Siqueira Müller,(51) 98536-0434,particular,MED01,2026-03-11 15:00,2026-04-22 10:00,falta
AG03476,PAC0319,Isabela Rodrigues Martins,(51) 91472-4158,convenio,MED06,11/03/2026 15:20,2026-04-14 08:30,no_show
AG03477,PAC0156,Patrícia Moura Castro,(51) 93069-9847,convenio,MED05,2026-03-11 17:41,2026-03-18 14:30,REALIZADA
AG03478,PAC0396,Bruno Guimarães Schmidt,54917089040,particular,MED05,2026-03-11 17:55,2026-04-20 17:30,realizada
AG03479,PAC0346,Wagner Bertoldi Menezes,(53) 93057-9056,convenio,MED03,12/03/2026 09:41,2026-04-06 15:00,faltou
AG03480,PAC0147,Ricardo Carvalho Teixeira,(53) 92099-0039,particular,MED04,2026-03-12 10:05,2026-03-16 09:30,cancelada_clinica
AG03481,PAC0704,Luiza Batista Rezende,+55 53 971768613,convenio,MED01,2026-03-12 10:12,2026-03-13 15:30,realizada
AG03482,PAC0117,Simone Dias Barbosa,51992737016,particular,MED02,2026-03-12 10:41,2026-03-31 14:30,realizada
AG03483,PAC0279,Gabriel Sales Marques,+55 51 944995049,convenio,MED03,2026-03-12 11:05,2026-03-20 10:30,realizada
AG03484,PAC0052,Daniel Araújo Coelho,(51) 98488-8292,particular,MED01,2026-03-12 11:20,2026-03-13 17:00,REALIZADA
AG03485,PAC0126,Luiza Soares Kuhn,51931656299,convenio,MED03,2026-03-12 12:20,2026-03-27 09:30,atendido
AG03486,PAC0700,Elaine Müller Soares,(51) 93021-4049,CONVENIO,MED05,2026-03-12 12:48,12/03/2026 14:00,atendido
AG03487,PAC0377,Fernando Hoffmann Peixoto,54910618587,convenio,MED06,2026-03-12 13:12,2026-03-24 08:30,realizada
AG03488,PAC0712,Luiza Gonçalves Bittencourt,(54) 98310-0905,particular,MED03,2026-03-12 13:20,2026-03-16 16:00,realizada
AG03489,PAC0544,Bianca Lopes Soares,51996806182,particular,MED04,12/03/2026 13:20,2026-03-20 10:30,REALIZADA
AG03490,PAC0481,Marcos Barbosa Soares,51920144887,particular,MED01,2026-03-12 13:48,2026-03-13 13:00,realizada
AG03491,PAC0356,Felipe Reis Dias,(51) 99318-4244,convenio,MED02,2026-03-12 13:48,17/03/2026 17:00,cancelado
AG03492,PAC0705,Mateus Menezes Soares,(53) 90860-7638,convenio,MED05,12/03/2026 14:00,18/03/2026 14:00,realizada
AG03493,PAC0735,Marcos Miranda Gonçalves,(51) 98536-3265,particular,MED02,2026-03-12 14:20,2026-04-16 15:00,FALTA
AG03494,PAC0252,Patrícia Sales Almeida,+55 51 976043292,convenio,MED04,2026-03-12 14:33,2026-03-18 11:00,realizada
AG03495,PAC0619,Carolina Hoffmann Lopes,+55 53 926390059,particular,MED01,2026-03-12 15:00,20/03/2026 13:00,Realizada
AG03496,PAC0071,Roberto Alves Xavier,(53) 93439-5365,particular,MED04,2026-03-12 15:00,2026-03-26 08:30,realizada
AG03497,PAC0561,André Oliveira Batista,(51) 95826-3572,particular,MED06,2026-03-12 15:05,2026-03-17 10:30,realizada
AG03498,PAC0504,Mateus Ferreira Nascimento,54910420195,particular,MED04,2026-03-12 15:12,2026-04-01 11:30,falta
AG03499,PAC0405,Roberto Viana Silva,539244,particular,MED04,2026-03-12 15:20,18/03/2026 10:00,realizada
AG03500,PAC0225,Rodrigo Farias Brandao,+55 51 962322121,particular,MED03,2026-03-12 15:33,16/03/2026 13:30,Realizada
AG03501,PAC0264,Roberto Pereira Santos,53946611931,particular,MED03,2026-03-12 16:48,2026-03-13 09:30,FALTA
AG03502,PAC0453,Carla Lopes Nascimento,+55 53 926215974,particular,MED01,2026-03-12 17:12,2026-03-13 14:30,realizada
AG03503,PAC0280,Gabriel Araújo Bertoldi,53975049194,particular,MED02,12/03/2026 17:41,2026-03-31 15:00,Realizada
AG03504,PAC0753,Felipe Kuhn Ramos,+55 51 958292477,particular,MED02,2026-03-13 08:05,2026-03-24 09:00,falta
AG03505,PAC0574,Isabela Fernandes Lima,(51) 99102-8128,particular,MED03,2026-03-13 08:06,13/03/2026 09:30,realizada
AG03506,PAC0680,Adriana Guimarães Correia,+55 51 905139195,Convênio,MED01,2026-03-13 08:12,2026-03-18 11:30,falta
AG03507,PAC0527,Luciana Monteiro Guimarães,(51) 95202-0347,convenio,MED03,2026-03-13 08:12,2026-03-18 16:00,realizada
AG03508,PAC0053,Fabiana Bezerra Siqueira,(54) 98288-4576,CONVENIO,MED04,2026-03-13 08:20,2026-03-27 08:30,realizada
AG03509,PAC0621,Caio Lorenzi Correia,54965025129,particular,MED03,2026-03-13 08:41,16/03/2026 15:00,REALIZADA
AG03510,PAC0340,Mariana Prado Reis,54925671321,convenio,MED03,2026-03-13 08:41,2026-03-25 13:30,Realizada
AG03511,PAC0707,Felipe Xavier Santana,(54) 95932-2444,CONVENIO,MED03,2026-03-13 08:59,2026-03-13 10:30,realizada
AG03512,PAC0173,Lucas Bertoldi Pires,+55 51 957675179,particular,MED04,2026-03-13 09:00,2026-04-10 11:00,falta
AG03513,PAC0745,Fernando Prado Barbosa,54932016554,particular,MED01,2026-03-13 09:12,2026-03-23 10:00,falta
AG03514,PAC0126,Luiza Soares Kuhn,51931656299,Convênio,MED04,2026-03-13 09:55,2026-04-24 10:30,realizada
AG03515,PAC0614,Daniel Aguiar Tomasi,(54) 95772-9851,convenio,MED02,2026-03-13 10:00,2026-03-24 14:00,confirmado
AG03516,PAC0485,Viviane Zanella Brandão,+55 51 963157917,particular,MED03,2026-03-13 10:00,2026-03-25 16:30,realizada
AG03517,PAC0790,Samuel Silva Santana,54942718183,Particular,MED04,2026-03-13 10:33,2026-04-01 09:00,desmarcou
AG03518,PAC0701,Aline Correia Campos,+55 51 954606774,convenio,MED02,2026-03-13 10:48,2026-03-31 14:00,falta
AG03519,PAC0755,Tatiane Bertoldi Cavalcanti,+55 51 927321479,particular,MED02,2026-03-13 11:41,2026-03-24 10:00,Realizada
AG03520,PAC0593,Jéssica Miranda Vieira,51966104182,convenio,MED03,2026-03-13 12:20,2026-03-16 13:00,falta
AG03521,PAC0719,Simone Bezerra Tomasi,(51) 97799-7103,convenio,MED04,2026-03-13 12:55,2026-04-02 11:00,falta
AG03522,PAC0732,Sônia Almeida Gonçalves,(51) 90932-0134,particular,MED05,2026-03-13 13:05,2026-03-18 16:00,falta
AG03523,PAC0648,Thiago Rezende Correia,(54) 98587-7505,convenio,MED01,2026-03-13 13:05,23/03/2026 07:30,realizada
AG03524,PAC0255,Tânia Rodrigues Araújo,(51) 92877-8385,convenio,MED01,13/03/2026 14:00,2026-03-23 09:00,FALTA
AG03525,PAC0131,Daniel Dias Barbosa,51972616925,convenio,MED04,2026-03-13 14:05,2026-03-17 08:00,
AG03526,PAC0419,Leandro Souza Marques,(51) 92308-4663,particular,MED05,2026-03-13 15:00,2026-03-25 14:30,falta
AG03527,PAC0710,Débora Gonçalves Pereira,(54) 93092-7346,convenio,MED01,2026-03-13 15:05,2026-03-16 09:00,faltou
AG03528,PAC0329,Thiago Rodrigues Alves,+55 54 973325354,Convênio,MED02,2026-03-13 15:20,2026-03-17 16:30,realizada
AG03529,PAC0289,Gabriel Aguiar Carvalho,54984298548,PARTICULAR,MED05,2026-03-13 15:33,2026-03-18 17:00,realizada
AG03530,PAC0156,Patrícia Moura Castro,(51) 93069-9847,convenio,MED03,2026-03-13 15:48,2026-03-16 14:00,realizada
AG03531,PAC0401,Helena Castro Xavier,(51) 95466-5163,convenio,MED01,2026-03-13 16:00,2026-04-17 15:30,FALTA
AG03532,PAC0410,Viviane Kuhn Schmidt,(51) 92893-1543,particular,MED03,2026-03-13 16:05,2026-04-17 09:00,faltou
AG03533,PAC0385,Samuel Bittencourt Alves,51926366732,convenio,MED04,2026-03-13 16:41,2026-04-10 09:30,falta
AG03534,PAC0534,Bianca Gonçalves Duarte,(53) 90296-5984,particular,MED04,13/03/2026 17:20,17/04/2026 11:00,realizada
AG03535,PAC0714,Gabriel Rezende Nascimento,(54) 94727-1455,convenio,MED04,16/03/2026 08:10,2026-03-16 10:00,realizada
AG03536,PAC0715,Sônia Reis Ramos,(54) 91730-2931,particular,MED04,16/03/2026 08:14,2026-03-16 10:30,realizada
AG03537,PAC0689,Adriana Almeida Rodrigues,+55 51 937698926,convenio,MED05,2026-03-16 08:20,24/03/2026 17:30,realizada
AG03538,PAC0281,Larissa Oliveira Bezerra,(54) 96796-3186,convenio,MED05,2026-03-16 08:41,2026-04-23 15:30,falta
AG03539,PAC0684,Roberto Weber Viana,(51) 92596-8706,convenio,MED03,2026-03-16 08:48,16/03/2026 15:30,realizada
AG03540,PAC0607,Henrique Fonseca Kuhn,519880,convenio,MED04,2026-03-16 08:52,2026-03-16 09:30,atendido
AG03541,PAC0711,Carolina Guimarães Costa,51980843671,convenio,MED01,16/03/2026 09:15,2026-03-16 10:00,faltou
AG03542,PAC0406,Leandro Soares Miranda,(51) 90785-2201,Convênio,MED01,2026-03-16 10:12,2026-03-30 09:30,cancelada_paciente
AG03543,PAC0548,Júlia Rodrigues Silva,+55 51 921873164,convenio,MED02,2026-03-16 10:41,2026-04-09 16:00,realizada
AG03544,PAC0550,Pedro Bittencourt Lorenzi,+55 51 968824970,convenio,MED06,2026-03-16 12:00,2026-03-18 15:30,realizada
AG03545,PAC0399,Camila Barbosa Araújo,(53) 95991-4437,convenio,MED01,2026-03-16 12:00,2026-03-27 15:30,realizada
AG03546,PAC0744,Larissa Bittencourt Monteiro,54955968198,convenio,MED04,16/03/2026 12:12,2026-03-30 10:30,falta
AG03547,PAC0235,Caio Ramos Macedo,(51) 99887-7612,particular,MED04,16/03/2026 12:20,2026-03-26 09:00,realizada
AG03548,PAC0034,Adriana Peixoto Rezende,51990650617,convenio,MED06,2026-03-16 13:05,2026-03-26 10:30,realizada
AG03549,PAC0468,RAQUEL ANDRADE LORENZI,(54) 93421-5564,particular,MED05,16/03/2026 13:33,25/03/2026 17:00,falta
AG03550,PAC0888,Leonardo Schmidt Miranda,(54) 95962-4661,convenio,MED04,2026-03-16 13:55,2026-04-29 08:00,Realizada
AG03551,PAC0857,Natália Menezes Kuhn,53951768219,convenio,MED04,2026-03-16 14:12,2026-04-23 11:00,realizada
AG03552,PAC0791,Mariana Souza Andrade,51964313175,particular,MED05,2026-03-16 14:33,2026-04-01 16:30,realizada
AG03553,PAC0226,Luciana  Bezerra Castro,,convenio,MED03,16/03/2026 14:41,08/04/2026 17:00,realizada
AG03554,PAC0527,Luciana Monteiro Guimarães,(51) 95202-0347,convênio,MED01,16/03/2026 15:00,2026-03-23 11:00,realizada
AG03555,PAC0760,Leandro Rezende Reis,(51) 98532-2850,convenio,MED01,2026-03-16 15:00,2026-03-25 08:30,realizada
AG03556,PAC0541,Samuel Batista Soares,+55 54 953572529,convenio,MED01,2026-03-16 15:08,2026-03-18 11:30,Realizada
AG03557,PAC0165,Jéssica Rodrigues Tavares,(53) 97357-6178,convenio,MED04,2026-03-16 15:20,2026-03-19 08:30,falta
AG03558,PAC0475,Gustavo Bertoldi Moura,(51) 94428-1314,convenio,MED03,16/03/2026 15:33,2026-03-18 13:00,Realizada
AG03559,PAC0329,Thiago Rodrigues Alves,+55 54 973325354,convenio,MED05,2026-03-16 15:41,2026-04-15 17:30,cancelada_clinica
AG03560,PAC0283,Tatiane Santana Rezende,(51) 93913-5212,convenio,MED04,2026-03-16 16:12,2026-03-30 09:30,faltou
AG03561,PAC0565,Ricardo Rezende Rezende,(51) 93765-5477,particular,MED02,2026-03-16 16:33,2026-03-24 15:30,falta
AG03562,PAC0781,Daniel Nascimento Bezerra,+55 51 967109593,convenio,MED01,2026-03-16 16:41,2026-04-20 07:00,faltou
AG03563,PAC0117,Simone Dias Barbosa,51992737016,particular,MED01,2026-03-16 16:55,23/03/2026 10:30,realizada
AG03564,PAC0731,Daniel Müller Brandão,(51) 96750-3041,convenio,MED05,16/03/2026 17:12,2026-03-18 15:00,realizada
AG03565,PAC0330,Lorena Oliveira Fernandes,(51) 95700-4516,convenio,MED02,2026-03-16 17:20,2026-03-19 14:30,falta
AG03566,PAC0656,Aline Fonseca Monteiro,+55 51 955957679,particular,MED01,2026-03-17 08:20,2026-04-08 07:30,ausente
AG03567,PAC0720,Larissa Vieira Bertoldi,+55 53 942920865,convenio,MED02,2026-03-17 08:29,17/03/2026 09:00,falta
AG03568,PAC0583,Elaine Schmidt Mendes,54972519643,convenio,MED05,2026-03-17 08:33,2026-04-14 15:30,FALTA
AG03569,PAC0042,Henrique Santos Miranda,53953980453,convenio,MED04,2026-03-17 08:48,2026-03-18 08:30,realizada
AG03570,PAC0101,César Almeida Campos,(54) 95435-8456,particular,MED06,17/03/2026 09:00,2026-03-19 10:30,realizada
AG03571,PAC0721,Cristina Barbosa Duarte,51939356325,convenio,MED02,17/03/2026 09:09,2026-03-17 11:30,faltou
AG03572,PAC0300,Luciana Souza Teixeira,51960132139,particular,MED05,2026-04-02 14:00,2026-03-26 14:00,realizada
AG03573,PAC0738,Helena Zanella Auiar,(51) 98601-3499,particular,MED04,2026-03-17 09:55,2026-03-19 09:00,Realizada
AG03574,PAC0724,Pedro Araújo Vieira,+55 51 913571720,particular,MED05,2026-03-17 10:04,2026-03-17 14:00,realizada
AG03575,PAC0259,Vitor Correia Queiroz,53934058645,convenio,MED01,2026-03-17 11:00,2026-03-20 17:30,Realizada
AG03576,PAC0496,Wagner Moreira Costa,(51) 91125-2010,convênio,MED05,2026-03-17 11:03,2026-03-17 14:30,atendido
AG03577,PAC0124,Márcio Castro Teixeira,+55 53 944047803,particular,MED04,2026-03-17 11:05,2026-03-19 11:30,REALIZADA
AG03578,PAC0149,Lucas Cavalcanti Correia,51955318507,particular,MED04,2026-03-17 11:48,2026-04-15 10:00,realizada
AG03579,PAC0773,Carolina Guimarães Costa,(51) 92392-4602,particular,MED01,2026-03-17 12:00,2026-03-27 14:00,realizada
AG03580,PAC0327,Simone Hoffmann Fernandes,+55 54 945806949,particular,MED02,17/03/2026 12:08,17/03/2026 17:00,realizada
AG06267,PAC1403,Elaine Guimarães Castro,+55 51 936169569,convenio,MED02,2026-08-05 15:20,2026-08-20 16:00,realizada
AG03581,PAC0732,Sônia Almeida Gonçalves,(51) 90932-0134,particular,MED01,2026-03-17 12:48,2026-03-20 14:30,realizada
AG03582,PAC0241,José Andrade Vieira,(51) 96462-9066,particular,MED06,2026-03-17 12:55,2026-03-26 11:30,FALTA
AG03583,PAC0082,Raquel Andrade Tomasi,519405,convenio,MED02,2026-03-17 13:05,2026-03-24 17:00,faltou
AG03584,PAC0035,Débora Marques Campos,54984407414,CONVENIO,MED05,2026-03-17 13:20,2026-03-25 16:00,realizada
AG03585,PAC0633,Lorena Lima Peixoto,51976626522,particular,MED02,2026-03-17 13:41,2026-04-28 10:00,atendido
AG03586,PAC0477,Camila Siqueira Xavier,51980800415,Convênio,MED03,2026-03-17 14:33,2026-04-20 16:30,realizada
AG03587,PAC0759,André Kuhn Almeida,(54) 91302-3103,convenio,MED05,2026-03-17 14:48,2026-03-31 15:30,falta
AG03588,PAC0884,Emerson Santana Cardoso,(54) 94466-8000,convênio,MED06,2026-03-17 14:48,2026-04-28 11:00,realizada
AG03589,PAC0406,Leandro Soares Miranda,(51) 90785-2201,convenio,MED02,2026-03-17 15:41,2026-04-02 14:30,REALIZADA
AG03590,PAC0459,Ana Silva Tomasi,53940011866,particular,MED01,2026-03-17 16:31,2026-03-18 10:30,Realizada
AG03591,PAC0231,André Queiroz Lorenzi,+55 51 915555682,convenio,MED05,2026-03-17 16:33,2026-03-26 15:00,desmarcou
AG03592,PAC0147,Ricardo Carvalho Teixeira,(53) 92099-0039,particular,MED04,2026-03-17 16:41,20/03/2026 11:30,realizada
AG03593,PAC0730,Carla Oliveira Andrade,0000000000,particular,MED04,17/03/2026 17:12,2026-03-26 10:00,realizada
AG03594,PAC0219,Otávio Miranda Pinto,(54) 96002-1930,convenio,MED05,2026-03-17 17:33,2026-04-14 16:30,realizada
AG03595,PAC0778,Murilo Gonçalves Castro,53949232442,convenio,MED04,2026-03-17 17:33,2026-04-20 08:30,cancelado pelo paciente
AG03596,PAC0339,Fábio Siqueira Müller,(51) 98536-0434,particular,MED02,2026-03-17 17:33,2026-04-23 16:00,atendido
AG03597,PAC0693,Luiza Prado Oliveira,(53) 91258-0313,particular,MED02,17/03/2026 17:41,2026-03-26 17:00,falta
AG03598,PAC0832,Gisele Rocha Moura,+55 51 992381062,convenio,MED04,18/03/2026 08:00,2026-04-15 09:00,atendido
AG03599,PAC0031,Fernando Becker Aguiar,51942355515,particular,MED01,2026-03-18 08:05,2026-03-18 09:30,realizada
AG03600,PAC0073,Márcio Mendes Bertoldi,(51) 94287-3467,Convênio,MED03,2026-03-18 08:12,2026-03-23 16:30,realizada
AG03601,PAC0441,Aline Ribeiro Lopes,97024,convênio,MED04,2026-03-18 08:33,2026-03-23 10:30,falta
AG03602,PAC0045,Henrique Macedo Rodrigues,(51) 98619-6258,particular,MED01,2026-03-18 08:55,2026-04-27 11:00,cancelado
AG03603,PAC0597,Júlia Santos Mendes,(51) 97989-3010,particular,MED06,2026-03-18 09:20,2026-03-19 09:00,REALIZADA
AG03604,PAC0814,Helena Nunes Müller,(53) 97624-9150,convenio,MED04,18/03/2026 10:20,10/04/2026 10:00,falta
AG03605,PAC0730,Carla Oliveira Andrade,0000000000,particular,MED04,2026-03-18 10:31,2026-03-18 11:30,realizada
AG03606,PAC0165,Jéssica Rodrigues Tavares,(53) 97357-6178,convenio,MED03,2026-03-18 10:48,2026-03-20 11:30,ausente
AG03607,PAC0704,Luiza Batista Rezende,+55 53 971768613,convenio,MED01,2026-03-18 10:55,2026-03-25 07:00,realizada
AG03608,PAC0104,Natália Hoffmann Dias,92916,convenio,MED05,18/03/2026 12:00,2026-04-01 17:00,realizada
AG03609,PAC0471,Emerson Viana Lorenzi,(54) 98537-3289,convenio,MED02,2026-03-18 12:12,2026-03-31 09:00,faltou
AG03610,PAC0537,Carolina Tomasi Guimarães,54989309087,convenio,MED04,2026-03-18 12:12,2026-03-31 10:30,realizada
AG03611,PAC0136,Paulo Marques Duarte,+55 51 970089778,convenio,MED01,2026-03-18 12:41,2026-03-20 13:30,Realizada
AG03612,PAC0762,Isabela Souza Carvalho,(53) 97705-4766,particular,MED01,2026-03-18 12:55,2026-03-25 10:30,FALTA
AG03613,PAC0480,Gisele Rezende Guimarães,(51) 99787-2497,particular,MED05,2026-03-18 13:12,2026-04-27 16:30,realizada
AG03614,PAC0405,Roberto Viana Silva,539244,particular,MED01,2026-03-18 13:41,2026-04-08 09:30,realizada
AG03615,PAC0740,Mateus Zanella Campos,(51) 95562-3210,convenio,MED05,2026-03-18 14:20,2026-03-19 14:00,Realizada
AG03616,PAC0778,Murilo Gonçalves Castro,53949232442,Convênio,MED04,2026-03-18 14:20,30/03/2026 11:00,realizada
AG03617,PAC0064,Daniel Coelho Freitas,(53) 98705-6910,convenio,MED05,2026-03-18 14:41,2026-03-26 14:30,realizada
AG03618,PAC0692,Adriana Gonçalves Bertoldi,(51) 94095-9681,convenio,MED03,2026-03-18 14:55,2026-03-27 08:30,REALIZADA
AG03619,PAC0784,Alexandre Becker Nunes,(51) 95607-8833,convenio,MED01,2026-03-18 14:55,2026-04-01 07:00,cancelado
AG03620,PAC0364,Aline Duarte Menezes,53945494295,convenio,MED03,2026-03-18 15:48,2026-03-27 11:30,realizada
AG03621,PAC0704,Luiza Batista Rezende,+55 53 971768613,convenio,MED02,2026-03-18 16:33,2026-03-19 15:00,realizada
AG03622,PAC0025,César Martins Brandão,51989062672,convenio,MED06,2026-03-18 17:00,2026-03-26 11:00,realizada
AG03623,PAC0683,José Farias Sales,53985416916,convenio,MED04,2026-03-18 17:05,2026-03-31 10:00,falta
AG03624,PAC0239,Juliana Araújo Borges,+55 51 972838019,convenio,MED02,2026-03-18 17:55,19/03/2026 08:30,REALIZADA
AG03625,PAC0843,Priscila Guimarães Castro,+55 51 935962772,Convênio,MED03,2026-03-18 17:55,2026-04-20 14:30,atendido
AG03626,PAC0137,Bianca Santos Campos,51904467571,particular,MED02,2026-03-19 08:00,2026-04-16 10:30,FALTA
AG03627,PAC0703,Leonardo Prado Menezes,+55 54 973000486,convenio,MED01,2026-03-19 08:05,23/03/2026 09:30,REALIZADA
AG03628,PAC0599,Pedro Carvalho Siqueira,53953846874,particular,MED02,2026-03-19 08:20,2026-03-24 10:30,realizada
AG03629,PAC0316,Eduardo Miranda Borges,+55 53 918951546,Convênio,MED04,2026-03-19 08:33,2026-03-25 11:30,FALTA
AG03630,PAC0736,Rafael Coelho Rezende,(51) 98596-4939,convenio,MED02,2026-03-19 08:43,2026-03-19 09:30,REALIZADA
AG03631,PAC0645,Adriana Nunes Oliveira,54931928417,convenio,MED05,19/03/2026 08:48,2026-03-24 14:30,atendido
AG03632,PAC0759,André Kuhn Almeida,(54) 91302-3103,convenio,MED06,2026-03-19 09:12,2026-03-24 11:30,realizada
AG03633,PAC0325,Wagner Lopes Barbosa,(51) 99648-0281,convenio,MED05,2026-03-19 09:33,2026-03-24 17:00,no_show
AG03634,PAC0502,Luciana Coelho Ribeiro,,particular,MED04,2026-03-19 10:20,2026-04-01 10:00,faltou
AG03635,PAC0758,Wagner Barbosa Cavalcanti,(51) 98617-3685,CONVENIO,MED05,2026-03-19 10:33,2026-03-24 15:00,realizada
AG03636,PAC0388,Patrícia Souza Monteiro,51904129620,convenio,MED03,2026-03-19 10:33,2026-04-22 17:00,cancelado clinica
AG03637,PAC0611,Daniel Kuhn Borges,51907488787,convenio,MED04,2026-03-19 11:05,2026-04-22 10:30,atendido
AG03638,PAC0581,Sérgio Vieira Tomasi,51936556966,particular,MED04,2026-03-19 11:12,2026-04-01 08:00,falta
AG03639,PAC0110,Carolina Viana Ribeiro,(51) 94788-7655,particular,MED02,2026-03-19 11:33,2026-04-09 15:30,faltou
AG03640,PAC0262,Otávio Weber Bertoldi,(54) 94440-1595,Convênio,MED02,19/03/2026 11:41,2026-03-24 16:00,realizada
AG03641,PAC0510,Daniel Correia Bittencourt,(51) 96305-6340,convenio,MED04,2026-03-19 11:41,2026-04-22 09:00,falta
AG03642,PAC0875,Diego Araújo Gonçalves,+55 54 906856577,particular,MED04,2026-03-19 12:05,27/04/2026 11:30,ausente
AG03643,PAC0312,Fernando Ferreira Mendes,54984242044,convenio,MED01,19/03/2026 12:33,2026-03-30 11:30,falta
AG03644,PAC0756,Paulo Araújo Carvalho,54940282625,convenio,MED04,19/03/2026 12:41,2026-03-24 08:00,realizada
AG03645,PAC0777,Leonardo Coelho Weber,51964021307,Particular,MED04,2026-03-19 12:41,2026-04-20 11:30,faltou
AG03646,PAC0831,Thiago Aguiar Mendes,+55 51 935297094,convenio,MED04,2026-03-19 13:33,2026-04-15 08:00,faltou
AG03647,PAC0395,Vanessa Reis Cardoso,(51) 99436-1346,particular,MED02,2026-03-19 13:41,2026-04-07 15:30,atendido
AG03648,PAC0478,Fernando Silva Barbosa,(51) 92004-8063,convenio,MED03,2026-03-19 15:20,2026-04-17 11:00,realizada
AG03649,PAC0708,Priscila Santana Guimarães,(51) 92210-3590,PARTICULAR,MED01,19/03/2026 15:55,2026-03-20 17:00,realizada
AG03650,PAC0094,Fernando Nascimento Viana,51999977924,convenio,MED02,2026-03-19 15:55,2026-04-02 16:30,REALIZADA
AG03651,PAC0591,Bianca Miranda Lima,(51) 99192-5156,particular,MED01,19/03/2026 16:33,2026-04-29 10:00,realizada
AG03652,PAC0765,Juliana Bezerra Correia,51905239352,convenio,MED03,2026-03-19 16:55,2026-04-08 16:30,realizada
AG03653,PAC0765,Juliana Bezerra Correia,51905239352,convenio,MED05,2026-03-19 17:33,2026-03-25 14:00,realizada
AG03654,PAC0467,Emerson  Kuhn Fernandes,(51) 94698-7789,convenio,MED04,2026-03-19 17:48,2026-03-20 09:00,realizada
AG03655,PAC0094,Fernando Nascimento Viana,51999977924,convenio,MED04,2026-03-20 08:00,27/03/2026 08:00,realizada
AG03656,PAC0746,Jéssica Campos Cavalcanti,53922968230,Convênio,MED03,20/03/2026 08:12,2026-03-23 14:00,falta
AG03657,PAC0440,Aline Lorenzi Ramos,(51) 91588-2256,convenio,MED03,2026-03-20 08:26,2026-03-20 09:00,realizada
AG03658,PAC0313,Débora Costa Sales,(53) 97622-9367,Convênio,MED03,2026-03-20 10:11,2026-03-23 15:00,realizada
AG03659,PAC0316,Eduardo Miranda Borges,+55 53 918951546,convenio,MED04,2026-03-20 11:55,2026-03-23 11:00,agendada
AG03660,PAC0397,Lorena Hoffmann Cardoso,(51) 94432-8919,convenio,MED01,2026-03-20 12:55,23/03/2026 08:30,faltou
AG03661,PAC0261,Cristina Andrade Alves,(51) 92619-7484,convenio,MED02,2026-03-20 12:55,26/03/2026 16:00,realizada
AG03662,PAC0131,Daniel Dias Barbosa,51972616925,CONVENIO,MED02,2026-03-20 13:05,2026-04-07 10:30,realizada
AG03663,PAC0665,Henrique Queiroz Weber,(54) 96726-4064,particular,MED04,2026-03-20 13:20,2026-03-23 08:00,FALTA
AG03664,PAC0751,Carla Schmidt Carvalho,(51) 94677-3002,convênio,MED05,2026-03-20 13:33,23/03/2026 14:30,realizada
AG03665,PAC0767,Pedro Coelho Kuhn,(54) 91046-0925,particular,MED06,2026-03-20 13:48,2026-03-25 16:30,realizada
AG03666,PAC0876,Diego Lopes Araújo,(51) 93793-7215,particular,MED01,2026-03-20 14:12,2026-05-04 09:30,faltou
AG03667,PAC0781,Daniel Nascimento Bezerra,+55 51 967109593,convenio,MED02,2026-03-20 14:20,2026-03-31 17:00,FALTA
AG03668,PAC0428,Murilo Aguiar Araújo,(54) 98037-9214,particular,MED04,2026-03-20 14:20,2026-04-06 09:00,falta
AG03669,PAC0742,Henrique Correia Rocha,(51) 94322-8386,particular,MED01,2026-03-20 14:35,2026-03-20 16:30,REALIZADA
AG03670,PAC0752,José Rocha Teixeira,(51) 97432-7801,convenio,MED05,2026-03-20 14:48,23/03/2026 17:00,realizada
AG03671,PAC0194,Gabriel Miranda Weber,+55 51 956700171,CONVENIO,MED04,2026-03-20 15:00,2026-03-27 10:30,realizada
AG03672,PAC0009,Isabela Souza Aguiar,53909669091,particular,MED01,2026-03-20 15:33,2026-04-10 17:00,falta
AG03673,PAC0034,Adriana Peixoto Rezende,51990650617,convenio,MED04,2026-03-20 15:48,2026-03-26 11:30,FALTA
AG03674,PAC0439,Murilo Freitas Rezende,(53) 97951-1835,PARTICULAR,MED05,2026-03-20 15:48,2026-04-02 14:30,realizada
AG03675,PAC0113,Fernando Ferreira Rezende,(51) 95512-6270,particular,MED04,20/03/2026 16:00,2026-03-23 09:00,atendido
AG03676,PAC0283,Tatiane Santana Rezende,(51) 93913-5212,convenio,MED04,2026-03-20 16:00,02/04/2026 08:30,faltou
AG03677,PAC0583,Elaine Schmidt Mendes,54972519643,convenio,MED04,2026-03-20 16:20,2026-03-24 11:30,faltou
AG03678,PAC0147,Ricardo  Carvalho Teixeira,(53) 92099-0039,particular,MED02,2026-03-20 17:12,02/04/2026 09:30,falta
AG03679,PAC0216,Tânia Freitas Mendes,(54) 96623-4537,Convênio,MED05,2026-03-20 17:55,2026-03-23 16:30,faltou
AG03680,PAC0750,Henrique Farias Müller,(53) 93960-4768,convenio,MED04,2026-03-23 08:48,2026-03-23 10:00,atendido
AG03681,PAC0757,Fábio Batista Bittencourt,(54) 92603-1526,convenio,MED04,2026-03-23 08:59,2026-03-24 11:30,realizada
AG03682,PAC0048,Beatriz Queiroz Soares,(51) 98970-4340,particular,MED03,2026-03-23 10:00,2026-03-23 17:00,realizada
AG03683,PAC0336,Júlia Fonseca Fonseca,(51) 97911-4356,particular,MED06,2026-03-23 10:00,2026-04-07 09:30,realizada
AG03684,PAC0123,Cláudia Bittencourt Pinto,(53) 96497-9758,particular,MED03,2026-03-23 10:20,2026-03-25 17:30,cancelado pelo paciente
AG03685,PAC0421,Otávio Bezerra Ramos,(51) 97370-4969,convenio,MED06,2026-03-23 10:41,2026-04-07 08:30,falta
AG03686,PAC0254,Juliana Monteiro Dias,+55 53 932153346,particular,MED02,2026-03-23 11:33,31/03/2026 11:00,realizada
AG03687,PAC0836,Tânia Sales Batista,53909908454,convenio,MED05,23/03/2026 11:33,2026-04-16 17:30,no_show
AG03688,PAC0339,Fábio Siqueira Müller,(51) 98536-0434,particular,MED05,2026-03-23 11:48,2026-04-23 16:30,realizada
AG03689,PAC0920,Tânia Lopes Cavalcanti,(53) 98669-8942,convenio,MED04,2026-03-23 12:00,07/05/2026 09:00,atendido
AG03690,PAC0148,Isabela Tavares Costa,53985280547,convenio,MED04,2026-03-23 12:41,2026-03-27 10:00,realizada
AG03691,PAC0419,Leandro Souza Marques,(51) 92308-4663,particular,MED06,23/03/2026 12:41,08/04/2026 14:30,falta
AG03692,PAC0916,Wagner Castro Viana,54929743803,PARTICULAR,MED04,2026-03-23 13:05,2026-05-06 11:00,FALTA
AG03693,PAC0864,Priscila Marques Sales,53959356888,convenio,MED01,2026-03-23 13:20,24/04/2026 17:00,cancelada_paciente
AG03694,PAC0502,Luciana Coelho Ribeiro,,particular,MED01,2026-03-23 13:55,2026-03-27 13:00,realizada
AG03695,PAC0739,Leandro Gonçalves Borges,(54) 92827-6424,convenio,MED05,2026-03-23 14:05,2026-03-31 17:30,realizada
AG03696,PAC0384,Otávio Duarte Bezerra,(53) 92118-3929,convênio,MED05,2026-03-23 14:20,2026-03-25 17:30,realizada
AG03697,PAC0419,Leandro Souza Marques,(51) 92308-4663,particular,MED04,2026-03-23 15:20,2026-04-06 11:00,realizada
AG03698,PAC0530,Cristina Duarte Freitas,(51) 93075-7451,particular,MED03,2026-03-23 16:00,2026-03-23 17:30,atendido
AG03699,PAC0262,Otávio Weber Bertoldi,(54) 94440-1595,convenio,MED04,2026-03-23 17:05,27/03/2026 09:30,FALTA
AG03700,PAC0633,Lorena Lima Peixoto,51976626522,particular,MED04,2026-03-23 17:48,25/03/2026 10:30,realizada
AG03701,PAC0085,Emerson Reis Macedo,51972488125,convenio,MED04,2026-03-24 08:06,24/03/2026 09:30,realizada
AG03702,PAC0662,Isabela Lopes Pires,(54) 98680-3365,convenio,MED04,2026-03-24 08:20,2026-03-24 09:00,realizada
AG03703,PAC0745,Fernando Prado Barbosa,54932016554,particular,MED06,2026-03-24 09:40,24/03/2026 10:30,Realizada
AG03704,PAC0793,Cláudia Santana Martins,+55 54 958007977,convenio,MED06,2026-03-24 09:41,2026-04-01 17:30,realizada
AG03705,PAC0305,Leandro Freitas Ferreira,(51) 93387-6106,Particular,MED01,2026-03-24 10:00,2026-03-25 11:00,realizada
AG03706,PAC0468,Raquel Andrade Lorenzi,(54) 93421-5564,particular,MED04,2026-03-24 10:05,25/03/2026 08:30,realizada
AG03707,PAC0484,Samuel Nascimento Carvalho,+55 51 963034175,convenio,MED04,24/03/2026 10:12,2026-03-26 09:30,no_show
AG03708,PAC0355,José Reis Brandão,+55 51 933752841,convenio,MED05,2026-03-24 10:41,26/03/2026 15:30,REALIZADA
AG03709,PAC0533,Raquel Bertoldi Rezende,+55 54 975416915,convenio,MED05,2026-03-24 10:41,07/04/2026 15:30,falta
AG03710,PAC0340,Mariana Prado Reis,54925671321,convênio,MED02,2026-03-24 10:48,2026-05-05 09:30,realizada
AG03711,PAC0817,Fábio Brandão Macedo,+55 54 974485259,convenio,MED01,2026-03-24 11:00,2026-04-13 09:30,faltou
AG03712,PAC0337,Larissa Rocha Barbosa,+55 51 987644555,convenio,MED05,24/03/2026 11:41,25/03/2026 15:00,realizada
AG03713,PAC0213,Tatiane Farias Pinto,54914807463,convenio,MED06,2026-03-24 13:00,2026-04-02 09:00,realizada
AG03714,PAC0357,Fernando Hoffmann Tomasi,54982332956,convenio,MED06,24/03/2026 13:12,2026-04-02 11:30,REALIZADA
AG03715,PAC0587,Gisele Mendes Reis,(51) 99447-6647,convenio,MED04,2026-03-24 14:05,2026-05-05 08:00,falta
AG03716,PAC0694,Carolina Costa Macedo,(51) 98057-6942,convenio,MED05,2026-03-24 15:12,2026-04-07 16:00,realizada
AG03717,PAC0247,Lucas Batista Santos,(53) 91830-5408,convenio,MED03,2026-03-24 15:41,2026-03-30 15:30,falta
AG03718,PAC0472,Emerson Soares Viana,(53) 92510-4725,convênio,MED01,2026-03-24 15:48,06/04/2026 09:30,cancelada_clinica
AG03719,PAC0566,Rafael Correia Andrade,51930539995,convenio,MED03,2026-03-24 16:05,2026-03-25 17:00,realizada
AG03720,PAC0075,Luiza Costa Souza,51940709045,particular,MED06,2026-03-24 17:00,2026-04-30 11:30,FALTA
AG03721,PAC0239,Juliana Araújo Borges,+55 51 972838019,convenio,MED04,2026-03-24 17:12,2026-04-10 08:00,realizada
AG03722,PAC0217,Gustavo Carvalho Bertoldi,51936994625,convenio,MED01,2026-03-24 17:20,2026-03-30 11:00,realizada
AG03723,PAC0308,Tatiane Alves Brandão,(51) 93232-6883,particular,MED06,25/03/2026 08:00,2026-05-12 08:30,falta
AG01744,PAC0168,Cristina Farias Müller,51992073539,CONVENIO,MED03,2025-12-10 10:41,2025-12-12 10:30,falta
AG03724,PAC0737,Bruno Rodrigues Lorenzi,(51) 98507-3372,convenio,MED01,2026-03-25 08:12,2026-03-27 15:00,realizada
AG03725,PAC0678,Thiago Silva Castro,53927535023,convenio,MED04,2026-03-25 08:12,28/04/2026 09:30,cancelado clinica
AG03726,PAC0109,Jéssica Rodrigues Teixeira,+55 51 918108952,convenio,MED01,2026-03-25 08:33,2026-03-30 07:30,cancelada_clinica
AG03727,PAC0734,Letícia Andrade Costa,(51) 97244-3696,convenio,MED03,25/03/2026 08:33,2026-04-08 15:30,cancelado pelo paciente
AG03728,PAC0764,Júlia Souza Alves,+55 51 920815493,CONVENIO,MED04,2026-03-25 08:36,2026-03-25 11:30,falta
AG03729,PAC0606,Elaine Guimarães Ribeiro,(51) 97486-6043,Convênio,MED02,2026-03-25 09:05,2026-03-26 08:00,realizada
AG03730,PAC0582,Wagner Gomes Sales,(51) 94845-7403,particular,MED01,2026-03-25 09:20,2026-04-29 11:00,falta
AG03731,PAC0835,Pedro Tomasi Pires,51974066455,convenio,MED02,2026-03-25 10:33,2026-04-16 10:00,falta
AG03732,PAC0786,Mariana Mendes Rocha,51900368509,particular,MED04,25/03/2026 10:41,2026-04-13 11:00,realizada
AG03733,PAC0060,Adriana Pereira Bittencourt,(51) 92521-5053,convenio,MED04,2026-03-25 10:48,2026-04-10 09:00,cancelada_paciente
AG03734,PAC0889,Bianca Siqueira Tavares,+55 53 932133759,convenio,MED04,2026-03-25 11:12,2026-04-29 08:30,realizada
AG03735,PAC0405,Roberto Viana Silva,539244,particular,MED02,2026-03-25 11:20,2026-04-02 15:30,falta
AG00402,PAC0027,Viviane Vieira Ramos,(53) 91096-7130,convenio,MED05,2025-10-01 10:55,07/10/2025 17:30,realizada
AG03736,PAC0868,Carla Viana Peixoto,(53) 96652-2361,convenio,MED03,2026-03-25 12:00,2026-04-24 10:30,realizada
AG03737,PAC0190,Sérgio Ribeiro Xavier,+55 54 920720983,convenio,MED04,2026-03-25 12:20,2026-04-28 08:00,realizada
AG03738,PAC0272,Samuel Carvalho Moreira,(51) 91992-5592,convenio,MED06,2026-03-25 13:05,2026-03-25 17:00,atendido
AG03739,PAC0309,Felipe Carvalho Becker,(53) 90135-6843,convenio,MED03,2026-03-25 14:12,2026-04-15 15:30,realizada
AG03740,PAC0408,Sabrina Pinto Duarte,53938022316,Particular,MED04,2026-03-25 14:12,2026-04-20 09:00,realizada
AG03741,PAC0775,Fernando Lopes Monteiro,(53) 92478-5015,particular,MED04,2026-03-25 14:20,2026-03-27 09:00,realizada
AG03742,PAC0423,Marcos Becker Sales,(51) 98022-5886,convenio,MED04,2026-03-25 14:55,2026-05-07 11:30,falta
AG03743,PAC0638,Viviane Schmidt Almeida,(51) 97979-2915,particular,MED03,2026-03-25 15:33,2026-05-04 16:00,realizada
AG03744,PAC0555,Wagner Moura Nunes,sem telefone,Particular,MED01,2026-03-25 15:55,2026-04-10 13:30,falta
AG03745,PAC0342,Fabiana Pires Müller,51914068310,convenio,MED04,2026-03-25 16:00,2026-05-05 11:30,falta
AG03746,PAC0045,Henrique Macedo Rodrigues,(51) 98619-6258,particular,MED02,2026-03-25 16:33,09/04/2026 14:30,realizada
AG03747,PAC0714,Gabriel Rezende Nascimento,(54) 94727-1455,convenio,MED05,2026-03-25 17:27,2026-03-26 15:00,realizada
AG03748,PAC0585,Luciana Weber Weber,51989625516,convenio,MED03,25/03/2026 17:33,2026-04-01 15:30,Realizada
AG03749,PAC0657,Marcos Souza Mendes,(51) 91007-5732,particular,MED06,2026-03-26 08:33,09/04/2026 09:30,realizada
AG03750,PAC0684,ROBERTO WEBER VIANA,(51) 92596-8706,convenio,MED06,2026-03-26 09:05,2026-04-09 08:00,realizada
AG03751,PAC0768,Murilo Viana Martins,51991122654,convenio,MED02,2026-03-26 09:11,2026-03-26 10:00,realizada
AG03752,PAC0792,Diego Viana Almeida,(54) 96936-2655,Particular,MED06,2026-03-26 09:33,01/04/2026 17:00,Realizada
AG03753,PAC0042,Henrique Santos Miranda,53953980453,CONVENIO,MED02,2026-03-26 09:45,2026-03-26 11:30,REALIZADA
AG03754,PAC0816,Roberto Ribeiro Lopes,(51) 98973-0028,convenio,MED01,2026-03-26 09:48,2026-04-13 09:00,realizada
AG03755,PAC0762,Isabela Souza Carvalho,(53) 97705-4766,particular,MED01,2026-03-26 09:55,2026-03-30 09:00,falta
AG03756,PAC0236,Vanessa Gomes Machado,53973730780,particular,MED04,2026-03-26 11:12,2026-04-24 09:00,realizada
AG03757,PAC0625,Isabela Souza Müller,51966769278,Convênio,MED02,26/03/2026 11:41,2026-05-07 08:30,Realizada
AG03758,PAC0514,Vitor Guimarães Batista,(51) 99452-0879,convenio,MED06,2026-03-26 11:55,2026-04-14 09:00,falta
AG03759,PAC0755,Tatiane Bertoldi Cavalcanti,+55 51 927321479,particular,MED04,2026-03-26 12:05,2026-03-31 09:00,realizada
AG03760,PAC0604,Otávio Tomasi Siqueira,(51) 99747-1063,particular,MED01,2026-03-26 12:05,2026-04-06 07:00,realizada
AG03761,PAC0858,Tatiane Correia Aguiar,(51) 95961-1407,particular,MED06,2026-03-26 12:12,2026-04-23 08:00,no_show
AG03762,PAC0213,Tatiane Farias Pinto,54914807463,convenio,MED04,2026-03-26 13:05,2026-03-30 10:00,realizada
AG03763,PAC0735,Marcos Miranda Gonçalves,(51) 98536-3265,particular,MED03,2026-03-26 13:12,2026-04-22 15:00,falta
AG03764,PAC0399,Camila Barbosa Araújo,(53) 95991-4437,convenio,MED04,2026-03-26 14:12,2026-04-02 10:30,realizada
AG03765,PAC0736,Rafael Coelho Rezende,(51) 98596-4939,convenio,MED05,2026-03-26 15:05,2026-04-27 15:30,FALTA
AG03766,PAC0228,Felipe Bertoldi Ramos,(51) 90044-8991,particular,MED03,2026-03-26 15:41,2026-04-24 09:30,no_show
AG03767,PAC0626,Pedro Schmidt Guimarães,(51) 96772-5810,Particular,MED04,2026-03-26 17:05,2026-03-30 11:30,realizada
AG03768,PAC0513,Caio Bertoldi Bertoldi,(51) 94281-3339,Convênio,MED05,2026-03-26 17:12,2026-03-31 15:00,realizada
AG03769,PAC0562,Mateus Costa Moura,(54) 92260-0600,convenio,MED04,2026-03-26 17:20,2026-03-30 09:00,realizada
AG03770,PAC0577,Carolina Machado Lopes,(53) 98397-1869,convenio,MED06,2026-03-26 17:20,2026-04-02 10:00,realizada
AG03771,PAC0150,Otávio Aguiar Fernandes,+55 54 909410298,CONVENIO,MED04,2026-03-27 08:20,2026-04-15 11:30,falta
AG03772,PAC0316,Eduardo Miranda Borges,+55 53 918951546,convenio,MED04,2026-03-27 08:33,2026-03-31 08:30,cancelada_paciente
AG03773,PAC0298,Diego Pires Mendes,519374,particular,MED01,2026-03-27 08:41,2026-03-27 17:00,realizada
AG03774,PAC0352,Letícia Ribeiro Oliveira,+55 51 985574996,convênio,MED01,2026-03-27 09:00,04/05/2026 08:00,FALTA
AG03775,PAC0286,Murilo Borges Siqueira,(51) 97367-8015,particular,MED01,2026-03-27 09:04,2026-03-27 13:30,realizada
AG03776,PAC0776,Simone Farias Kuhn,51959398267,particular,MED01,2026-03-27 09:20,2026-03-30 07:00,cancelado clinica
AG03777,PAC0603,Otávio Batista Rezende,(54) 92942-6162,convenio,MED04,2026-03-27 09:20,2026-04-22 08:30,realizada
AG03778,PAC0044,Tatiane Dias Correia,(53) 92104-5395,CONVENIO,MED01,2026-03-27 09:48,17/04/2026 13:30,realizada
AG03779,PAC0394,Igor Pires Peixoto,(51) 92330-8187,convenio,MED04,2026-03-27 10:33,2026-04-10 10:30,realizada
AG03780,PAC0779,Letícia Coelho Monteiro,51961970860,particular,MED05,2026-03-27 10:41,2026-03-30 14:30,realizada
AG03781,PAC0303,Juliana Martins Correia,(51) 91975-3342,convenio,MED05,27/03/2026 10:41,08/04/2026 14:00,realizada
AG03782,PAC0557,Leandro Santos Gonçalves,51948049597,convenio,MED04,2026-03-27 12:20,2026-04-07 10:00,falta
AG03783,PAC0255,Tânia Rodrigues Araújo,(51) 92877-8385,convenio,MED06,2026-03-27 13:00,2026-04-28 10:30,Realizada
AG03784,PAC0135,Viviane Souza Prado,,convênio,MED06,2026-03-27 13:20,2026-04-22 15:00,falta
AG03785,PAC0631,Wagner Lorenzi Schmidt,(51) 93699-5814,convenio,MED02,2026-03-27 14:00,2026-04-09 09:30,realizada
AG03786,PAC0647,Mariana Silva Reis,(54) 99910-2953,convenio,MED04,2026-03-27 14:12,2026-04-06 10:30,realizada
AG03787,PAC0473,Arthur Castro Castro,(53) 99542-8480,convenio,MED04,27/03/2026 14:20,2026-04-14 08:00,falta
AG03788,PAC0073,Márcio Mendes Bertoldi,(51) 94287-3467,convenio,MED01,27/03/2026 15:20,2026-03-27 16:00,realizada
AG03789,PAC0238,Luiza Nunes Araújo,51926613277,convenio,MED04,2026-03-27 15:20,2026-04-02 11:30,realizada
AG03790,PAC0312,Fernando Ferreira Mendes,54984242044,convenio,MED03,2026-03-27 15:41,2026-03-30 17:00,realizada
AG05691,PAC0994,Lorena Queiroz Macedo,(53) 98647-9382,Convênio,MED02,2026-07-07 15:00,13/08/2026 17:00,falta
AG03791,PAC0142,José Ferreira Nunes,+55 53 936084144,Convênio,MED04,2026-03-27 15:55,17/04/2026 09:30,realizada
AG03792,PAC0359,Carla Lopes Silva,(51) 96502-5559,convenio,MED05,2026-03-27 16:05,2026-05-05 15:00,realizada
AG03793,PAC0545,Fernando Martins Coelho,(53) 95042-0565,particular,MED05,2026-03-27 17:00,2026-04-28 14:30,realizada
AG03794,PAC0181,Renata Fernandes Mendes,(53) 97434-1317,particular,MED01,2026-03-27 17:48,2026-04-01 08:30,realizada
AG03795,PAC0787,Ana Santana Araújo,51964575548,Convênio,MED03,2026-03-30 08:00,2026-04-01 13:00,realizada
AG03796,PAC0341,Eduardo Carvalho Barbosa,51946507232,CONVENIO,MED04,2026-03-30 08:12,2026-04-08 10:00,realizada
AG03797,PAC0782,Gisele Bertoldi Andrade,(51) 94570-5447,convênio,MED04,2026-03-30 08:31,2026-03-31 08:30,realizada
AG03798,PAC0466,Thiago Pires Weber,51904279785,particular,MED01,2026-03-30 08:41,2026-04-08 11:00,realizada
AG03799,PAC0376,Vitor Rodrigues Silva,(51) 92379-5044,convenio,MED04,2026-03-30 09:00,2026-04-13 08:00,realizada
AG03800,PAC0498,Henrique Rocha Pereira,54912251398,CONVENIO,MED04,2026-03-30 09:12,2026-05-07 11:00,realizada
AG03801,PAC0429,Mateus Brandão Viana,(54) 99490-0034,convenio,MED04,2026-03-30 09:20,31/03/2026 08:00,Realizada
AG03802,PAC0946,Felipe Pires Machado,51924293340,convenio,MED06,2026-03-30 09:41,2026-05-14 10:00,faltou
AG03803,PAC0785,Aline Campos Kuhn,(51) 97779-0670,convenio,MED01,30/03/2026 09:55,2026-04-01 09:30,realizada
AG03804,PAC0237,Sérgio Carvalho Reis,(53) 91921-6641,particular,MED05,2026-03-30 10:20,2026-03-31 17:00,realizada
AG03805,PAC0807,Mariana Hoffmann Guimarães,(51) 90671-8302,convenio,MED02,2026-03-30 10:41,2026-04-09 09:00,realizada
AG03806,PAC0306,Leonardo Rocha Correia,+55 54 938743621,convenio,MED01,2026-03-30 10:55,2026-04-15 10:00,REALIZADA
AG03807,PAC0099,Arthur Zanella Borges,(51) 94316-0876,convenio,MED03,2026-03-30 11:12,10/04/2026 09:00,realizada
AG03808,PAC0777,Leonardo Coelho Weber,51964021307,particular,MED03,2026-03-30 11:52,2026-03-30 13:00,realizada
AG03809,PAC0703,Leonardo Prado Menezes,+55 54 973000486,convenio,MED03,2026-03-30 12:20,2026-03-30 13:30,FALTA
AG03810,PAC0073,Márcio Mendes Bertoldi,(51) 94287-3467,convenio,MED05,2026-03-30 12:20,2026-03-30 16:00,REALIZADA
AG03811,PAC0592,Isabela Ramos Ribeiro,(51) 93995-0677,convenio,MED04,2026-03-30 12:55,01/04/2026 09:00,realizada
AG03812,PAC0125,Roberto Zanella Viana,(53) 99681-4060,particular,MED03,2026-03-30 13:00,2026-04-29 14:30,realizada
AG03813,PAC0084,Sérgio Nunes Mendes,+55 51 974719531,convenio,MED03,2026-03-30 13:20,2026-04-08 17:30,falta
AG03814,PAC0925,Luiza Guimarães Rocha,+55 51 918606456,CONVENIO,MED01,2026-03-30 13:20,2026-05-08 17:30,agendada
AG03815,PAC0574,Isabela Fernandes Lima,(51) 99102-8128,particular,MED05,2026-03-30 13:41,2026-04-02 17:00,FALTA
AG03816,PAC0168,Cristina Farias Müller,51992073539,convenio,MED03,2026-03-30 13:41,2026-05-13 13:30,ausente
AG03817,PAC0751,Carla Schmidt Carvalho,(51) 94677-3002,Convênio,MED01,2026-03-30 13:55,2026-04-01 11:00,realizada
AG03818,PAC0521,Carolina Queiroz Ferreira,+55 51 936108645,CONVENIO,MED06,2026-03-30 13:55,2026-04-29 16:30,realizada
AG03819,PAC0911,Leandro Martins Macedo,51970013710,convenio,MED01,2026-03-30 14:00,2026-05-06 10:30,faltou
AG03820,PAC0325,Wagner Lopes Barbosa,(51) 99648-0281,CONVENIO,MED04,2026-03-30 14:12,2026-04-07 10:30,realizada
AG03821,PAC0533,Raquel Bertoldi Rezende,+55 54 975416915,convenio,MED01,2026-03-30 14:33,2026-04-01 09:00,realizada
AG03822,PAC0607,Henrique Fonseca Kuhn,519880,convenio,MED03,2026-03-30 15:20,2026-04-01 14:30,realizada
AG03823,PAC0459,Ana Silva Tomasi,53940011866,particular,MED03,30/03/2026 15:48,2026-04-06 15:30,realizada
AG03824,PAC0352,Letícia Ribeiro Oliveira,+55 51 985574996,CONVENIO,MED03,2026-03-30 16:33,2026-04-06 13:30,realizada
AG03825,PAC0221,Ricardo Teixeira Xavier,(51) 93465-8074,convênio,MED05,2026-03-30 17:12,2026-04-22 14:00,realizada
AG03826,PAC0113,Fernando Ferreira Rezende,(51) 95512-6270,particular,MED04,30/03/2026 17:33,2026-05-13 09:30,realizada
AG03827,PAC0806,Gabriel Moura Bezerra,54906671127,convenio,MED06,2026-03-30 17:55,2026-04-08 15:30,FALTA
AG03828,PAC0956,Simone Pires Brandão,(51) 94610-1507,particular,MED04,2026-03-31 08:20,14/05/2026 11:00,falta
AG03829,PAC0359,Carla Lopes Silva,(51) 96502-5559,Convênio,MED02,2026-03-31 08:24,2026-03-31 10:30,Realizada
AG03830,PAC0762,Isabela Souza Carvalho,(53) 97705-4766,Particular,MED06,2026-03-31 08:41,2026-04-28 09:00,FALTA
AG03831,PAC0709,Fernando Castro Rezende,(53) 92508-4285,convenio,MED01,2026-03-31 09:05,2026-05-04 11:30,realizada
AG03832,PAC0854,Maria Correia Correia,+55 53 958083810,particular,MED02,2026-03-31 09:41,2026-04-23 14:30,realizada
AG03833,PAC0308,Tatiane Alves Brandão,(51) 93232-6883,particular,MED03,2026-03-31 10:48,2026-04-22 15:30,desmarcou
AG03834,PAC0106,Bianca Mendes Bezerra,(51) 97292-7284,convenio,MED03,31/03/2026 11:12,2026-04-06 14:30,realizada
AG03835,PAC0789,Gustavo Schmidt Machado,54936885154,particular,MED03,2026-03-31 11:48,2026-04-01 17:30,realizada
AG03836,PAC0509,Aline Correia Santos,(53) 97857-5973,convenio,MED05,2026-03-31 11:55,2026-05-12 16:30,realizada
AG03837,PAC0484,Samuel Nascimento Carvalho,+55 51 963034175,convênio,MED03,31/03/2026 12:00,2026-04-08 16:00,REALIZADA
AG03838,PAC0337,Larissa Rocha Barbosa,+55 51 987644555,convenio,MED04,2026-03-31 12:05,2026-05-08 11:00,faltou
AG03839,PAC0838,Ana Kuhn Kuhn,(51) 94720-5320,particular,MED01,31/03/2026 12:33,2026-04-17 16:30,realizada
AG03840,PAC0683,José Farias Sales,53985416916,Convênio,MED04,2026-03-31 13:41,2026-04-08 11:00,desmarcou
AG03841,PAC0349,Débora Mendes Castro,(51) 90863-6168,particular,MED02,2026-03-31 13:41,2026-05-05 16:30,REALIZADA
AG03842,PAC0013,Sônia Nunes Xavier,51920780234,particular,MED06,2026-03-31 15:00,2026-04-07 11:30,falta
AG03843,PAC0890,Diego Mendes Lopes,53993601307,convenio,MED04,2026-03-31 15:12,2026-04-29 09:00,falta
AG03844,PAC0616,Simone Brandão Mendes,(53) 97260-6218,convênio,MED04,2026-03-31 15:33,2026-04-28 08:30,realizada
AG03845,PAC0759,André Kuhn Almeida,(54) 91302-3103,convenio,MED05,2026-03-31 15:48,2026-04-01 15:30,realizada
AG03846,PAC0059,Mateus Pereira Machado,53995768911,convenio,MED03,31/03/2026 16:12,2026-04-13 17:30,realizada
AG03847,PAC0367,Murilo Reis Aguiar,(51) 91615-2545,convenio,MED01,2026-03-31 16:40,2026-04-01 07:00,atendido
AG03848,PAC0662,Isabela Lopes Pires,(54) 98680-3365,convenio,MED01,31/03/2026 16:41,2026-04-24 16:30,falta
AG03849,PAC0103,Natália Marques Santos,+55 51 976030999,convenio,MED03,2026-03-31 16:48,2026-04-08 14:30,FALTA
AG03850,PAC0231,André Queiroz Lorenzi,+55 51 915555682,convenio,MED04,2026-03-31 17:00,2026-05-12 09:00,falta
AG03851,PAC0788,Thiago Monteiro Lorenzi,,convenio,MED03,2026-03-31 17:55,2026-04-01 16:30,realizada
AG03852,PAC0598,Beatriz Lima Costa,51992287710,convenio,MED05,2026-04-01 08:00,2026-04-01 17:30,cancelada_paciente
AG03853,PAC0824,Wagner Farias Queiroz,(51) 92867-8893,particular,MED02,01/04/2026 08:00,14/04/2026 17:30,realizada
AG03854,PAC0253,Natalia Alves Prado,53933448153,convenio,MED02,2026-04-01 08:33,2026-04-07 08:00,realizada
AG03855,PAC0093,João Bezerra Souza,+55 51 962059532,particular,MED04,01/04/2026 08:41,24/04/2026 11:00,realizada
AG03856,PAC0906,Samuel Martins Batista,(51) 90115-9060,particular,MED02,2026-04-01 09:12,2026-05-05 15:00,realizada
AG03857,PAC0772,Elaine Andrade Duarte,54994009516,convenio,MED02,2026-04-01 09:20,2026-04-23 17:00,Realizada
AG03858,PAC0134,Thiago Souza Xavier,+55 51 982189018,particular,MED01,01/04/2026 09:54,2026-04-01 10:30,Realizada
AG03859,PAC0795,Thiago Bittencourt Müller,(51) 97808-6357,particular,MED02,2026-04-01 10:55,2026-04-02 11:00,realizada
AG03860,PAC0713,Fabiana Siqueira Tomasi,51991482634,convenio,MED01,2026-04-01 11:00,2026-04-29 08:00,REALIZADA
AG03861,PAC0765,Juliana Bezerra Correia,51905239352,convenio,MED05,01/04/2026 11:33,2026-04-06 17:00,no_show
AG03862,PAC0220,Rodrigo Cardoso Bittencourt,51962049321,particular,MED02,2026-04-01 11:41,2026-04-14 14:30,ausente
AG03863,PAC0449,José Cavalcanti Pereira,(51) 93438-9935,particular,MED04,2026-04-01 12:05,02/04/2026 09:30,realizada
AG03864,PAC0290,Gustavo Costa Rodrigues,(51) 99525-6319,convenio,MED05,01/04/2026 12:20,2026-04-08 16:00,falta
AG03865,PAC0738,Helena Zanella Aguiar,(51) 98601-3499,particular,MED04,2026-04-01 13:00,2026-04-06 08:00,realizada
AG03866,PAC0667,Sérgio Sales Freitas,(51) 96471-8020,Convênio,MED05,2026-04-01 13:05,2026-04-09 15:00,cancelado
AG03867,PAC0721,Cristina Barbosa Duarte,51939356325,convenio,MED05,2026-04-01 13:05,2026-04-14 15:00,realizada
AG03868,PAC0755,Tatiane Bertoldi Cavalcanti,+55 51 927321479,particular,MED05,2026-04-01 13:33,2026-04-15 16:30,realizada
AG03869,PAC0842,Pedro Gonçalves Reis,51943283185,particular,MED03,2026-04-01 13:33,2026-04-20 13:30,realizada
AG03870,PAC0073,Márcio Mendes Bertoldi,(51) 94287-3467,convenio,MED04,2026-04-01 13:55,2026-04-15 09:30,realizada
AG03871,PAC0344,Luciana Duarte Andrade,51953130703,CONVENIO,MED01,2026-04-01 14:33,2026-04-06 08:30,faltou
AG03872,PAC0029,Caio Souza Rodrigues,(51) 93841-1283,convenio,MED03,01/04/2026 14:33,2026-04-10 08:00,realizada
AG03873,PAC0800,Wagner Viana Fonseca,519625,particular,MED02,2026-04-01 15:05,2026-04-07 09:30,REALIZADA
AG03874,PAC0101,César Almeida Campos,(54) 95435-8456,PARTICULAR,MED02,01/04/2026 15:20,09/04/2026 11:30,realizada
AG03875,PAC0106,Bianca Mendes Bezerra,(51) 97292-7284,convenio,MED04,2026-04-01 15:33,2026-04-02 08:00,Realizada
AG03876,PAC0075,Luiza Costa Souza,51940709045,particular,MED06,2026-04-01 15:48,2026-04-08 16:00,realizada
AG03877,PAC0799,Luiza Lorenzi Müller,(53) 92675-3095,Convênio,MED03,2026-04-01 15:55,2026-04-22 14:00,atendido
AG03878,PAC0822,Vanessa Correia Bertoldi,(53) 94258-7434,convenio,MED02,2026-04-01 17:00,2026-04-14 09:00,realizada
AG03879,PAC0852,João Fernandes Hoffmann,+55 51 925314390,convenio,MED02,2026-04-01 17:00,2026-04-23 10:30,Realizada
AG03880,PAC0663,Ricardo Miranda Cavalcanti,(51) 97402-1179,convenio,MED05,2026-04-01 17:05,2026-04-06 15:30,falta
AG03881,PAC0425,Henrique Guimarães Coelho,+55 51 908505423,particular,MED04,2026-04-01 17:05,17/04/2026 09:00,Realizada
AG03882,PAC0502,Luciana Coelho Ribeiro,,particular,MED03,2026-04-01 17:12,2026-04-06 16:00,cancelado
AG03883,PAC0839,Ana Siqueira Silva,+55 51 909720113,convenio,MED01,2026-04-02 08:20,2026-04-17 17:00,falta
AG03884,PAC0866,Vitor Aguiar Rodrigues,(53) 94600-4341,convenio,MED01,2026-04-02 08:33,2026-04-24 17:30,falta
AG03885,PAC0824,Wagner Farias Queiroz,(51) 92867-8893,particular,MED01,2026-04-02 08:55,2026-05-11 09:00,REALIZADA
AG03886,PAC0768,Murilo Viana Martins,51991122654,convenio,MED02,2026-04-02 09:00,2026-04-07 11:00,desmarcou
AG03887,PAC0710,Débora Gonçalves Pereira,(54) 93092-7346,convenio,MED02,2026-04-02 09:41,09/04/2026 08:30,realizada
AG03888,PAC0469,Wagner Vieira Mendes,(51) 98246-1309,convenio,MED03,2026-04-02 09:55,2026-04-06 16:30,realizada
AG03889,PAC0742,Henrique Correia Rocha,(51) 94322-8386,particular,MED01,02/04/2026 10:00,2026-04-06 08:00,Realizada
AG03890,PAC0223,Mateus Pinto Brandão,(51) 94221-4969,convenio,MED02,2026-04-02 10:05,2026-05-05 08:00,falta
AG03891,PAC0936,Diego Campos Gomes,(51) 97182-2008,particular,MED05,2026-04-02 10:12,2026-05-11 16:00,falta
AG03892,PAC0215,Letícia Müller Miranda,51982593554,convenio,MED02,2026-04-02 10:33,2026-04-14 11:00,falta
AG03893,PAC0541,Samuel Batista Soares,+55 54 953572529,Convênio,MED01,2026-04-02 10:41,2026-04-15 09:30,Realizada
AG03894,PAC0573,Henrique Schmidt Hoffmann,53909092292,particular,MED01,2026-04-02 10:41,2026-05-15 16:00,falta
AG03895,PAC0660,Caio Menezes Ramos,+55 51 914950792,convenio,MED04,2026-04-02 10:55,06/04/2026 10:00,realizada
AG03896,PAC0825,Murilo Marques Martins,(54) 97260-4546,Convênio,MED04,2026-04-02 10:55,14/04/2026 11:00,cancelado pelo paciente
AG03897,PAC0246,Rodrigo Alves Miranda,(53) 95892-7244,convenio,MED03,2026-04-02 11:05,2026-05-15 08:30,realizada
AG03898,PAC0770,Márcio Ramos Tomasi,(51) 91369-5018,Particular,MED03,2026-04-02 11:12,2026-04-06 17:30,realizada
AG03899,PAC0573,Henrique Schmidt Hoffmann,53909092292,particular,MED01,02/04/2026 11:33,2026-04-08 10:30,falta
AG03900,PAC0083,Marcos Alves Rocha,51917272994,Convênio,MED05,2026-04-02 11:48,2026-04-07 14:00,atendido
AG03901,PAC0582,Wagner Gomes Sales,(51) 94845-7403,PARTICULAR,MED06,2026-04-02 12:00,23/04/2026 11:30,atendido
AG03902,PAC0820,Fabiana Dias Ferreira,51953208515,Convênio,MED04,2026-04-02 12:20,2026-04-13 11:30,faltou
AG03903,PAC0507,Murilo Fernandes Aguiar,+55 51 932463682,particular,MED04,2026-04-02 12:55,07/04/2026 09:30,ausente
AG03904,PAC0636,Patrícia Santana Borges,53968541862,convenio,MED05,2026-04-02 13:05,07/05/2026 16:30,faltou
AG03905,PAC0496,Wagner Moreira Costa,(51) 91125-2010,convênio,MED01,2026-04-02 13:12,2026-04-06 11:00,realizada
AG03906,PAC0538,Fábio Peixoto Bittencourt,(51) 99999-3072,Convênio,MED05,2026-04-02 13:12,2026-04-09 17:30,falta
AG03907,PAC0596,Natália Aguiar Soares,+55 51 997643463,Convênio,MED06,2026-04-02 13:41,14/04/2026 10:30,Realizada
AG03908,PAC0099,Arthur Zanella Borges,(51) 94316-0876,convenio,MED01,2026-04-02 14:05,2026-04-17 13:00,REALIZADA
AG03909,PAC0784,Alexandre Becker Nunes,(51) 95607-8833,convenio,MED02,2026-04-02 14:12,02/04/2026 16:00,realizada
AG03910,PAC0840,Fábio Ramos Rodrigues,+55 51 924071977,particular,MED04,2026-04-02 15:05,2026-04-17 10:00,realizada
AG03911,PAC0738,Helena Zanella Aguiar,(51) 98601-3499,particular,MED03,2026-04-02 15:41,2026-04-06 13:00,falta
AG03912,PAC0709,Fernando Castro Rezende,(53) 92508-4285,convenio,MED01,2026-04-02 15:48,2026-04-08 07:00,realizada
AG03913,PAC0484,Samuel Nascimento Carvalho,+55 51 963034175,convênio,MED04,2026-04-02 15:55,2026-04-09 10:30,realizada
AG03914,PAC0794,César Souza Becker,(51) 90457-6598,Convênio,MED04,2026-04-02 16:00,2026-04-14 10:30,realizada
AG03915,PAC0163,Aline Reis Brandão,+55 51 977816336,particular,MED02,2026-04-02 16:00,2026-04-16 14:30,Realizada
AG03916,PAC0922,Vanessa Pires Machado,54943700262,Convênio,MED05,2026-04-02 16:05,2026-05-07 15:00,faltou
AG03917,PAC0797,Caio Araújo Santos,(51) 90516-9091,particular,MED04,2026-04-02 16:55,06/04/2026 09:30,falta
AG03918,PAC0738,Helena Zanella Aguiar,(51) 98601-3499,particular,MED03,2026-04-02 17:05,2026-05-06 16:00,atendido
AG03919,PAC0628,Fernando Gonçalves Tomasi,51937449504,convenio,MED05,2026-04-02 17:55,2026-04-14 17:30,falta
AG03920,PAC0308,Tatiane Alves Brandão,(51) 93232-6883,Particular,MED03,2026-04-06 08:41,2026-05-04 14:00,atendido
AG03921,PAC0803,Thiago Müller Ferreira,(51) 92085-3294,convenio,MED04,06/04/2026 08:55,2026-04-08 08:30,Realizada
AG03922,PAC0489,Gustavo Dias Oliveira,51955043318,Convênio,MED03,2026-04-06 09:00,2026-04-15 14:30,realizada
AG03923,PAC0281,Larissa Oliveira Bezerra,(54) 90039-6572,convenio,MED04,2026-04-06 10:00,2026-04-23 10:00,Realizada
AG03924,PAC0006,Fabiana Freitas Ramos,92836,convenio,MED04,2026-04-06 10:00,2026-04-30 08:30,realizada
AG03925,PAC0429,Mateus Brandão Viana,(54) 99490-0034,Convênio,MED03,2026-04-06 10:12,2026-05-04 17:30,falta
AG03926,PAC0094,Fernando Nascimento Viana,51999977924,Convênio,MED05,2026-04-06 10:20,2026-04-08 15:00,realizada
AG03927,PAC0214,Gustavo Moreira Batista,(51) 90353-3899,particular,MED03,2026-04-06 10:53,2026-04-06 14:00,realizada
AG03928,PAC0560,Beatriz Araújo Barbosa,(51) 96069-7920,convenio,MED03,2026-04-06 10:55,2026-04-17 08:00,falta
AG03929,PAC0662,Isabela Lopes Pires,(54) 98680-3365,convenio,MED04,2026-04-06 10:55,2026-05-18 08:00,realizada
AG03930,PAC0804,Marcos Lopes Nascimento,51911277802,Particular,MED04,2026-04-06 11:12,2026-04-08 09:30,faltou
AG03931,PAC0421,Otávio Bezerra Ramos,(51) 97370-4969,convenio,MED05,06/04/2026 11:12,2026-04-08 17:30,atendido
AG03932,PAC0726,Fernando Guimarães Silva,+55 53 931742746,particular,MED03,06/04/2026 11:12,2026-04-10 08:30,falta
AG03933,PAC0813,José Campos Batista,(51) 98562-3052,particular,MED03,2026-04-06 11:12,10/04/2026 10:30,realizada
AG03934,PAC0417,Gustavo Pinto Correia,+55 54 969381977,particular,MED02,2026-04-06 11:20,2026-04-23 09:00,realizada
AG03935,PAC0878,Diego Machado Bertoldi,(51) 98540-9435,particular,MED02,06/04/2026 11:20,2026-04-28 14:30,atendido
AG03936,PAC0648,Thiago Rezende Correia,(54) 98587-7505,convenio,MED05,2026-04-06 11:41,2026-04-08 14:30,desmarcou
AG03937,PAC0725,Gabriel Santos Ferreira,53901493685,convenio,MED02,2026-04-06 11:48,2026-04-07 08:30,Realizada
AG03938,PAC0267,Júlia Guimarães Bertoldi,(54) 99800-7067,particular,MED04,2026-04-06 12:33,04/05/2026 11:30,atendido
AG03939,PAC0801,Márcio Hoffmann Fernandes,+55 51 920643434,CONVENIO,MED04,2026-04-06 12:41,2026-04-07 08:30,realizada
AG03940,PAC0345,Mateus Bittencourt Tavares,(54) 93463-2858,particular,MED01,2026-04-06 13:05,2026-04-13 08:30,falta
AG03941,PAC0132,Cláudia Souza Nascimento,(51) 98903-9821,particular,MED03,2026-04-06 13:12,2026-04-13 13:30,faltou
AG03942,PAC0992,Luiza Pereira Bertoldi,51902031948,particular,MED04,2026-04-06 13:33,2026-05-21 11:00,falta
AG03943,PAC0602,Gisele Teixeira Correia,+55 54 966615596,convenio,MED01,2026-04-06 13:41,27/04/2026 08:30,realizada
AG03944,PAC0515,Letícia Schmidt Sales,53931178661,convenio,MED03,2026-04-06 13:48,2026-05-18 13:00,cancelado
AG03945,PAC0819,João Marques Tavares,(53) 93616-7001,particular,MED04,2026-04-06 14:12,2026-04-13 08:30,realizada
AG03946,PAC0321,FABIANA TAVARES FERNANDES,+55 51 904304609,convenio,MED01,2026-04-06 14:20,13/04/2026 11:00,falta
AG03947,PAC0261,Cristina  Andrade Alves,(51) 92619-7484,convenio,MED04,2026-04-06 14:41,2026-05-21 10:00,no_show
AG03948,PAC0206,Thiago Queiroz Zanella,(53) 97519-4745,convenio,MED06,2026-04-06 14:55,2026-04-23 09:00,realizada
AG03949,PAC0324,Sônia Costa Ramos,(54) 97962-2095,convenio,MED02,06/04/2026 15:20,2026-04-07 11:30,realizada
AG03950,PAC0381,João Mendes Santos,(51) 97271-4685,particular,MED02,2026-04-06 15:48,2026-04-14 16:30,REALIZADA
AG03951,PAC0089,Emerson Gomes Coelho,51982389020,particular,MED03,2026-04-06 15:48,2026-05-06 17:30,realizada
AG03952,PAC0071,Roberto Alves Xavier,(53) 93439-5365,particular,MED05,2026-04-06 16:00,2026-04-30 14:00,desmarcou
AG03953,PAC0513,Caio Bertoldi Bertoldi,(51) 94281-3339,convenio,MED02,2026-04-06 16:05,2026-04-30 15:30,realizada
AG03954,PAC0802,Vanessa Pereira Monteiro,(51) 97059-4533,particular,MED01,2026-04-06 16:20,2026-04-08 11:30,falta
AG03955,PAC0278,Otávio Marques Kuhn,(53) 97873-4085,convenio,MED02,2026-04-06 16:33,2026-05-12 15:00,falta
AG03956,PAC0598,Beatriz Lima Costa,51992287710,Convênio,MED04,2026-04-06 17:41,2026-04-16 10:30,realizada
AG03957,PAC0389,Emerson Miranda Freitas,(51) 99860-1981,convenio,MED01,2026-04-06 17:55,2026-04-13 11:30,realizada
AG03958,PAC0781,Daniel Nascimento Bezerra,+55 51 967109593,convenio,MED02,07/04/2026 08:05,2026-04-23 16:30,no_show
AG03959,PAC0785,Aline Campos Kuhn,(51) 97779-0670,convenio,MED02,2026-04-07 08:05,2026-05-07 15:30,falta
AG03960,PAC0397,Lorena Hoffmann Cardoso,(51) 94432-8919,convênio,MED04,07/04/2026 08:51,2026-04-07 11:00,realizada
AG03961,PAC0187,Pedro Araújo Cavalcanti,+55 51 971188841,particular,MED03,07/04/2026 09:43,2026-04-08 15:30,realizada
AG03962,PAC0953,Diego Mendes Kuhn,(54) 95525-7027,particular,MED02,2026-04-07 10:12,2026-05-14 16:00,falta
AG03963,PAC0830,Roberto Ferreira Dias,54950957888,particular,MED03,2026-04-07 11:41,2026-04-15 13:30,atendido
AG03964,PAC0579,Isabela Carvalho Gomes,(51) 97999-4429,Particular,MED03,2026-04-07 12:12,06/05/2026 15:30,Realizada
AG03965,PAC0055,Patrícia Prado Teixeira,51975702934,convenio,MED01,2026-04-07 12:12,2026-05-11 08:00,falta
AG03966,PAC0833,Daniel Pereira Rodrigues,53954858533,Convênio,MED05,2026-04-07 12:20,2026-04-15 14:00,falta
AG03967,PAC0110,Carolina Viana Ribeiro,(51) 94788-7655,particular,MED02,2026-04-07 12:33,2026-04-16 09:00,REALIZADA
AG03968,PAC0799,Luiza Loreni Müller,(53) 92675-3095,CONVENIO,MED02,2026-04-07 12:48,2026-04-30 11:00,falta
AG03969,PAC0266,Henrique Mendes Peixoto,(51) 98097-1858,convenio,MED05,2026-04-07 13:48,2026-05-18 17:30,realizada
AG03970,PAC0641,Igor Batista Correia,(54) 96584-0574,convenio,MED05,2026-04-07 14:05,2026-04-07 17:00,realizada
AG03971,PAC0083,Marcos Alves Rocha,51917272994,convenio,MED06,2026-04-07 14:12,2026-05-12 08:00,FALTA
AG03972,PAC0311,Fábio Viana Fonseca,(51) 92137-6599,convenio,MED03,07/04/2026 14:41,2026-04-17 09:30,falta
AG03973,PAC0106,Bianca Mendes Bezerra,(51) 97292-7284,convênio,MED03,2026-04-07 14:41,2026-04-27 16:30,REALIZADA
AG03974,PAC0823,André Rezende Moreira,(51) 97696-7286,convenio,MED02,2026-04-07 14:55,2026-04-14 10:30,falta
AG03975,PAC0827,Letícia Rocha Santos,(54) 90077-7994,particular,MED05,2026-04-07 15:05,2026-05-07 14:00,falta
AG03976,PAC0927,Luciana Almeida Souza,53991066906,particular,MED03,2026-04-07 15:41,2026-05-08 09:00,realizada
AG03977,PAC0526,Arthur Pires Gomes,(51) 94112-6882,particular,MED02,07/04/2026 16:33,2026-04-30 08:00,realizada
AG03978,PAC0905,Otávio Lorenzi Farias,(51) 91115-8608,particular,MED05,2026-04-07 16:33,2026-05-04 17:00,ausente
AG03979,PAC0622,Vitor Macedo Campos,51910335335,convenio,MED04,2026-04-07 17:12,2026-04-20 11:00,Realizada
AG03980,PAC0299,Priscila  Souza Bezerra,(53) 91166-7412,convenio,MED01,07/04/2026 17:20,2026-04-24 14:00,falta
AG03981,PAC0571,Viviane Dias Batista,,convenio,MED04,2026-04-12 09:30,2026-04-09 09:30,falta
AG03982,PAC0405,Roberto Viana Silva,539244,Particular,MED03,2026-04-07 17:33,2026-05-20 13:00,realizada
AG03983,PAC0740,Mateus Zanella Campos,(51) 95562-3210,Convênio,MED05,2026-04-08 08:20,2026-04-20 14:30,Realizada
AG03984,PAC0077,Elaine Becker Santana,+55 51 905469242,convenio,MED01,08/04/2026 09:20,2026-04-08 10:00,realizada
AG03985,PAC0819,João Marques Tavares,(53) 93616-7001,particular,MED04,08/04/2026 09:33,2026-05-11 09:00,realizada
AG03986,PAC0187,Pedro Araújo Cavalcanti,+55 51 971188841,particular,MED05,2026-04-08 09:37,09/04/2026 17:30,realizada
AG03987,PAC0142,José Ferreira Nunes,+55 53 936084144,convenio,MED06,2026-04-08 10:04,2026-04-08 14:00,cancelado pelo paciente
AG03988,PAC0582,Wagner Gomes Sales,(51) 94845-7403,particular,MED03,2026-04-08 10:12,2026-04-08 13:30,REALIZADA
AG03989,PAC0805,Cláudia Pires Reis,(53) 95701-2670,convenio,MED05,2026-04-08 10:36,2026-04-08 15:30,REALIZADA
AG03990,PAC0987,José Lopes Santos,(53) 94742-4808,particular,MED05,2026-04-08 11:20,2026-05-20 14:00,Realizada
AG03991,PAC0335,Igor Prado Siqueira,(53) 96937-9487,convenio,MED01,2026-04-08 12:12,10/04/2026 17:30,REALIZADA
AG03992,PAC0122,Luiza Reis Becker,(54) 96239-4809,convenio,MED03,2026-04-08 12:48,2026-04-08 14:00,realizada
AG03993,PAC0719,Simone Bezerra Tomasi,(51) 97799-7103,convenio,MED05,2026-04-08 13:00,2026-04-16 15:30,realizada
AG03994,PAC0104,Natália Hoffmann Dias,92916,convenio,MED04,2026-04-08 13:48,2026-04-16 10:00,realizada
AG03995,PAC0622,Vitor Macedo Campos,51910335335,convenio,MED05,08/04/2026 15:00,2026-04-15 14:30,realizada
AG03996,PAC0181,Renata Fernandes Mendes,(53) 97434-1317,particular,MED05,2026-04-08 15:05,2026-04-29 17:30,realizada
AG03997,PAC0033,Caio Lima Zanella,53948151415,convenio,MED01,2026-04-08 16:00,18/05/2026 09:00,realizada
AG03998,PAC0072,Rafael Teixeira Fonseca,,particular,MED06,2026-04-08 16:20,2026-04-22 16:00,realizada
AG03999,PAC0140,Lucas Ramos Silva,+55 51 983709241,particular,MED05,08/04/2026 17:00,2026-04-20 17:00,realizada
AG04000,PAC0817,Fábio Brandão Macedo,+55 54 974485259,convenio,MED05,2026-04-08 17:12,2026-04-20 15:30,realizada
AG04001,PAC0426,Thiago Rocha Nascimento,(53) 95286-6673,particular,MED05,2026-04-08 17:20,09/04/2026 14:00,REALIZADA
AG04002,PAC0818,Luiza Peixoto Coelho,51951379142,convenio,MED03,08/04/2026 17:33,2026-04-13 15:00,atendido
AG04003,PAC0305,Leandro Freitas Ferreira,(51) 93387-6106,particular,MED05,2026-04-08 17:41,2026-05-18 14:30,falta
AG04004,PAC0240,Fabiana Martins Weber,+55 51 959205241,particular,MED04,2026-04-09 08:05,2026-04-23 10:30,cancelada_clinica
AG04005,PAC0812,César Pires Weber,(54) 97086-8597,convenio,MED03,2026-04-09 08:20,10/04/2026 09:30,realizada
AG04006,PAC0897,Murilo Vieira Araújo,54965660384,convenio,MED06,2026-04-09 08:20,2026-05-12 09:00,falta
AG04007,PAC0055,Patrícia Prado Teixeira,51975702934,convenio,MED04,2026-04-09 09:12,2026-05-20 10:30,faltou
AG04008,PAC0231,André Queiroz Lorenzi,+55 51 915555682,convenio,MED01,09/04/2026 09:41,2026-05-25 07:00,no_show
AG04009,PAC0345,Mateus Bittencourt Tavares,(54) 93463-2858,PARTICULAR,MED01,2026-04-09 10:48,2026-04-20 09:30,FALTA
AG04010,PAC0286,Murilo Borges Siqueira,(51) 97367-8015,particular,MED04,2026-04-09 11:00,2026-05-14 08:00,realizada
AG04011,PAC0044,Tatiane Dias Correia,(53) 92104-5395,convenio,MED03,2026-04-09 11:41,2026-04-13 16:00,realizada
AG04012,PAC0689,Adriana Almeida Rodrigues,+55 51 937698926,convenio,MED06,2026-04-09 11:41,15/04/2026 14:00,realizada
AG04013,PAC0406,Leandro Soares Miranda,(51) 90785-2201,convenio,MED01,2026-04-09 11:41,2026-04-22 07:30,falta
AG04014,PAC0821,Daniel Queiroz Santana,(51) 92455-6766,particular,MED02,2026-04-09 12:00,2026-04-14 08:00,atendido
AG04015,PAC0008,João Xavier Cavalcanti,(51) 90091-7145,convenio,MED06,09/04/2026 13:00,2026-05-07 09:00,realizada
AG04016,PAC0503,Wagner Monteiro Prado,(51) 91443-1779,convenio,MED04,2026-04-09 14:05,2026-04-30 11:00,falta
AG04017,PAC0777,Leonardo Coelho Weber,51964021307,particular,MED04,2026-04-09 14:47,2026-04-10 09:00,Realizada
AG04018,PAC0912,Ana Tavares Schmidt,+55 54 949073900,particular,MED01,2026-04-09 14:55,2026-05-06 11:30,cancelado clinica
AG04019,PAC0052,Daniel Araújo Coelho,(51) 98488-8292,particular,MED03,2026-04-09 15:12,17/04/2026 10:30,realizada
AG04020,PAC0009,Isabela Souza Aguiar,53909669091,Particular,MED06,09/04/2026 15:48,2026-04-23 10:00,realizada
AG04021,PAC0926,Samuel Santana Nunes,(54) 90164-5717,particular,MED03,2026-04-09 16:05,2026-05-08 08:00,falta
AG04022,PAC0941,Lucas Batista Correia,51972822371,particular,MED05,2026-04-09 16:41,2026-05-12 16:00,REALIZADA
AG04023,PAC0682,Renata Carvalho Machado,51960394182,convenio,MED01,2026-04-09 16:55,2026-05-13 07:30,realizada
AG04024,PAC0258,Lucas Souza Santos,51979169994,particular,MED06,2026-04-09 17:00,16/04/2026 09:00,REALIZADA
AG04025,PAC0060,Adriana Pereira Bittencourt,(51) 92521-5053,convenio,MED05,2026-04-09 17:00,2026-05-19 17:00,cancelada_paciente
AG04026,PAC0853,Leonardo Reis Moreira,51900686089,convenio,MED02,2026-04-09 17:12,2026-04-23 14:00,agendada
AG04027,PAC0505,Pedro Guimarães Cardoso,+55 51 910653702,convenio,MED06,2026-04-10 08:00,2026-04-15 16:00,realizada
AG04028,PAC0877,Daniel Moreira Alves,(51) 95678-9545,convênio,MED02,2026-04-10 08:05,2026-04-28 11:00,falta
AG04029,PAC0624,Felipe Santos Becker,+55 51 975781237,convenio,MED01,2026-04-10 08:12,2026-04-10 16:30,Realizada
AG04030,PAC0011,Sônia Machado Campos,+55 51 995322750,convenio,MED01,2026-04-10 08:20,15/04/2026 10:30,falta
AG04031,PAC0268,Luiza Oliveira Miranda,53983710467,particular,MED04,2026-04-10 08:25,2026-04-10 09:30,realizada
AG04032,PAC0276,Diego Cardoso Queiroz,(54) 92321-5421,particular,MED05,2026-04-10 08:41,2026-05-12 17:00,faltou
AG04033,PAC0642,Emerson Monteiro Schmidt,+55 51 913621239,convenio,MED03,2026-04-10 08:55,2026-05-08 10:00,ausente
AG04034,PAC0098,Ana Fernandes Castro,54958716908,particular,MED04,2026-04-10 09:48,2026-04-17 11:30,realizada
AG04035,PAC0284,Mateus Guimarães Guimarães,(51) 94626-9159,PARTICULAR,MED06,2026-04-10 09:55,2026-04-22 17:00,realizada
AG04036,PAC0911,Leandro Martins Macedo,51970013710,convenio,MED02,2026-04-10 10:20,2026-05-21 09:00,realizada
AG04037,PAC0863,Thiago Bittencourt Müller,51965752574,convenio,MED01,10/04/2026 10:41,2026-04-24 15:30,realizada
AG04038,PAC0842,Pedro Gonçalves Reis,51943283185,particular,MED03,10/04/2026 10:41,04/05/2026 17:00,realizada
AG04039,PAC0491,Gabriel Moura Moura,(53) 98249-9724,Convênio,MED01,2026-04-10 10:55,2026-04-15 07:30,realizada
AG04040,PAC0059,Mateus Pereira Machado,53995768911,Convênio,MED01,2026-04-10 11:00,10/04/2026 13:00,realizada
AG04041,PAC0930,Samuel Peixoto Farias,,convenio,MED06,2026-04-10 11:05,2026-05-14 11:30,FALTA
AG04042,PAC0493,Tânia Viana Bezerra,(51) 91489-7980,convenio,MED04,2026-04-10 11:12,2026-04-16 09:00,agendada
AG04043,PAC0837,Alexandre Macedo Gonçalves,(51) 93277-7587,convenio,MED06,10/04/2026 12:00,2026-04-16 11:00,realizada
AG04044,PAC0528,Lorena Pinto Pinto,,Convênio,MED01,2026-04-10 12:00,2026-05-20 08:30,faltou
AG04045,PAC0357,Fernando Hoffmann Tomasi,54982332956,convenio,MED01,2026-04-10 12:05,2026-04-17 14:30,realizada
AG04046,PAC0415,Roberto Souza Correia,51951249115,particular,MED01,2026-04-10 13:00,2026-04-20 10:00,falta
AG04047,PAC0801,Márcio Hoffmann Fernandes,+55 51 920643434,convenio,MED05,2026-04-10 13:33,2026-05-04 14:30,faltou
AG04048,PAC0774,Tânia Cardoso Almeida,+55 54 932679878,particular,MED01,2026-04-10 13:48,2026-05-18 10:30,atendido
AG04049,PAC0992,Luiza Pereira Bertoldi,51902031948,particular,MED03,2026-04-10 14:05,2026-05-25 14:30,falta
AG04050,PAC0375,Thiago Borges Batista,(53) 92980-3046,Particular,MED01,10/04/2026 14:12,2026-05-13 08:30,faltou
AG04051,PAC0434,Wagner Viana Soares,(51) 97774-4715,convenio,MED02,10/04/2026 14:20,2026-05-21 11:00,faltou
AG04052,PAC0064,Daniel Coelho Freitas,(53) 98705-6910,convenio,MED06,2026-04-10 15:41,22/04/2026 14:30,REALIZADA
AG04053,PAC0761,Larissa Vieira Dias,53959971857,Particular,MED03,2026-04-10 16:55,2026-04-22 17:30,realizada
AG04054,PAC0815,Emerson Bittencourt Soares,(51) 90991-3162,convenio,MED01,2026-04-10 17:55,2026-04-13 07:30,faltou
AG04055,PAC0472,Emerson Soares Viana,(53) 92510-4725,convenio,MED01,2026-04-13 08:33,2026-04-15 11:30,atendido
AG04056,PAC0420,Fábio Castro Macedo,51978209975,particular,MED01,2026-04-13 08:46,2026-04-13 09:30,realizada
AG04057,PAC0806,Gabriel Moura Bezerra,54906671127,convenio,MED04,2026-04-13 09:00,2026-04-14 11:30,realizada
AG04058,PAC0609,Juliana Marques Duarte,+55 51 972861023,convenio,MED05,2026-04-13 09:12,19/05/2026 14:30,confirmado
AG04059,PAC0073,Márcio Mendes Bertoldi,(51) 94287-3467,convenio,MED02,2026-04-13 09:33,2026-04-14 09:30,realizada
AG04060,PAC0022,Samuel Farias Pires,54939218051,PARTICULAR,MED02,2026-04-13 09:33,2026-04-23 08:30,atendido
AG04061,PAC0808,Eduardo Xavier Peixoto,51911878642,PARTICULAR,MED06,13/04/2026 10:41,2026-05-26 11:00,no_show
AG04062,PAC0454,Letícia Weber Andrade,(51) 91799-9535,convenio,MED05,2026-04-13 10:53,2026-04-15 17:30,atendido
AG04063,PAC0247,Lucas Batista Santos,(53) 91830-5408,Convênio,MED02,2026-04-13 11:00,2026-04-30 16:30,REALIZADA
AG04064,PAC0678,Thiago Silva Castro,53927535023,convenio,MED02,13/04/2026 11:20,2026-04-23 17:30,falta
AG04065,PAC0752,José Rocha Teixeira,(51) 97432-7801,convenio,MED01,2026-04-13 12:20,2026-04-27 10:30,realizada
AG04066,PAC0850,Fernando Sales Menezes,(53) 95575-8496,Convênio,MED04,2026-04-13 12:55,2026-04-22 09:30,realizada
AG04067,PAC0563,Larissa Kuhn Queiroz,+55 51 951416147,convenio,MED05,13/04/2026 13:33,2026-05-26 17:30,faltou
AG04068,PAC0300,Luciana Souza Teixeira,51960132139,particular,MED06,2026-04-13 13:55,2026-05-19 11:30,FALTA
AG04069,PAC0826,Juliana Cardoso Pereira,51984567456,particular,MED05,2026-04-13 14:55,2026-04-14 17:00,cancelado
AG04070,PAC0549,Vanessa Becker Ramos,(51) 92950-4817,convenio,MED04,13/04/2026 15:00,2026-04-14 10:00,Realizada
AG04071,PAC0866,Vitor Aguiar Rodrigues,(53) 94600-4341,convenio,MED03,2026-04-13 15:00,2026-04-29 17:30,realizada
AG04072,PAC0868,Carla Viana Peixoto,(53) 96652-2361,convenio,MED01,2026-04-13 15:00,2026-05-13 08:00,realizada
AG04073,PAC0377,Fernando Hoffmann Peixoto,54910618587,convenio,MED04,2026-04-13 15:05,2026-04-17 10:30,realizada
AG04074,PAC0952,Elaine Machado Barbosa,+55 54 934145978,PARTICULAR,MED02,2026-04-13 15:05,2026-05-14 08:30,cancelada_paciente
AG04075,PAC0196,Carla Lorenzi Silva,(54) 96422-4261,particular,MED05,2026-04-13 15:20,2026-05-05 15:30,no_show
AG04076,PAC0312,Fernando Ferreira Mendes,54984242044,convenio,MED05,2026-04-13 15:55,2026-04-29 15:00,realizada
AG04077,PAC0236,Vanessa Gomes Machado,53973730780,particular,MED01,2026-04-13 17:33,2026-04-22 08:00,realizada
AG04078,PAC0495,Otávio Fernandes Pinto,(51) 95333-7758,convenio,MED04,13/04/2026 17:48,14/04/2026 09:00,realizada
AG04079,PAC0077,Elaine Becker Santana,+55 51 905469242,CONVENIO,MED04,2026-04-14 08:12,2026-04-23 09:30,realizada
AG04080,PAC0131,Daniel Dias Barbosa,51972616925,convenio,MED01,14/04/2026 08:20,2026-04-22 10:30,realizada
AG04081,PAC0435,Isabela Macedo Rocha,(51) 91647-9621,particular,MED04,2026-04-14 08:53,2026-04-14 11:00,realizada
AG04082,PAC0370,Fernando Rezende Macedo,+55 51 997508457,Convênio,MED02,2026-04-14 09:00,2026-04-28 17:00,falta
AG04083,PAC0834,Wagner Pereira Xavier,+55 51 911909058,convênio,MED02,2026-04-14 09:48,2026-04-16 08:00,realizada
AG04084,PAC0230,João Ribeiro Moreira,(51) 91971-1250,convênio,MED06,2026-04-14 10:12,2026-04-23 09:30,realizada
AG04085,PAC0680,Adriana Guimarães Correia,+55 51 905139195,CONVENIO,MED01,14/04/2026 11:00,27/04/2026 11:30,FALTA
AG04086,PAC0310,Priscila Siqueira Mendes,+55 51 909096391,particular,MED06,2026-04-14 11:00,2026-05-14 08:00,falta
AG04087,PAC0162,Daniel Aguiar Lima,(51) 93357-2645,particular,MED02,14/04/2026 11:12,2026-05-19 14:00,realizada
AG04088,PAC0411,Vanessa Silva Araújo,(51) 90447-3141,particular,MED01,2026-04-14 11:48,2026-04-15 08:00,realizada
AG04089,PAC0242,Henrique Rodrigues Ferreira,(51) 94312-2975,convenio,MED04,2026-04-14 12:00,2026-05-25 11:00,realizada
AG04090,PAC0485,Viviane Zanella Brandão,+55 51 963157917,particular,MED03,2026-04-14 12:41,2026-04-27 15:30,falta
AG04091,PAC0883,Jéssica Fernandes Lima,+55 51 968657003,convenio,MED06,2026-04-14 12:41,2026-04-28 10:00,falta
AG04092,PAC0900,Gabriel Ramos Zanella,(51) 93063-0029,convenio,MED02,2026-04-14 13:12,2026-04-30 17:00,REALIZADA
AG04093,PAC0491,Gabriel Moura Moura,(53) 98249-9724,convenio,MED06,2026-04-14 13:33,2026-05-19 08:00,realizada
AG04094,PAC0827,Letícia Rocha Santos,(54) 90077-7994,particular,MED05,14/04/2026 13:36,2026-04-14 17:00,realizada
AG04095,PAC0546,Igor Soares Moreira,53957770343,convenio,MED01,2026-04-14 13:37,2026-04-15 09:00,atendido
AG04096,PAC0008,João Xavier Cavalcanti,(51) 90091-7145,convenio,MED03,2026-04-14 14:12,2026-04-15 16:00,realizada
AG04097,PAC0881,Priscila Peixoto Cavalcanti,53943884973,convenio,MED05,2026-04-14 14:12,2026-04-28 16:30,realizada
AG04098,PAC0867,Fábio Rodrigues Borges,(51) 91713-9588,convenio,MED01,2026-04-14 15:12,15/05/2026 17:00,falta
AG04099,PAC0885,Ana Nascimento Miranda,(51) 90137-0794,convênio,MED06,2026-04-14 16:33,2026-04-28 11:30,faltou
AG04100,PAC0030,Tatiane Campos Barbosa,(51) 92954-8265,convenio,MED01,2026-04-14 16:48,29/05/2026 15:00,realizada
AG04101,PAC0584,Gisele Rodrigues Cavalcanti,51937281309,convenio,MED04,2026-04-14 17:41,2026-04-24 08:30,faltou
AG04102,PAC0871,Rafael Vieira Fernandes,+55 51 904105142,convenio,MED03,2026-04-15 08:20,2026-04-27 14:00,no_show
AG04103,PAC0847,Simone Moura Miranda,53923078317,convenio,MED03,2026-04-15 08:33,2026-04-22 13:00,Realizada
AG04104,PAC0156,Patrícia Moura Castro,(51) 93069-9847,convênio,MED05,15/04/2026 08:48,2026-06-01 15:30,no_show
AG04105,PAC0278,Otávio Marques Kuhn,(53) 97873-4085,convenio,MED03,2026-04-15 08:52,2026-04-17 08:00,realizada
AG04106,PAC0135,Viviane Souza Prado,,convenio,MED04,15/04/2026 09:12,2026-04-24 11:30,realizada
AG04107,PAC0421,Otávio Bezerra Ramos,(51) 97370-4969,convenio,MED01,2026-04-15 10:05,2026-04-20 08:30,falta
AG04108,PAC0661,Sérgio Tavares Oliveira,54952175294,convenio,MED03,2026-04-15 10:12,2026-04-20 17:00,Realizada
AG04109,PAC0166,Letícia Borges Sales,53973820040,convenio,MED01,2026-04-15 10:20,2026-04-22 09:30,realizada
AG04110,PAC0477,Camila Siqueira Xavier,51980800415,Convênio,MED01,15/04/2026 10:20,2026-04-29 10:30,realizada
AG04111,PAC0694,Carolina Costa Macedo,(51) 98057-6942,convenio,MED06,2026-04-15 11:05,2026-04-28 08:00,faltou
AG04112,PAC0448,Vanessa Ramos Silva,53917303945,CONVENIO,MED05,2026-04-15 11:05,2026-05-04 15:30,FALTA
AG04113,PAC0730,Carla Oliveira Andrade,0000000000,particular,MED05,2026-04-15 12:05,2026-04-15 15:00,falta
AG04114,PAC0679,João Andrade Weber,+55 51 973652906,convênio,MED02,2026-04-15 12:33,2026-04-30 09:30,Realizada
AG04115,PAC0834,Wagner Pereira Xavier,+55 51 911909058,convenio,MED02,2026-04-15 12:41,2026-04-28 08:30,
AG04116,PAC0072,Rafael Teixeira Fonseca,,particular,MED05,2026-04-15 13:20,28/04/2026 17:00,faltou
AG04117,PAC0874,Larissa Brandão Alves,(53) 90753-9282,convenio,MED04,2026-04-15 13:41,27/04/2026 11:00,Realizada
AG04118,PAC0233,Rafael Andrade Alves,+55 51 998902976,convenio,MED05,2026-04-15 14:01,2026-04-15 15:00,atendido
AG04119,PAC0615,Beatriz Araújo Gonçalves,+55 51 965166528,particular,MED02,2026-04-15 14:41,2026-04-28 09:30,Realizada
AG04120,PAC0736,Rafael Coelho Rezende,(51) 98596-4939,convenio,MED06,2026-04-15 14:41,2026-04-29 17:30,no_show
AG04121,PAC0841,Caio Martins Barbosa,53995559487,convenio,MED01,2026-04-15 16:05,2026-04-20 08:00,realizada
AG04122,PAC0938,Gisele Guimarães Hoffmann,+55 54 985753271,particular,MED02,2026-04-15 16:12,2026-05-12 09:30,realizada
AG04123,PAC0896,Murilo Martins Tavares,+55 53 970659472,convenio,MED02,2026-04-15 16:41,2026-05-05 17:00,realizada
AG04124,PAC0982,Cláudia Xavier Lima,(51) 97734-0218,convenio,MED03,2026-04-15 17:00,2026-05-20 14:00,realizada
AG04125,PAC0955,Marcos Castro Guimarães,51903328597,convenio,MED04,2026-04-15 17:20,2026-05-14 09:00,realizada
AG04126,PAC0873,José Moura Bezerra,51958065191,particular,MED04,2026-04-15 17:41,27/04/2026 08:30,FALTA
AG04127,PAC0743,João Pinto Fernandes,(54) 94644-4586,particular,MED05,2026-04-15 17:48,2026-04-30 17:30,falta
AG04128,PAC0844,Larissa Bittencourt Weber,51961300595,convenio,MED04,2026-04-15 17:48,2026-05-20 11:30,cancelado clinica
AG04129,PAC0513,Caio Bertoldi Bertoldi,(51) 94281-3339,convenio,MED02,2026-04-15 17:48,2026-05-28 16:00,cancelada_paciente
AG04130,PAC0388,Patrícia Souza Monteiro,51904129620,Convênio,MED05,16/04/2026 08:20,2026-04-30 16:30,realizada
AG04131,PAC0901,Beatriz Brandão Correia,54903763101,Particular,MED01,2026-04-16 08:20,2026-05-04 08:30,desmarcou
AG04132,PAC0055,Patrícia Prado Teixeira,51975702934,convênio,MED03,2026-04-16 09:05,2026-04-29 16:00,cancelado pelo paciente
AG04133,PAC0111,Tatiane Andrade Barbosa,+55 51 920305986,particular,MED05,2026-04-16 09:48,2026-04-28 15:00,faltou
AG04134,PAC0575,Juliana Miranda Teixeira,(51) 90481-6241,PARTICULAR,MED04,2026-04-16 10:05,22/04/2026 10:00,realizada
AG04135,PAC0590,Rafael Batista Moura,+55 54 952877334,convenio,MED05,2026-04-16 10:05,2026-05-13 16:30,Realizada
AG04136,PAC0396,Bruno Guimarães Schmidt,54917089040,particular,MED01,2026-04-16 10:55,2026-05-11 07:00,falta
AG04137,PAC0909,Lorena Ribeiro Oliveira,(53) 97985-2780,Convênio,MED05,2026-04-16 11:33,2026-05-05 16:00,faltou
AG04138,PAC0844,Larissa Bittencourt Weber,51961300595,convenio,MED03,2026-04-16 11:55,2026-04-20 16:00,realizada
AG04139,PAC0186,Camila Freitas Reis,+55 51 975524678,Convênio,MED01,2026-04-16 12:41,2026-04-20 11:30,faltou
AG04140,PAC0882,Isabela Alves Batista,(54) 96319-5074,particular,MED06,16/04/2026 12:55,2026-04-28 08:30,Realizada
AG04141,PAC0653,Patrícia Macedo Aguiar,+55 51 903169874,convenio,MED04,2026-04-16 13:55,2026-05-19 10:30,realizada
AG04142,PAC0181,Renata Fernandes Mendes,(53) 97434-1317,particular,MED02,2026-04-16 14:00,2026-04-30 08:30,falta
AG04143,PAC0976,Raquel Mendes Brandão,(51) 90874-1812,Convênio,MED05,2026-04-16 14:12,2026-06-02 15:00,faltou
AG04144,PAC0287,Luiza Sales Aguiar,51939329300,particular,MED05,2026-04-16 14:33,2026-04-16 17:00,realizada
AG04145,PAC1023,Otávio Becker Castro,(53) 92911-3396,convenio,MED06,2026-04-16 14:48,2026-05-28 09:30,REALIZADA
AG04146,PAC0036,Igor Bertoldi Sales,(51) 97246-2488,particular,MED04,2026-04-16 15:05,2026-04-17 08:30,realizada
AG04147,PAC0851,Lorena Fernandes Xavier,(53) 90795-8447,convenio,MED05,2026-04-16 15:12,2026-04-22 15:30,cancelado clinica
AG04148,PAC0902,Daniel Barbosa Santos,(53) 93970-4947,convenio,MED03,2026-04-16 15:41,2026-05-29 09:00,realizada
AG04149,PAC0464,Lucas Nunes Ribeiro,+55 51 925902418,convenio,MED06,2026-04-16 16:12,2026-05-21 09:30,faltou
AG04150,PAC0758,Wagner Barbosa Cavalcanti,(51) 98617-3685,Convênio,MED03,2026-04-16 16:33,2026-04-17 10:00,realizada
AG04151,PAC0876,Diego Lopes Araújo,(51) 93793-7215,particular,MED02,2026-04-16 17:05,2026-04-28 09:00,falta
AG04152,PAC0874,Larissa Brandão Alves,(53) 90753-9282,convenio,MED01,2026-04-16 17:05,2026-05-08 16:30,ausente
AG04153,PAC0131,Daniel Dias Barbosa,51972616925,convenio,MED05,16/04/2026 17:41,20/04/2026 14:00,faltou
AG04154,PAC0462,João Cavalcanti Carvalho,(51) 94947-9995,convenio,MED02,2026-04-17 08:00,12/05/2026 15:30,falta
AG04155,PAC0761,Larissa Vieira Dias,53959971857,particular,MED01,2026-04-17 08:05,27/04/2026 10:00,falta
AG04156,PAC0105,Tânia Brandão Nunes,54972085152,CONVENIO,MED01,2026-04-17 08:55,2026-05-29 15:30,falta
AG04157,PAC0907,Isabela Cavalcanti Nascimento,(51) 99852-5322,convenio,MED02,2026-04-17 09:00,2026-05-26 10:00,confirmada
AG04158,PAC0327,Simone Hoffmann Fernandes,+55 54 945806949,particular,MED02,17/04/2026 09:41,2026-05-14 15:30,realizada
AG04159,PAC0994,Lorena Queiroz Macedo,(53) 98647-9382,convenio,MED01,2026-04-17 09:41,2026-05-22 16:00,faltou
AG04160,PAC0999,Samuel Prado Bezerra,51995752841,CONVENIO,MED04,2026-04-17 09:41,2026-05-25 08:30,desmarcou
AG04161,PAC0932,Júlia Vieira Santos,54967882476,particular,MED03,2026-04-17 09:48,2026-05-11 17:00,REALIZADA
AG04162,PAC0872,Wagner Tavares Castro,(51) 90415-5565,convenio,MED03,2026-04-17 10:05,2026-04-27 17:30,no_show
AG04163,PAC0531,Leonardo Rezende Martins,(51) 93164-3025,convenio,MED03,2026-04-17 11:12,2026-04-22 13:30,cancelada_paciente
AG04164,PAC0485,Viviane Zanella Brandão,+55 51 963157917,particular,MED01,2026-04-17 12:12,2026-04-20 07:30,faltou
AG04165,PAC0516,Adriana Souza Kuhn,51965149065,convenio,MED01,2026-04-17 13:00,2026-04-17 17:30,realizada
AG06031,PAC0398,Adriana Gomes Siqueira,+55 51 906050640,particular,MED03,2026-07-24 09:00,2026-08-10 17:00,realizada
AG04166,PAC0588,Otávio Müller Aguiar,51904876213,convênio,MED05,2026-04-17 13:00,2026-04-29 16:30,realizada
AG04167,PAC0336,Júlia Fonseca Fonseca,(51) 97911-4356,particular,MED06,2026-04-17 13:00,2026-05-26 09:30,realizada
AG04168,PAC0417,Gustavo Pinto Correia,+55 54 969381977,particular,MED05,2026-04-17 14:20,22/04/2026 17:30,cancelada_paciente
AG04169,PAC0896,Murilo Martins Tavares,+55 53 970659472,convenio,MED06,17/04/2026 14:55,2026-04-29 15:00,faltou
AG04170,PAC0237,Sérgio Carvalho Reis,(53) 91921-6641,Particular,MED05,2026-04-17 15:05,2026-04-20 15:00,realizada
AG04171,PAC0292,Murilo Silva Reis,(51) 97428-5416,convenio,MED05,2026-04-17 15:05,2026-05-14 16:00,falta
AG04172,PAC0743,João Pinto Fernandes,(54) 94644-4586,particular,MED04,2026-04-17 15:12,2026-04-29 09:30,faltou
AG04173,PAC0891,Larissa Bezerra Soares,54969359862,convenio,MED04,2026-04-17 15:12,2026-04-29 10:00,realizada
AG04174,PAC0548,Júlia Rodrigues Silva,+55 51 921873164,convenio,MED03,2026-04-17 15:12,2026-05-13 17:30,realizada
AG04175,PAC0596,Natália Aguiar Soares,+55 51 997643463,convenio,MED04,2026-04-17 15:48,2026-04-28 10:30,realizada
AG04176,PAC0062,Luciana Soares Lorenzi,(51) 96645-1918,convenio,MED01,2026-04-17 15:55,2026-04-20 09:00,falta
AG04177,PAC0489,Gustavo Dias Oliveira,51955043318,convenio,MED04,2026-04-17 15:55,2026-04-20 08:00,Realizada
AG04178,PAC0559,Mateus Sales Peixoto,+55 51 910030427,convenio,MED03,2026-04-17 15:55,27/04/2026 17:00,realizada
AG04179,PAC1025,Jéssica Menezes Lima,(53) 91138-2122,convenio,MED03,2026-04-17 16:20,2026-05-29 08:30,faltou
AG04180,PAC0029,Caio Souza Rodrigues,(51) 93841-1283,convenio,MED01,2026-04-17 16:33,2026-05-08 17:00,realizada
AG04181,PAC0241,José Andrade Vieira,(51) 96462-9066,particular,MED01,2026-04-17 17:55,2026-04-22 08:30,realizada
AG04182,PAC0011,Sônia Machado Campos,+55 51 995322750,convenio,MED03,2026-04-20 08:05,2026-05-11 13:30,Realizada
AG04183,PAC0781,Daniel Nascimento Bezerra,+55 51 967109593,convenio,MED02,2026-04-20 09:20,2026-05-26 14:30,falta
AG04184,PAC0431,Wagner Almeida Cavalcanti,(51) 94751-4485,convenio,MED06,2026-04-20 09:41,2026-05-20 14:00,realizada
AG04185,PAC0190,Sérgio Ribeiro Xavier,+55 54 920720983,convênio,MED01,2026-04-20 10:00,20/04/2026 10:30,Realizada
AG04186,PAC0018,Rodrigo Oliveira Rodrigues,(51) 92304-5539,convenio,MED02,2026-04-20 10:12,2026-05-14 14:30,realizada
AG04187,PAC0746,Jéssica Campos Cavalcanti,53922968230,convenio,MED01,2026-04-20 10:20,27/05/2026 09:00,falta
AG04188,PAC0249,Fabiana Bezerra Costa,(51) 95667-5146,particular,MED04,2026-04-20 11:12,03/06/2026 11:30,REALIZADA
AG04189,PAC0607,Henrique Fonseca Kuhn,519880,convenio,MED04,2026-04-20 11:33,2026-05-18 10:00,realizada
AG04190,PAC1053,Pedro Vieira Souza,(54) 99306-4882,particular,MED04,2026-04-20 11:33,2026-06-03 08:00,cancelada_paciente
AG04191,PAC0798,Eduardo Santana Siqueira,(53) 95210-9558,convenio,MED01,2026-04-20 11:41,22/04/2026 11:30,realizada
AG04192,PAC0726,Fernando Guimarães Silva,+55 53 931742746,particular,MED03,2026-04-20 11:48,24/04/2026 08:00,realizada
AG04193,PAC0783,Gisele Freitas Farias,(53) 94079-6617,convenio,MED05,2026-04-20 12:00,2026-04-29 15:30,realizada
AG04194,PAC0201,Cristina Marques Bertoldi,(53) 93697-2429,convenio,MED04,20/04/2026 12:00,2026-05-05 08:30,FALTA
AG04195,PAC0566,Rafael Correia Andrade,51930539995,convênio,MED05,2026-04-20 12:05,2026-04-28 14:00,realizada
AG04196,PAC0509,Aline Correia Santos,(53) 97857-5973,convenio,MED04,2026-04-20 12:12,2026-04-28 09:00,realizada
AG04197,PAC0845,Arthur Tavares Carvalho,(53) 91697-6904,particular,MED01,2026-04-20 12:55,2026-04-22 07:00,realizada
AG04198,PAC0329,Thiago Rodrigues Alves,+55 54 973325354,CONVENIO,MED02,2026-04-20 13:05,2026-04-28 17:30,realizada
AG04199,PAC1038,Aline Queiroz Fonseca,(53) 93344-8220,Particular,MED04,2026-04-20 13:20,2026-06-01 10:30,REALIZADA
AG04200,PAC0521,Carolina Queiroz Ferreira,+55 51 936108645,convenio,MED04,2026-04-20 13:48,2026-04-27 09:00,realizada
AG04201,PAC0769,Mariana Cardoso Menezes,(54) 94140-1383,convênio,MED05,2026-04-20 14:05,2026-05-27 17:30,falta
AG04202,PAC0269,Natália Soares Borges,51903422457,particular,MED05,2026-04-20 14:12,2026-04-22 16:30,atendido
AG04203,PAC0115,Carla Souza Lopes,(51) 93283-0302,particular,MED03,2026-04-20 14:20,2026-04-22 16:30,realizada
AG04204,PAC0407,Ana Freitas Bertoldi,+55 51 944722327,convenio,MED04,2026-04-20 14:48,2026-04-22 11:30,realizada
AG04205,PAC0018,Rodrigo Oliveira Rodrigues,(51) 92304-5539,convenio,MED04,2026-04-20 14:48,2026-05-14 10:30,realizada
AG04206,PAC0862,Arthur Macedo Soares,51975898471,convenio,MED01,20/04/2026 15:48,24/04/2026 15:00,REALIZADA
AG04207,PAC0246,Rodrigo Alves Miranda,(53) 95892-7244,convenio,MED06,2026-04-20 16:00,2026-05-27 16:00,
AG04208,PAC0079,Daniel Tomasi Pires,,particular,MED01,2026-04-20 16:05,2026-04-22 11:00,realizada
AG04209,PAC1012,Marcos Silva Lopes,51949510387,particular,MED01,2026-04-20 16:12,2026-05-27 10:30,falta
AG04210,PAC0869,Simone Guimarães Teixeira,(53) 93371-8501,convenio,MED04,2026-04-20 16:48,2026-04-24 08:00,realizada
AG04211,PAC0071,Roberto Alves Xavier,(53) 93439-5365,particular,MED01,2026-04-20 16:55,2026-04-29 08:30,realizada
AG04212,PAC0829,Bruno Moura Fernandes,(53) 99451-1525,convenio,MED05,2026-04-20 17:12,2026-04-27 17:00,atendido
AG04213,PAC0985,Cristina Carvalho Schmidt,(54) 97596-5985,convenio,MED01,2026-04-20 17:12,2026-06-03 08:00,realizada
AG04214,PAC0855,Mateus Barbosa Barbosa,51997707378,convenio,MED04,2026-04-20 17:55,2026-04-23 09:00,Realizada
AG04215,PAC0542,Leonardo Gonçalves Oliveira,(51) 99590-8222,convênio,MED06,2026-04-22 08:05,2026-05-05 09:00,faltou
AG04216,PAC0444,Emerson Freitas Lorenzi,(51) 97405-0629,convenio,MED02,2026-04-22 08:12,2026-04-23 08:00,REALIZADA
AG04217,PAC0846,Vitor Correia Correia,51941423912,particular,MED01,2026-04-22 08:14,2026-04-22 09:00,realizada
AG04218,PAC0497,Pedro Santos Guimarães,(53) 97826-2103,CONVENIO,MED04,2026-04-22 08:26,2026-04-22 11:00,REALIZADA
AG04219,PAC0849,Márcio Aguiar Weber,(54) 93974-2883,convenio,MED03,2026-04-22 08:32,2026-04-22 17:00,realizada
AG04220,PAC0704,Luiza Batista Rezende,+55 53 971768613,convenio,MED03,2026-04-22 08:33,2026-04-22 14:30,realizada
AG04221,PAC0824,Wagner Farias Queiroz,(51) 92867-8893,particular,MED05,2026-04-22 08:48,2026-05-13 14:00,realizada
AG04222,PAC0305,Leandro Freitas Ferreira,(51) 93387-6106,particular,MED02,2026-04-22 09:05,07/05/2026 16:00,atendido
AG04223,PAC0821,Daniel Queiroz Santana,(51) 92455-6766,particular,MED04,22/04/2026 09:05,2026-05-18 09:30,falta
AG04224,PAC0859,Marcos Peixoto Rezende,(53) 90288-8234,Particular,MED06,2026-04-22 09:33,2026-04-23 08:30,atendido
AG04225,PAC0206,Thiago Queiroz Zanella,(53) 97519-4745,convenio,MED01,2026-04-22 09:33,2026-05-22 16:30,FALTA
AG04226,PAC0688,Elaine Kuhn Weber,51925713049,particular,MED03,2026-04-22 09:41,2026-05-18 15:00,REALIZADA
AG04227,PAC0651,Felipe Xavier Tavares,53911237853,convenio,MED05,2026-04-22 10:12,2026-04-30 16:00,realizada
AG04228,PAC0848,Simone Almeida Schmidt,(51) 90416-3786,convenio,MED03,2026-04-22 10:18,2026-04-22 15:30,realizada
AG04229,PAC0689,Adriana Almeida Rodrigues,+55 51 937698926,convenio,MED01,2026-04-22 10:20,2026-05-20 09:00,realizada
AG04230,PAC0295,Pedro Hoffmann Macedo,(51) 91923-2674,convenio,MED05,2026-04-22 10:22,2026-04-22 15:30,REALIZADA
AG04231,PAC0003,Camila Miranda Carvalho,51961003307,Convênio,MED04,22/04/2026 10:48,2026-04-23 08:00,realizada
AG04232,PAC0886,Arthur Rodrigues Tomasi,51930783907,particular,MED03,22/04/2026 10:55,2026-04-29 15:00,REALIZADA
AG04233,PAC0893,Leandro Barbosa Farias,+55 51 966171600,convenio,MED05,2026-04-22 11:05,2026-04-29 14:30,realizada
AG04234,PAC0856,Sônia Weber Borges,+55 53 942888510,particular,MED04,2026-04-22 12:33,2026-04-23 10:30,ausente
AG04235,PAC0879,Bruno Menezes Bezerra,+55 51 908120414,particular,MED05,2026-04-22 12:33,2026-05-13 14:30,cancelado
AG04236,PAC0464,Lucas Nunes Ribeiro,+55 51 925902418,convenio,MED04,2026-04-22 12:48,2026-04-30 08:00,REALIZADA
AG04237,PAC0234,Eduardo Coelho Santos,51992689273,convênio,MED06,2026-04-22 12:55,2026-05-06 16:00,realizada
AG04238,PAC0315,José Aguiar Carvalho,54982105845,convenio,MED03,2026-04-22 13:00,2026-04-27 14:30,realizada
AG04239,PAC0948,Arthur Oliveira Menezes,(51) 93565-7091,convênio,MED02,2026-04-22 13:05,2026-05-21 14:00,faltou
AG04240,PAC0808,Eduardo Xavier Peixoto,51911878642,particular,MED05,2026-04-22 13:41,2026-04-27 16:00,Realizada
AG04241,PAC0458,Bruno Viana Castro,(51) 99426-7460,Particular,MED05,2026-04-22 14:55,2026-04-23 17:00,atendido
AG04242,PAC0350,Tânia Fernandes Monteiro,51946014833,CONVENIO,MED06,2026-04-22 14:55,2026-05-21 11:00,no_show
AG04243,PAC0505,Pedro Guimarães Cardoso,+55 51 910653702,convenio,MED01,2026-04-22 15:48,2026-05-06 08:00,no_show
AG04244,PAC0056,Juliana Weber Brandão,+55 51 936962963,convenio,MED01,2026-04-22 15:48,22/05/2026 15:00,falta
AG04245,PAC0988,Leonardo Freitas Teixeira,(51) 92170-5626,CONVENIO,MED05,2026-04-22 16:48,2026-05-20 14:30,falta
AG04246,PAC0581,Sérgio Vieira Tomasi,51936556966,particular,MED05,22/04/2026 17:05,2026-04-30 14:30,realizada
AG04247,PAC0767,Pedro Coelho Kuhn,(54) 91046-0925,Particular,MED03,2026-04-22 17:33,29/04/2026 14:00,realizada
AG04248,PAC0860,Rodrigo Rodrigues Almeida,(51) 90297-4885,particular,MED06,2026-04-23 08:05,2026-04-23 10:30,Realizada
AG04249,PAC0368,Otávio Rodrigues Peixoto,(54) 94468-8287,Convênio,MED04,2026-04-23 08:12,2026-05-07 08:00,realizada
AG04250,PAC0189,João Becker Borges,92286,Convênio,MED04,2026-04-23 08:55,2026-05-13 09:00,realizada
AG04251,PAC0442,Maria Batista Duarte,+55 51 924529736,convenio,MED02,2026-04-23 09:00,23/04/2026 11:00,realizada
AG04252,PAC0556,Rodrigo Teixeira Tavares,+55 53 983631377,Convênio,MED06,2026-04-23 09:12,2026-05-20 17:00,realizada
AG02461,PAC0403,Sabrina Duarte Souza,51907833323,convenio,MED04,2026-01-19 13:12,2026-01-27 11:30,falta
AG04253,PAC0915,Rodrigo Moreira Zanella,51921242963,PARTICULAR,MED04,2026-04-23 09:20,2026-05-06 09:00,FALTA
AG04254,PAC0868,Carla Viana Peixoto,(53) 96652-2361,convenio,MED02,23/04/2026 09:20,07/05/2026 09:00,realizada
AG04255,PAC0745,Fernando Prado Barbosa,54932016554,particular,MED05,2026-04-23 09:33,2026-05-07 14:30,realizada
AG04256,PAC0156,Patrícia Moura Castro,(51) 93069-9847,Convênio,MED02,2026-04-23 10:20,2026-05-21 10:30,REALIZADA
AG04257,PAC0442,Maria Batista Duarte,+55 51 924529736,convenio,MED02,2026-04-23 10:48,2026-04-28 11:30,realizada
AG04258,PAC0606,Elaine Guimarães Ribeiro,(51) 97486-6043,convenio,MED05,2026-04-23 10:48,06/05/2026 16:30,falta
AG04259,PAC0169,Mateus Zanella Freitas,(54) 94611-3087,particular,MED01,2026-04-23 11:05,2026-04-29 07:30,realizada
AG04260,PAC0072,Rafael Teixeira Fonseca,,particular,MED05,2026-04-23 11:12,2026-05-12 14:30,realizada
AG05295,PAC0375,Thiago Borges Batista,(53) 92980-3046,particular,MED05,2026-06-17 09:29,2026-06-17 16:00,realizada
AG04261,PAC0592,Isabela Ramos Ribeiro,(51) 93995-0677,convenio,MED06,2026-04-23 11:20,03/06/2026 14:00,realizada
AG04262,PAC0990,Aline Lorenzi Santos,(51) 90215-6312,convenio,MED02,23/04/2026 11:33,2026-05-21 10:00,realizada
AG04263,PAC0020,Beatriz Tavares Borges,+55 53 923601395,convenio,MED01,2026-04-23 12:00,2026-04-27 09:30,realizada
AG04264,PAC0862,Arthur Macedo Soares,51975898471,convenio,MED04,2026-04-23 12:05,04/05/2026 11:00,realizada
AG04265,PAC0892,Luciana Teixeira Hoffmann,(51) 92093-5679,convenio,MED04,2026-04-23 12:12,2026-04-29 10:30,Realizada
AG04266,PAC0880,João Borges Mendes,+55 53 995409851,particular,MED05,2026-04-23 12:55,2026-04-28 15:30,realizada
AG04267,PAC0103,Natália Marques Santos,+55 51 976030999,Convênio,MED01,2026-04-23 13:00,2026-05-25 11:30,falta
AG04268,PAC0337,Larissa Rocha Barbosa,+55 51 987644555,Convênio,MED01,2026-04-23 13:05,2026-05-04 09:00,falta
AG04269,PAC0580,Fernando Campos Alves,+55 54 934492770,convenio,MED06,2026-04-23 13:05,2026-05-07 08:00,Realizada
AG04270,PAC0731,Daniel Müller Brandão,(51) 96750-3041,Convênio,MED01,2026-04-23 13:33,2026-05-20 07:00,falta
AG04271,PAC0861,Larissa Macedo Lorenzi,+55 51 932587035,convenio,MED01,2026-04-23 14:00,2026-04-24 14:30,realizada
AG04272,PAC0642,Emerson Monteiro Schmidt,+55 51 913621239,convênio,MED02,2026-04-23 15:12,2026-05-05 15:30,realizada
AG04273,PAC0705,Mateus Menezes Soares,(53) 90860-7638,convenio,MED04,2026-04-23 15:12,2026-05-05 09:00,Realizada
AG04274,PAC0535,Ricardo Coelho Freitas,54940113565,CONVENIO,MED01,2026-04-23 15:55,2026-05-06 08:30,ausente
AG04275,PAC0865,Beatriz Tavares Freitas,(51) 92288-8328,convenio,MED01,2026-04-23 16:48,2026-04-24 17:00,realizada
AG04276,PAC0708,Priscila Santana Guimarães,(51) 92210-3590,particular,MED02,2026-04-23 17:20,2026-04-30 15:00,realizada
AG04277,PAC0802,Vanessa Pereira Monteiro,(51) 97059-4533,Particular,MED02,2026-04-23 17:20,07/05/2026 11:00,realizada
AG04278,PAC0894,Carolina Ramos Freitas,51967743064,particular,MED05,23/04/2026 17:48,2026-04-29 16:00,atendido
AG04279,PAC0867,Fábio Rodrigues Borges,(51) 91713-9588,convenio,MED03,2026-04-24 08:00,2026-04-24 10:00,realizada
AG04280,PAC0870,Júlia Araújo Machado,+55 51 964345419,particular,MED04,24/04/2026 08:05,2026-04-24 09:30,Realizada
AG04281,PAC0268,Luiza Oliveira Miranda,53983710467,particular,MED01,2026-04-24 08:48,2026-04-27 07:30,realizada
AG04282,PAC0021,Jéssica Hoffmann Coelho,(51) 93213-2241,particular,MED01,2026-04-24 09:00,2026-05-27 07:00,faltou
AG04283,PAC0404,Lorena Duarte Moreira,+55 53 932587913,particular,MED01,2026-04-24 09:12,2026-05-04 10:00,Realizada
AG04284,PAC0437,Maria Teixeira Bertoldi,0000000000,convênio,MED03,2026-04-24 10:05,2026-04-27 13:00,Realizada
AG04285,PAC0697,Pedro Viana Rocha,,particular,MED01,24/04/2026 10:12,2026-05-13 11:30,realizada
AG04286,PAC0980,Paulo Santos Santana,(54) 97974-6921,convênio,MED01,2026-04-24 10:20,20/05/2026 11:30,falta
AG04287,PAC0919,Pedro Correia Batista,53970780700,convenio,MED02,2026-04-24 10:33,2026-05-07 14:00,falta
AG04288,PAC0897,Murilo Vieira Araújo,54965660384,convenio,MED06,2026-04-24 10:48,2026-04-29 15:30,Realizada
AG04289,PAC0753,Felipe Kuhn Ramos,+55 51 958292477,particular,MED03,2026-04-24 10:55,2026-05-06 14:30,realizada
AG04290,PAC0744,Larissa Bittencourt Monteiro,54955968198,convenio,MED06,24/04/2026 11:33,2026-05-07 11:30,realizada
AG04291,PAC0192,Gabriel Soares Müller,(54) 96672-6448,particular,MED03,2026-04-24 11:55,11/05/2026 14:30,realizada
AG04292,PAC0452,João Gomes Schmidt,(53) 97385-5852,particular,MED05,2026-04-24 12:29,27/04/2026 15:30,realizada
AG04293,PAC0382,Alexandre Fernandes Nascimento,(51) 95280-1557,Convênio,MED02,24/04/2026 12:41,2026-04-28 16:30,realizada
AG04294,PAC0895,Felipe Souza Hoffmann,+55 51 909818763,convenio,MED05,2026-04-24 12:48,2026-04-29 17:00,realizada
AG04295,PAC0915,Rodrigo Moreira Zanella,51921242963,particular,MED04,24/04/2026 12:55,2026-05-07 10:00,realizada
AG04296,PAC0924,Camila Oliveira Moura,51921496629,convenio,MED01,2026-04-24 13:05,2026-05-08 13:30,faltou
AG04297,PAC0181,Renata Fernandes Mendes,(53) 94591-4499,particular,MED05,2026-04-24 13:55,2026-05-05 17:30,Realizada
AG04298,PAC0156,Patrícia Moura Castro,(51) 93069-9847,CONVENIO,MED04,2026-04-24 14:20,2026-05-19 08:30,realizada
AG04299,PAC0899,Alexandre Carvalho Ribeiro,(51) 99681-3179,convenio,MED02,2026-04-24 14:41,2026-04-30 16:00,realizada
AG04300,PAC0256,Gabriel Guimarães Vieira,53953943109,convenio,MED05,2026-04-24 15:33,2026-04-30 15:30,realizada
AG04301,PAC0910,André Ramos Schmidt,54968621081,convenio,MED01,2026-04-24 15:41,2026-05-06 07:30,realizada
AG04302,PAC0676,Samuel Monteiro Almeida,(51) 99540-0658,convenio,MED05,2026-04-24 16:00,2026-04-27 14:30,REALIZADA
AG04303,PAC0666,Thiago Santos Bittencourt,(51) 90578-8718,particular,MED04,2026-04-24 16:05,30/04/2026 09:00,atendido
AG04304,PAC0538,Fábio Peixoto Bittencourt,(51) 99999-3072,Convênio,MED03,2026-04-24 16:12,2026-04-29 15:30,realizada
AG04305,PAC0173,Lucas Bertoldi Pires,+55 51 957675179,particular,MED06,2026-04-24 16:20,2026-05-19 11:00,atendido
AG04306,PAC0517,Rodrigo Carvalho Cardoso,(51) 98779-7982,particular,MED01,27/04/2026 08:06,2026-04-27 09:00,falta
AG04307,PAC0700,Elaine Müller Soares,(51) 93021-4049,convenio,MED06,2026-04-27 08:48,2026-04-29 17:00,FALTA
AG04308,PAC0865,Beatriz Tavares Freitas,(51) 92288-8328,convenio,MED01,2026-04-27 09:20,2026-04-27 11:00,falta
AG04309,PAC0934,Helena Zanella Bittencourt,51966219307,particular,MED05,2026-04-27 09:20,2026-05-26 15:00,realizada
AG04310,PAC0332,Júlia Costa Guimarães,53914597490,Convênio,MED02,27/04/2026 09:48,07/05/2026 14:30,realizada
AG04311,PAC0903,Diego Martins Costa,54956318061,particular,MED04,2026-04-27 10:00,2026-05-04 09:30,atendido
AG04312,PAC0027,Viviane Vieira Ramos,(53) 91096-7130,CONVENIO,MED06,2026-04-27 10:00,2026-05-07 11:00,realizada
AG04313,PAC0904,Letícia Fonseca Fonseca,(54) 97364-8771,convenio,MED04,2026-04-27 11:00,2026-05-04 10:30,realizada
AG04314,PAC0875,Diego Araújo Gonçalves,(51) 91519-9658,particular,MED01,2026-04-27 12:20,2026-05-06 11:00,REALIZADA
AG04315,PAC0996,Thiago Carvalho Reis,51963901727,convênio,MED04,27/04/2026 12:48,2026-05-22 08:30,realizada
AG04316,PAC0767,Pedro Coelho Kuhn,(54) 91046-0925,particular,MED03,2026-04-27 12:55,2026-05-06 14:00,realizada
AG04317,PAC0548,Júlia Rodrigues Silva,+55 51 921873164,convenio,MED04,2026-04-27 13:41,2026-05-05 11:00,realizada
AG04318,PAC0308,Tatiane Alves Brandão,(51) 93232-6883,particular,MED06,2026-04-27 14:05,2026-04-30 10:00,realizada
AG04319,PAC0893,Leandro Barbosa Farias,+55 51 966171600,convenio,MED04,2026-04-27 14:12,2026-05-14 09:30,no_show
AG04320,PAC0409,Beatriz Cavalcanti Cardoso,+55 54 950611779,particular,MED02,2026-04-27 15:00,2026-04-30 10:30,realizada
AG04321,PAC0785,Aline Campos Kuhn,(51) 97779-0670,convenio,MED05,2026-04-27 15:05,06/05/2026 15:30,REALIZADA
AG04322,PAC0818,Luiza Peixoto Coelho,51951379142,convenio,MED01,2026-04-27 15:33,2026-04-29 09:30,realizada
AG04323,PAC1052,Marcos Hoffmann Miranda,+55 54 993932783,convenio,MED03,2026-04-27 17:20,2026-06-03 15:30,falta
AG04324,PAC0827,Letícia Rocha Santos,(54) 90077-7994,particular,MED01,27/04/2026 17:33,2026-05-29 17:00,falta
AG04325,PAC0977,Jéssica Schmidt Teixeira,51900114971,particular,MED05,27/04/2026 17:55,2026-05-19 17:30,realizada
AG04326,PAC0879,Bruno Menezes Bezerra,+55 51 908120414,particular,MED04,2026-04-28 08:00,2026-04-28 11:00,cancelado clinica
AG04327,PAC0986,Felipe Santana Weber,(51) 99502-7818,convenio,MED04,2026-04-28 08:05,20/05/2026 09:00,atendido
AG04328,PAC0010,Rafael Coelho Oliveira,51917974054,convenio,MED02,2026-04-28 08:12,2026-05-14 09:00,realizada
AG04329,PAC0993,Simone Macedo Tavares,51981096678,convenio,MED05,2026-04-28 08:33,2026-05-21 15:00,falta
AG04330,PAC0755,Tatiane Bertoldi Cavalcanti,+55 51 927321479,particular,MED04,28/04/2026 08:41,30/04/2026 10:30,REALIZADA
AG04331,PAC0469,Wagner Vieira Mendes,(51) 98246-1309,convenio,MED01,2026-04-28 08:41,2026-05-11 09:30,faltou
AG04332,PAC0137,Bianca Santos Campos,51904467571,particular,MED03,2026-04-28 08:48,2026-05-06 13:00,realizada
AG04333,PAC0250,José Miranda Marques,(51) 90498-8900,particular,MED04,2026-04-28 08:51,2026-04-28 09:30,realizada
AG04334,PAC0682,Renata Carvalho Machado,51960394182,convenio,MED01,28/04/2026 09:12,2026-05-04 11:00,realizada
AG04335,PAC0119,Samuel Nunes Reis,,convenio,MED01,2026-04-28 10:12,2026-05-27 11:30,realizada
AG04336,PAC0381,João Mendes Santos,(51) 97271-4685,particular,MED04,28/04/2026 10:17,2026-04-28 11:00,realizada
AG04337,PAC0054,Cristina Correia Pinto,(54) 94326-3725,convenio,MED01,2026-04-28 10:33,2026-05-08 16:00,falta
AG04338,PAC0450,Ricardo Coelho Schmidt,51992645446,Convênio,MED02,2026-04-28 10:33,2026-05-12 08:00,realizada
AG04339,PAC0954,Márcio Nascimento Mendes,(51) 97736-3205,Convênio,MED02,2026-04-28 11:20,2026-05-14 17:30,realizada
AG04340,PAC0270,Fernando Dias Santana,+55 53 978879045,particular,MED03,2026-04-28 11:20,2026-05-29 10:00,cancelado
AG04341,PAC0132,Cláudia Souza Nascimento,(51) 98903-9821,particular,MED06,2026-04-28 12:00,2026-05-20 16:00,no_show
AG04342,PAC0120,Samuel Hoffmann Pires,+55 51 982666130,particular,MED06,2026-04-28 13:12,2026-06-03 15:00,FALTA
AG04343,PAC0627,Felipe Monteiro Marques,51974530523,particular,MED02,2026-04-28 13:48,2026-05-05 11:00,realizada
AG04344,PAC0918,Leandro Silva Mendes,53948443877,convenio,MED02,2026-04-28 13:48,2026-05-07 10:30,realizada
AG04345,PAC0743,João Pinto Fernandes,(54) 94644-4586,particular,MED05,28/04/2026 14:12,07/05/2026 17:30,realizada
AG04346,PAC0827,Letícia Rocha Santos,(54) 90077-7994,particular,MED04,28/04/2026 14:48,2026-05-05 10:30,realizada
AG04347,PAC0923,Paulo Gonçalves Coelho,(51) 90605-8806,convenio,MED01,2026-04-28 15:05,2026-05-08 13:00,falta
AG04348,PAC0607,Henrique Fonseca Kuhn,519880,convenio,MED05,2026-04-28 15:12,2026-06-11 17:30,realizada
AG04349,PAC0377,Fernando Hoffmann Peixoto,54910618587,convenio,MED01,2026-04-28 15:33,2026-06-03 09:00,atendido
AG04350,PAC1011,Patrícia Silva Sales,+55 51 939006572,Convênio,MED01,2026-04-28 15:41,2026-05-27 10:00,realizada
AG03985,PAC0819,João Marques Tavares,(53) 93616-7001,particular,MED04,08/04/2026 09:33,2026-05-11 09:30,realizada
AG04351,PAC0970,Márcio Correia Lorenzi,53978400546,convenio,MED02,2026-04-28 16:05,2026-05-19 11:30,FALTA
AG04352,PAC0628,Fernando Gonçalves Tomasi,51937449504,convenio,MED05,2026-04-28 16:33,11/05/2026 17:00,realizada
AG04353,PAC0790,Samuel Silva Santana,54942718183,particular,MED01,2026-04-28 17:12,2026-04-29 07:00,falta
AG04354,PAC0950,Gustavo Freitas Andrade,(54) 95102-8386,convenio,MED05,2026-04-28 17:12,13/05/2026 16:00,Realizada
AG04355,PAC0907,Isabela Cavalcanti Nascimento,(51) 99852-5322,CONVENIO,MED02,2026-04-29 08:00,05/05/2026 16:00,realizada
AG04356,PAC0887,Vitor Fernandes Rodrigues,(54) 99040-5408,convenio,MED03,2026-04-29 08:48,2026-04-29 16:30,REALIZADA
AG04357,PAC0597,Júlia Santos Mendes,(51) 97989-3010,particular,MED04,29/04/2026 09:42,2026-04-29 11:30,realizada
AG04358,PAC0073,Márcio Mendes Bertoldi,(51) 94287-3467,convenio,MED03,2026-04-29 09:55,2026-05-27 13:00,Realizada
AG04359,PAC0164,Natália Nunes Nascimento,51974592966,convenio,MED01,2026-04-29 10:41,2026-05-06 09:30,realizada
AG04360,PAC0759,André Kuhn Almeida,(54) 91302-3103,CONVENIO,MED02,2026-04-29 10:41,2026-05-12 10:30,realizada
AG04361,PAC0299,Priscila Souza Bezerra,(53) 91166-7412,convenio,MED03,2026-04-29 10:48,2026-06-03 13:00,falta
AG04362,PAC0728,Sônia Batista Monteiro,+55 51 964065345,convenio,MED05,29/04/2026 11:00,04/05/2026 15:00,realizada
AG04363,PAC0935,Helena Alves Menezes,(51) 96641-0201,convenio,MED05,2026-04-29 11:00,2026-05-11 15:00,atendido
AG04364,PAC0855,Mateus Barbosa Barbosa,51997707378,convênio,MED06,2026-04-29 11:20,2026-04-30 10:30,REALIZADA
AG04365,PAC0811,Murilo Aguiar Kuhn,51968925394,convenio,MED03,2026-04-29 11:33,2026-05-25 13:30,atendido
AG04366,PAC0851,Lorena Fernandes Xavier,(53) 90795-8447,convenio,MED04,2026-04-29 11:55,2026-05-12 11:30,realizada
AG04367,PAC0914,Ana Souza Ferreira,51943968920,convenio,MED03,2026-04-29 12:33,2026-05-06 15:00,realizada
AG04368,PAC0387,Camila Gonçalves Reis,51905762229,convenio,MED03,2026-04-29 12:33,2026-05-08 08:30,Realizada
AG04369,PAC0957,Roberto Marques Soares,(51) 91247-7584,convenio,MED06,29/04/2026 12:55,2026-05-14 09:00,atendido
AG04370,PAC1021,Leandro Reis Barbosa,(54) 97434-9038,particular,MED05,29/04/2026 12:55,2026-05-28 16:00,atendido
AG04371,PAC0898,Luiza Bezerra Hoffmann,+55 54 919450890,convenio,MED02,2026-04-29 13:00,2026-04-30 10:00,REALIZADA
AG04372,PAC0511,Beatriz Menezes Ramos,99666,particular,MED04,2026-04-29 13:05,2026-05-05 09:30,FALTA
AG04373,PAC0775,Fernando Lopes Monteiro,(53) 92478-5015,particular,MED06,2026-04-29 13:48,2026-05-05 11:00,realizada
AG04374,PAC0678,Thiago Silva Castro,53927535023,convenio,MED04,2026-04-29 14:05,2026-04-30 11:30,REALIZADA
AG04375,PAC0870,Júlia Araújo Machado,+55 51 964345419,particular,MED03,2026-04-29 14:05,11/05/2026 15:00,realizada
AG04376,PAC0964,Henrique Peixoto Campos,53962784963,convenio,MED04,2026-04-29 14:20,2026-05-15 09:00,realizada
AG04377,PAC0774,Tânia Cardoso Almeida,+55 54 932679878,particular,MED04,2026-04-29 14:20,2026-05-28 10:00,cancelado clinica
AG04378,PAC0810,Roberto Siqueira Brandão,(51) 97403-4681,convenio,MED05,2026-04-29 14:33,2026-05-21 17:00,falta
AG04379,PAC1055,Daniel  Moura Monteiro,(54) 90344-4823,particular,MED01,2026-04-29 15:05,2026-06-05 15:00,cancelado
AG04380,PAC0117,Simone Dias Barbosa,51992737016,particular,MED01,2026-04-29 15:05,2026-06-12 16:00,realizada
AG04381,PAC0270,Fernando Dias Santana,+55 53 978879045,Particular,MED06,2026-04-29 15:41,2026-05-05 11:30,realizada
AG04382,PAC0672,Rodrigo Vieira Lorenzi,(51) 96184-4931,Particular,MED04,2026-04-29 15:41,2026-05-22 10:00,falta
AG04383,PAC0033,Caio Lima Zanella,53948151415,convenio,MED03,29/04/2026 15:55,2026-05-06 17:00,Realizada
AG04384,PAC0238,Luiza Nunes Araújo,51926613277,convenio,MED02,2026-04-29 15:55,2026-06-11 16:00,realizada
AG04385,PAC0323,Sérgio Silva Marques,(51) 95439-9501,convenio,MED04,29/04/2026 16:05,2026-05-14 10:00,falta
AG04386,PAC0758,Wagner Barbosa Cavalcanti,(51) 98617-3685,convenio,MED01,2026-04-29 16:33,04/05/2026 10:30,atendido
AG04387,PAC0007,Juliana Soares Freitas,(54) 98991-4330,convenio,MED01,2026-04-29 17:00,2026-05-22 13:00,falta
AG04388,PAC0611,Daniel Kuhn Borges,51907488787,Convênio,MED02,2026-04-30 08:20,2026-05-05 17:30,realizada
AG04389,PAC0096,Débora Bezerra Castro,(51) 98563-5074,particular,MED03,2026-04-30 08:33,2026-05-11 13:00,REALIZADA
AG04390,PAC1037,Sabrina Fernandes Macedo,54971074801,particular,MED04,30/04/2026 09:33,2026-06-01 09:00,atendido
AG04391,PAC1014,Vitor Marques Cavalcanti,(54) 96858-0084,convenio,MED03,2026-04-30 09:48,2026-05-27 17:00,REALIZADA
AG04392,PAC0822,Vanessa Correia Bertoldi,(53) 94258-7434,convenio,MED05,2026-04-30 10:00,2026-06-02 17:30,faltou
AG04393,PAC0902,Daniel Barbosa Santos,(53) 93970-4947,Convênio,MED04,30/04/2026 10:05,2026-05-04 08:00,realizada
AG04394,PAC1062,Emerson Machado Rodrigues,+55 51 957931518,convenio,MED04,2026-04-30 10:20,2026-06-08 09:00,faltou
AG04395,PAC0921,Luiza Macedo Araújo,+55 54 920179126,convenio,MED04,2026-04-30 10:33,07/05/2026 10:30,faltou
AG04396,PAC0036,Igor Bertoldi Sales,(51) 97246-2488,particular,MED03,30/04/2026 10:55,2026-05-11 16:30,no_show
AG04397,PAC0620,Daniel Silva Moreira,(53) 93879-6121,particular,MED03,2026-04-30 12:00,2026-05-15 09:30,falta
AG04398,PAC0134,Thiago Souza Xavier,+55 51 982189018,Particular,MED04,2026-04-30 12:20,2026-05-04 09:00,Realizada
AG04399,PAC0557,Leandro Santos Gonçalves,51948049597,convenio,MED05,2026-04-30 12:55,2026-05-27 17:00,realizada
AG04400,PAC0840,Fábio Ramos Rodrigues,+55 51 924071977,particular,MED05,2026-04-30 13:00,2026-05-05 14:00,atendido
AG04401,PAC0933,Sabrina Dias Vieira,54964725602,convenio,MED04,2026-04-30 13:12,2026-05-11 10:00,cancelado
AG04402,PAC0004,Maria Pereira Macedo,(54) 92837-8326,convenio,MED04,2026-04-30 13:33,13/05/2026 11:30,desmarcou
AG04403,PAC0175,Jéssica Ramos Menezes,+55 53 941425285,particular,MED02,2026-04-30 14:00,2026-06-16 10:00,realizada
AG04404,PAC0937,Larissa Lima Xavier,53987912276,convenio,MED02,2026-04-30 14:41,12/05/2026 08:30,atendido
AG04405,PAC0806,Gabriel Moura Bezerra,54906671127,convenio,MED04,2026-04-30 14:55,2026-06-10 08:00,Realizada
AG04406,PAC0693,Luiza Prado Oliveira,(53) 91258-0313,Particular,MED05,2026-04-30 15:12,2026-05-04 14:00,FALTA
AG04407,PAC0915,Rodrigo Moreira Zanella,51921242963,particular,MED04,2026-04-30 15:41,08/05/2026 10:00,cancelado
AG04408,PAC0724,Pedro Araújo Vieira,+55 51 913571720,particular,MED02,2026-04-30 15:55,05/05/2026 10:30,realizada
AG04409,PAC0580,Fernando Campos Alves,+55 54 934492770,convenio,MED04,2026-04-30 17:20,2026-05-04 08:30,cancelada_paciente
AG04410,PAC0385,Samuel Bittencourt Alves,51926366732,convenio,MED02,2026-04-30 17:20,2026-05-05 10:00,falta
AG04411,PAC0672,Rodrigo Vieira Lorenzi,(51) 96184-4931,particular,MED03,2026-04-30 17:20,2026-05-08 10:30,realizada
AG04412,PAC0189,João Becker Borges,92286,convenio,MED06,2026-04-30 17:48,2026-05-21 11:30,realizada
AG04413,PAC0917,Felipe Pires Gomes,+55 51 908911629,particular,MED05,2026-04-30 17:48,2026-06-08 17:30,falta
AG04414,PAC0744,Larissa Bittencourt Monteiro,54955968198,CONVENIO,MED04,2026-05-04 08:12,2026-05-20 09:30,desmarcou
AG04415,PAC0874,Larissa Brandão Alves,(53) 90753-9282,Convênio,MED03,2026-05-04 08:41,2026-05-04 15:30,REALIZADA
AG04416,PAC0816,Roberto Ribeiro Lopes,(51) 98973-0028,convenio,MED02,2026-05-04 08:41,2026-05-05 14:00,realizada
AG04417,PAC1093,Vitor Moura Queiroz,(54) 91901-7657,convenio,MED04,2026-05-04 09:00,2026-06-15 09:30,faltou
AG04418,PAC0245,Juliana Bezerra Duarte,54992501078,Particular,MED02,2026-05-04 09:20,2026-05-12 17:00,REALIZADA
AG04419,PAC1017,Gabriel Lorenzi Andrade,+55 51 962605853,Convênio,MED02,2026-05-04 09:20,2026-05-28 08:30,falta
AG04420,PAC0621,Caio Lorenzi Correia,54965025129,Convênio,MED02,2026-05-04 09:41,2026-05-07 11:30,faltou
AG04421,PAC0575,Juliana Miranda Teixeira,(51) 90481-6241,particular,MED04,2026-05-04 09:41,2026-06-15 10:00,falta
AG04422,PAC0221,Ricardo Teixeira Xavier,(51) 93465-8074,convenio,MED06,2026-05-04 09:48,2026-05-26 10:00,no_show
AG04423,PAC0354,Roberto Casto Monteiro,+55 53 965563215,particular,MED04,2026-05-04 10:00,20/05/2026 11:00,realizada
AG04424,PAC0497,Pedro Santos Guimarães,(53) 97826-2103,convenio,MED05,2026-05-04 10:05,2026-05-04 17:30,atendido
AG04425,PAC0492,Carolina Peixoto Batista,+55 54 902282213,convenio,MED03,2026-05-04 10:40,2026-05-04 16:30,cancelada_clinica
AG04426,PAC0501,Débora Gonçalves Almeida,(51) 93423-0594,Convênio,MED05,2026-05-04 10:41,2026-05-04 16:30,realizada
AG04427,PAC0748,Luciana Teixeira Farias,0000000000,convenio,MED05,2026-05-04 10:41,2026-05-06 17:30,realizada
AG04428,PAC0704,Luiza Batista Rezende,+55 53 971768613,convenio,MED01,2026-05-04 10:48,2026-06-05 14:00,realizada
AG04429,PAC0533,Raquel Bertoldi Rezende,+55 54 975416915,convenio,MED06,2026-05-04 11:00,2026-05-13 14:00,realizada
AG04430,PAC0132,Cláudia Souza Nascimento,(51) 98903-9821,Particular,MED03,2026-05-04 11:48,18/05/2026 14:00,realizada
AG04431,PAC0395,Vanessa Reis Cardoso,(51) 99436-1346,particular,MED04,2026-05-04 11:55,2026-05-06 10:30,atendido
AG04432,PAC0884,Emerson Santana Cardoso,(54) 94466-8000,convenio,MED04,2026-05-04 12:12,2026-05-08 11:30,realizada
AG04433,PAC0573,Henrique Schmidt Hoffmann,53909092292,PARTICULAR,MED05,2026-05-04 12:14,2026-05-04 14:00,realizada
AG04434,PAC0047,Raquel Ramos Prado,+55 54 907183846,particular,MED01,2026-05-04 12:48,2026-05-11 08:30,cancelado pelo paciente
AG04435,PAC1035,Wagner Castro Silva,(51) 91699-0226,convenio,MED03,04/05/2026 13:00,01/06/2026 15:30,realizada
AG04436,PAC0480,Gisele Rezende Guimarães,(51) 99787-2497,particular,MED05,04/05/2026 13:05,2026-05-28 15:00,confirmado
AG04437,PAC0973,Diego Müller Queiroz,(51) 96978-5201,convenio,MED02,2026-05-04 13:12,2026-05-19 16:30,cancelado clinica
AG04438,PAC0534,Bianca Gonçalves Duarte,(53) 90296-5984,particular,MED06,2026-05-04 13:12,2026-06-18 08:00,no_show
AG04439,PAC0817,Fábio Brandão Macedo,+55 54 974485259,Convênio,MED03,2026-05-04 13:31,2026-05-04 16:30,realizada
AG04440,PAC0769,Mariana Cardoso Menezes,(54) 94140-1383,CONVENIO,MED05,2026-05-04 14:41,06/05/2026 14:00,Realizada
AG04441,PAC0227,Diego Sales Coelho,(53) 99785-9132,particular,MED04,04/05/2026 15:05,2026-05-11 11:30,realizada
AG04442,PAC0014,Sônia Silva Reis,+55 53 998575311,particular,MED02,2026-05-04 15:41,2026-05-12 16:30,realizada
AG04443,PAC1094,Elaine Hoffmann Rodrigues,(51) 98237-0547,convenio,MED04,04/05/2026 15:48,2026-06-15 11:30,REALIZADA
AG04444,PAC0983,Caio Fernandes Santana,(54) 97362-6767,convenio,MED03,2026-05-04 16:05,20/05/2026 15:00,realizada
AG04445,PAC0908,João Machado Silva,(51) 95921-7763,CONVENIO,MED05,2026-05-04 16:12,05/05/2026 14:30,cancelado
AG04446,PAC0947,Bruno Rocha Pereira,+55 51 928267226,convenio,MED04,2026-05-04 16:20,2026-05-13 08:30,realizada
AG04447,PAC0958,Viviane Correia Pies,(51) 90968-5762,particular,MED06,2026-05-04 16:41,2026-05-14 09:30,cancelado
AG04448,PAC1004,EDUARDO QUEIROZ PEREIRA,+55 51 959112079,convênio,MED05,2026-05-04 16:55,2026-06-10 16:30,no_show
AG04449,PAC0175,Jéssica Ramos Menezes,+55 53 941425285,particular,MED05,2026-05-04 17:00,2026-06-09 17:30,realizada
AG04450,PAC0522,Renata Duarte Prado,53998909637,convenio,MED04,2026-05-04 17:05,2026-05-29 11:30,Realizada
AG04451,PAC1010,Bruno Rocha Siqueira,+55 53 931912154,Convênio,MED06,2026-05-04 17:41,2026-05-26 11:30,falta
AG04452,PAC0642,Emerson Monteiro Schmidt,+55 51 913621239,convenio,MED04,04/05/2026 17:48,2026-05-06 08:00,realizada
AG04453,PAC0315,José Aguiar Carvalho,54982105845,convenio,MED06,05/05/2026 08:00,2026-05-06 14:30,realizada
AG04454,PAC0407,Ana Freitas Bertoldi,+55 51 944722327,convenio,MED04,2026-05-05 09:12,15/06/2026 08:30,faltou
AG04455,PAC0948,Arthur Oliveira Menezes,(51) 93565-7091,convenio,MED04,2026-05-05 09:48,2026-05-13 10:00,realizada
AG04456,PAC0466,Thiago Pires Weber,51904279785,particular,MED05,05/05/2026 11:00,2026-05-06 15:00,realizada
AG04457,PAC0233,Rafael Andrade Alves,+55 51 998902976,convênio,MED03,05/05/2026 11:05,2026-06-01 13:00,faltou
AG04458,PAC0427,Wagner Andrade Miranda,519172,particular,MED02,2026-05-05 12:00,2026-06-11 17:30,ausente
AG04459,PAC0912,Ana Tavares Schmidt,+55 54 949073900,particular,MED03,2026-05-05 12:12,2026-06-05 09:00,falta
AG04460,PAC0079,Daniel Tomasi Pires,,particular,MED01,2026-05-05 12:55,2026-05-13 09:00,REALIZADA
AG04461,PAC0754,Daniel Bertoldi Campos,(51) 95177-8800,particular,MED06,2026-05-05 13:33,2026-05-06 17:30,Realizada
AG04462,PAC0477,Camila Siqueira Xavier,51980800415,convenio,MED05,2026-05-05 13:33,2026-05-14 16:30,falta
AG04463,PAC0353,Elaine Campos Santana,53990673944,CONVENIO,MED05,05/05/2026 13:36,2026-05-05 14:30,realizada
AG04464,PAC0250,José Miranda Marques,(51) 90498-8900,particular,MED01,2026-05-05 13:55,2026-05-18 08:30,realizada
AG04465,PAC0068,Vanessa Tomasi Queiroz,(53) 91051-3636,convenio,MED05,2026-05-05 14:00,2026-05-06 17:00,realizada
AG04466,PAC0680,Adriana Guimarães Correia,+55 51 905139195,Convênio,MED05,2026-05-05 14:00,2026-06-03 17:00,ausente
AG04467,PAC0003,Camila Miranda Carvalho,51961003307,convenio,MED05,2026-05-05 14:33,2026-05-19 14:00,desmarcou
AG04468,PAC0546,Igor Soares Moreira,53957770343,convenio,MED05,2026-05-05 15:55,2026-05-13 17:30,atendido
AG04469,PAC0691,Larissa Rocha Ferreira,+55 54 963489137,convenio,MED04,2026-05-05 16:41,2026-05-11 10:30,realizada
AG04470,PAC0189,João Becker Borges,92286,convenio,MED04,2026-05-05 16:55,2026-05-28 10:30,realizada
AG04471,PAC0940,Arthur Correia Brandão,+55 51 961275328,particular,MED04,2026-05-05 17:12,2026-05-12 09:30,realizada
AG04472,PAC0022,Samuel Farias Pires,54939218051,particular,MED04,2026-05-05 17:12,2026-05-12 10:30,cancelada_paciente
AG04473,PAC0398,Adriana Gomes Siqueira,+55 51 906050640,particular,MED04,2026-05-05 17:41,2026-05-06 08:30,realizada
AG04474,PAC0616,Simone Brandão Mendes,(53) 97260-6218,convenio,MED03,2026-05-05 17:41,2026-06-01 14:30,Realizada
AG04475,PAC0028,Felipe Coelho Almeida,(53) 94895-4499,convenio,MED04,2026-05-06 08:28,2026-05-08 10:00,atendido
AG04476,PAC0327,Simone Hoffmann Fernandes,+55 54 945806949,particular,MED02,2026-05-06 08:33,2026-06-09 11:00,FALTA
AG04477,PAC0913,Jéssica Souza Ferreira,+55 51 938167798,Convênio,MED01,2026-05-06 08:59,2026-05-06 11:30,realizada
AG04478,PAC0433,Jéssica Ferreira Santana,+55 51 972424584,particular,MED02,2026-05-06 09:00,2026-05-19 11:00,realizada
AG04479,PAC0946,Felipe Pires Machado,51924293340,convenio,MED03,2026-05-06 09:41,2026-05-13 17:00,realizada
AG04480,PAC0064,Daniel Coelho Freitas,(53) 98705-6910,convenio,MED03,2026-05-06 09:48,2026-05-06 16:30,REALIZADA
AG04481,PAC0172,Márcio Bertoldi Guimarães,(54) 99040-9724,convenio,MED05,2026-05-06 09:48,2026-05-06 14:30,realizada
AG04482,PAC0930,Samuel Peixoto Farias,,convenio,MED04,2026-05-06 10:41,2026-05-08 08:30,cancelado pelo paciente
AG04483,PAC0292,Murilo Silva Reis,(51) 97428-5416,convenio,MED06,2026-05-06 10:48,2026-05-12 09:30,REALIZADA
AG04484,PAC0928,Roberto Gonçalves Weber,(54) 98979-2737,particular,MED03,2026-05-06 11:00,08/05/2026 11:00,realizada
AG04485,PAC0713,Fabiana Siqueira Tomasi,51991482634,convenio,MED05,2026-05-06 11:12,2026-05-19 16:30,cancelado
AG04486,PAC0962,Daniel Sales Santana,51987312844,convenio,MED04,2026-05-06 11:55,2026-05-15 08:00,REALIZADA
AG04487,PAC0757,Fábio  Batista Bittencourt,(54) 92603-1526,convenio,MED02,2026-05-06 12:33,2026-05-19 14:30,realizada
AG04488,PAC0032,Daniel Souza Farias,54996395682,convenio,MED04,2026-05-06 12:33,27/05/2026 08:00,no_show
AG04489,PAC0334,Daniel Araújo Gonçalves,(51) 99523-5715,particular,MED06,2026-05-06 13:12,2026-05-19 09:00,realizada
AG04490,PAC0549,Vanessa Becker Ramos,(51) 92950-4817,CONVENIO,MED03,2026-05-06 13:12,2026-06-15 17:00,FALTA
AG04491,PAC0036,Igor Bertoldi Sales,(51) 97246-2488,particular,MED05,2026-05-06 13:20,2026-05-11 17:30,realizada
AG04492,PAC0989,Pedro Becker Aguiar,(53) 92922-0775,convenio,MED02,2026-05-06 13:20,2026-05-21 09:30,ausente
AG04493,PAC0585,Luciana Weber Weber,51989625516,convenio,MED02,2026-05-06 13:33,2026-05-14 09:30,realizada
AG04494,PAC0813,José Campos Batista,(51) 98562-3052,particular,MED01,2026-05-06 13:33,2026-06-19 14:30,realizada
AG04495,PAC0917,Felipe Pires Gomes,+55 51 908911629,particular,MED06,2026-05-06 13:48,2026-05-06 16:30,REALIZADA
AG04496,PAC0847,Simone Moura Miranda,53923078317,CONVENIO,MED05,2026-05-06 15:12,2026-05-20 17:00,realizada
AG04497,PAC1016,João Schmidt Dias,(51) 94602-2107,particular,MED06,2026-05-06 15:12,2026-05-27 17:00,cancelado pelo paciente
AG04498,PAC0675,Mateus Ribeiro Souza,54985259411,convenio,MED04,2026-05-06 15:20,2026-05-07 08:30,faltou
AG04499,PAC0949,Otávio Almeida Borges,(51) 97460-1238,convenio,MED04,2026-05-06 15:55,2026-05-13 10:30,Realizada
AG04500,PAC0411,Vanessa Silva Araújo,(51) 90447-3141,PARTICULAR,MED02,2026-05-06 16:20,2026-05-19 09:30,realizada
AG04501,PAC0098,Ana Fernandes Castro,54958716908,particular,MED01,2026-05-06 16:20,2026-06-01 08:30,realizada
AG04502,PAC0041,Beatriz Soares Nascimento,93607,convenio,MED04,2026-05-06 17:04,2026-05-07 08:30,Realizada
AG04503,PAC0524,Adriana Castro Brandão,(53) 94389-9153,convenio,MED03,2026-05-06 17:33,2026-05-11 16:00,realizada
AG04504,PAC0473,Arthur Castro Castro,(53) 99542-8480,CONVENIO,MED01,2026-05-06 17:41,2026-05-18 07:30,realizada
AG04505,PAC0701,Aline Correia Campos,+55 51 954606774,convenio,MED04,2026-05-07 08:12,2026-06-08 09:30,faltou
AG04506,PAC0929,Roberto Almeida Fonseca,54913673460,convenio,MED04,2026-05-07 08:20,2026-05-08 08:00,realizada
AG04507,PAC0979,Luiza Campos Lorenzi,(51) 95051-3828,convenio,MED01,2026-05-07 08:20,2026-05-20 07:30,falta
AG04508,PAC0764,Júlia Souza Alves,+55 51 920815493,CONVENIO,MED01,2026-05-07 08:20,2026-06-01 07:00,Realizada
AG04509,PAC0599,Pedro Carvalho Siqueira,53953846874,particular,MED06,2026-05-07 08:37,2026-05-07 10:30,Realizada
AG04510,PAC0331,Adriana Rodrigues Guimarães,(51) 95418-7569,convenio,MED01,2026-05-07 08:41,2026-05-13 10:00,FALTA
AG04511,PAC0817,Fábio Brandão Macedo,+55 54 974485259,convenio,MED02,2026-05-07 08:48,2026-05-12 09:00,faltou
AG04512,PAC0978,Lorena Moreira Müller,51948648745,particular,MED06,2026-05-07 08:55,19/05/2026 08:30,falta
AG04513,PAC0615,Beatriz Araújo Gonçalves,+55 51 965166528,particular,MED04,2026-05-07 09:20,2026-06-12 10:30,realizada
AG04514,PAC0052,Daniel Araújo Coelho,(51) 98488-8292,particular,MED04,07/05/2026 10:33,2026-05-12 08:00,realizada
AG04515,PAC0975,Isabela Hoffmann Bertoldi,54917055749,convenio,MED04,07/05/2026 10:55,2026-05-19 09:00,Realizada
AG04516,PAC1041,Débora Costa Bezerra,(51) 95026-0185,convenio,MED02,07/05/2026 11:48,2026-06-02 15:00,falta
AG04517,PAC0969,Murilo Cavalcanti Santana,(51) 97711-1633,convenio,MED04,2026-05-07 12:20,2026-05-19 11:00,realizada
AG04518,PAC0097,Luiza Duarte Mendes,0000000000,Convênio,MED05,2026-05-07 13:00,2026-05-11 15:30,Realizada
AG04519,PAC0038,Aline Soares Costa,51949817719,convenio,MED01,2026-05-07 13:00,2026-05-27 11:00,FALTA
AG04520,PAC0971,Bianca Farias Weber,(54) 91477-4242,convenio,MED02,2026-05-07 13:41,19/05/2026 15:30,realizada
AG04521,PAC0963,Diego Schmidt Silva,53943938955,convenio,MED04,2026-05-07 14:00,2026-05-15 08:30,ausente
AG04522,PAC0315,José Aguiar Carvalho,54982105845,convenio,MED04,2026-05-07 14:33,2026-05-11 11:00,realizada
AG04523,PAC0673,Thiago Ramos Araújo,51907806736,convenio,MED01,2026-05-07 14:41,2026-05-18 10:00,no_show
AG04524,PAC0219,Otávio Miranda Pinto,(54) 96002-1930,convenio,MED04,2026-05-07 15:55,2026-05-08 09:00,atendido
AG04525,PAC0257,Mariana Marques Andrade,(51) 96369-9054,convenio,MED02,2026-05-07 15:55,02/06/2026 10:00,REALIZADA
AG04526,PAC0461,Bruno Moreira Correia,+55 53 993957896,convenio,MED01,07/05/2026 16:12,2026-05-13 11:00,cancelado pelo paciente
AG04527,PAC0314,Letícia Lorenzi Sales,51949084254,particular,MED04,2026-05-07 16:20,2026-05-21 11:30,FALTA
AG04528,PAC0360,Alexandre Ramos Souza,(51) 98722-2463,particular,MED04,07/05/2026 16:33,2026-05-18 11:30,realizada
AG04529,PAC1077,Sabrina Prado Cavalcanti,(51) 96305-6172,convenio,MED02,2026-05-07 16:33,2026-06-11 14:00,Realizada
AG04530,PAC0965,Leandro Sales Lorenzi,54984426336,convenio,MED04,2026-05-07 16:48,2026-05-15 10:30,FALTA
AG04531,PAC0756,Paulo Araújo Carvalho,54940282625,convenio,MED02,2026-05-07 17:04,14/05/2026 08:30,realizada
AG04532,PAC0960,Ana Barbosa Ribeiro,(51) 91698-5821,particular,MED01,07/05/2026 17:05,2026-05-15 13:30,Realizada
AG04533,PAC1074,Leonardo Almeida Mendes,(54) 95918-0964,convenio,MED04,2026-05-07 17:33,2026-06-10 09:00,falta
AG04534,PAC0032,Daniel Souza Farias,54996395682,Convênio,MED04,07/05/2026 17:48,2026-05-21 09:00,REALIZADA
AG04535,PAC0897,Murilo Vieira Araújo,54965660384,convenio,MED04,2026-05-08 08:00,2026-05-28 09:00,atendido
AG06954,PAC0953,Diego Mendes Kuhn,(54) 95525-7027,particular,MED04,2026-09-09 15:55,2026-10-08 08:30,falta
AG04536,PAC1102,Sérgio Almeida Martins,+55 54 900349959,convênio,MED01,2026-05-08 08:33,2026-06-17 09:00,faltou
AG04537,PAC0931,Adriana Müller Schmidt,(51) 97000-3536,convenio,MED04,2026-05-08 08:52,08/05/2026 09:30,falta
AG04538,PAC0094,Fernando Nascimento Viana,51999977924,convenio,MED06,2026-05-08 10:00,2026-05-21 08:30,falta
AG04539,PAC0026,Elaine Souza Santos,+55 51 990266056,particular,MED04,2026-05-08 10:05,2026-05-11 08:30,realizada
AG04540,PAC0170,Caio Nunes Santana,+55 51 994753655,convenio,MED01,08/05/2026 11:41,13/05/2026 09:30,FALTA
AG04541,PAC0517,Rodrigo Carvalho Cardoso,(51) 98779-7982,particular,MED02,2026-05-08 11:55,2026-05-28 09:30,falta
AG04542,PAC1118,Arthur Teixeira Tavares,(51) 92401-7697,convenio,MED01,2026-05-08 12:00,2026-06-19 16:30,Realizada
AG04543,PAC0924,Camila Oliveira Moura,51921496629,convenio,MED04,2026-05-08 13:36,2026-05-12 10:30,realizada
AG04544,PAC0985,Cristina Carvalho Schmidt,(54) 97596-5985,convenio,MED04,2026-05-08 14:12,2026-06-11 08:30,realizada
AG04545,PAC1006,Débora Moreira Guimarães,(51) 96434-4039,convenio,MED02,2026-05-08 14:48,2026-05-26 14:00,atendido
AG04546,PAC0130,Débora Becker Correia,(54) 91064-5965,particular,MED01,2026-05-08 14:55,2026-05-18 11:30,faltou
AG04547,PAC0350,Tânia Fernandes Monteiro,51946014833,convenio,MED04,2026-05-08 15:00,2026-05-20 10:00,realizada
AG04548,PAC0619,Carolina Hoffmann Lopes,+55 53 926390059,PARTICULAR,MED01,2026-05-08 16:05,2026-06-03 10:00,falta
AG04549,PAC0796,Gustavo Cardoso Monteiro,+55 51 982791041,particular,MED01,08/05/2026 16:55,2026-05-18 11:00,FALTA
AG04550,PAC1095,Bianca Bertoldi Tavares,(54) 94279-0822,particular,MED05,2026-05-08 17:12,2026-06-15 16:00,realizada
AG04551,PAC0666,Thiago Santos Bittencourt,(51) 90578-8718,particular,MED03,2026-05-08 17:20,2026-06-10 17:00,REALIZADA
AG04552,PAC0497,Pedro Santos Guimarães,(53) 97826-2103,convenio,MED01,08/05/2026 17:41,2026-05-22 14:00,falta
AG04553,PAC0341,Eduardo Carvalho Barbosa,51946507232,convenio,MED04,11/05/2026 08:45,2026-05-13 11:30,realizada
AG04554,PAC0934,Helena Zanella Bittencourt,51966219307,particular,MED05,11/05/2026 08:55,2026-05-11 14:30,falta
AG04555,PAC0270,Fernando Dias Santana,+55 53 978879045,particular,MED04,2026-05-11 09:00,2026-05-12 08:30,realizada
AG04556,PAC0168,Cristina Farias Müller,51992073539,Convênio,MED02,2026-05-11 09:05,12/05/2026 11:00,realizada
AG04557,PAC1086,César Soares Teixeira,(51) 95209-9619,convênio,MED01,11/05/2026 09:05,2026-06-12 13:00,realizada
AG04558,PAC0028,Felipe Coelho Almeida,(53) 94895-4499,convenio,MED03,2026-05-11 10:48,22/06/2026 14:30,faltou
AG04559,PAC1009,Thiago Peixoto Fonseca,(51) 98378-4546,particular,MED05,2026-05-11 11:05,2026-05-26 14:00,realizada
AG04560,PAC0939,Emerson Moura Farias,(53) 92155-4926,convenio,MED02,2026-05-11 11:20,12/05/2026 11:30,realizada
AG04561,PAC0894,Carolina Ramos Freitas,51967743064,particular,MED06,11/05/2026 11:41,2026-06-11 11:30,realizada
AG04562,PAC0805,Cláudia Pires Reis,(53) 95701-2670,convenio,MED03,11/05/2026 12:05,2026-06-03 17:00,falta
AG04563,PAC0583,Elaine Schmidt Mendes,54972519643,CONVENIO,MED05,2026-05-11 13:08,2026-05-11 14:00,realizada
AG04564,PAC0129,Larissa Pereira Dias,(51) 93595-3803,convenio,MED04,2026-05-11 13:41,2026-05-12 11:00,confirmado
AG04565,PAC0966,Márcio Ramos Gonçalves,+55 51 933703887,convenio,MED04,2026-05-11 13:55,2026-05-15 11:30,realizada
AG04566,PAC1060,Helena Moreira Ferreira,(51) 93080-9708,convenio,MED03,2026-05-11 14:41,2026-06-08 14:30,atendido
AG04567,PAC0961,Raquel Menezes Santana,51937217074,convenio,MED01,2026-05-11 15:05,15/05/2026 14:00,realizada
AG04568,PAC0461,Bruno Moreira Correia,+55 53 993957896,CONVENIO,MED03,11/05/2026 15:05,2026-06-08 16:00,ausente
AG04569,PAC1057,Arthur Costa Lorenzi,(51) 95900-9846,particular,MED03,11/05/2026 15:12,2026-06-05 08:30,FALTA
AG04570,PAC0323,Sérgio Silva Marques,(51) 95439-9501,convenio,MED02,2026-05-11 15:28,2026-05-12 09:00,no_show
AG04571,PAC1001,Jéssica Nascimento Cavalcanti,+55 51 945690650,particular,MED05,2026-05-11 15:33,2026-05-25 14:00,faltou
AG04572,PAC1112,Wagner Souza Pinto,54977892021,convenio,MED02,2026-05-11 16:05,2026-06-18 11:30,faltou
AG04573,PAC0485,Viviane Zanella Brandão,+55 51 963157917,particular,MED01,2026-05-11 17:20,2026-05-15 14:30,FALTA
AG04574,PAC0374,Mateus Batista Marques,,convenio,MED01,2026-05-12 08:00,2026-05-25 10:30,atendido
AG04575,PAC0301,Sérgio Sales Batista,+55 53 955389383,convenio,MED04,2026-05-12 08:05,2026-06-02 11:00,realizada
AG04576,PAC0122,Luiza Reis Becker,(54) 96239-4809,convênio,MED03,2026-05-12 09:00,2026-05-22 10:30,FALTA
AG04577,PAC0066,Eduardo Monteiro Reis,53986799759,convenio,MED03,2026-05-12 09:00,2026-05-25 15:30,cancelada_paciente
AG04578,PAC0942,Diego Pinto Guimarães,53956260084,convenio,MED06,2026-05-12 09:16,2026-05-12 10:00,realizada
AG04579,PAC0944,Mateus Baista Araújo,(53) 90934-8112,particular,MED03,2026-05-12 09:41,2026-05-13 13:00,cancelado
AG04580,PAC0806,Gabriel Moura Bezerra,54906671127,convenio,MED05,2026-05-12 09:41,2026-06-25 15:00,atendido
AG04581,PAC0496,Wagner Moreira Costa,(51) 91125-2010,convenio,MED01,2026-05-12 09:55,2026-05-25 10:00,realizada
AG04582,PAC0187,Pedro Araújo Cavalcanti,+55 51 971188841,particular,MED02,2026-05-12 10:05,2026-06-25 17:00,realizada
AG04583,PAC0571,Viviane Dias Batista,,CONVENIO,MED01,12/05/2026 10:55,2026-06-05 17:30,falta
AG04584,PAC0101,César Almeida Campos,(54) 95435-8456,particular,MED04,2026-05-12 11:12,2026-05-18 10:30,realizada
AG04585,PAC0146,Júlia Moreira Souza,(51) 93874-9982,particular,MED02,2026-05-12 12:00,2026-06-18 09:00,desmarcou
AG04586,PAC0611,Daniel Kuhn Borges,51907488787,convenio,MED01,2026-05-12 12:16,2026-05-13 11:00,realizada
AG04587,PAC0190,Sérgio Ribeiro Xavier,+55 54 920720983,convenio,MED03,12/05/2026 12:20,22/05/2026 09:30,faltou
AG04588,PAC0967,Camila Brandão Hoffmann,+55 53 913175395,CONVENIO,MED03,2026-05-12 12:48,2026-05-18 13:30,realizada
AG04589,PAC0055,Patrícia Prado Teixeira,51975702934,convenio,MED06,2026-05-12 13:05,2026-05-13 17:00,realizada
AG04590,PAC0709,Fernando Castro Rezende,(53) 92508-4285,convenio,MED02,2026-05-12 13:05,2026-05-19 09:00,realizada
AG04591,PAC0922,Vanessa Pires Machado,54943700262,convenio,MED04,2026-05-12 13:20,2026-05-18 11:00,no_show
AG04592,PAC0067,Henrique Müller Vieira,+55 53 981682185,PARTICULAR,MED05,2026-05-12 13:48,2026-05-14 17:30,atendido
AG04593,PAC0459,Ana Silva Tomasi,53940011866,particular,MED03,2026-05-12 13:48,2026-05-20 16:30,realizada
AG04594,PAC0186,Camila Freitas Reis,+55 51 975524678,convenio,MED05,2026-05-12 13:48,2026-06-10 17:30,falta
AG04595,PAC0699,Rafael Xavier Rezende,(54) 98019-9901,convenio,MED01,2026-05-12 13:55,2026-05-13 07:00,realizada
AG04596,PAC0357,Fernando Hoffmann Tomasi,54982332956,convenio,MED01,2026-05-12 14:00,2026-05-18 09:30,cancelada_clinica
AG04597,PAC0894,Carolina Ramos Freitas,51967743064,particular,MED04,2026-05-12 14:05,2026-05-26 11:00,Realizada
AG04598,PAC1004,Eduardo Queiroz Pereira,+55 51 959112079,convenio,MED02,2026-05-12 14:48,2026-05-26 09:00,realizada
AG04599,PAC0530,Cristina Duarte Freitas,(51) 93075-7451,particular,MED06,2026-05-12 15:00,2026-05-13 16:00,faltou
AG04600,PAC0985,Cristina Carvalho Schmidt,(54) 97596-5985,convenio,MED04,2026-05-12 15:05,2026-05-20 08:00,faltou
AG04601,PAC0758,Wagner Barbosa Cavalcanti,(51) 98617-3685,convenio,MED02,2026-05-12 15:33,21/05/2026 14:30,REALIZADA
AG04602,PAC0697,Pedro Viana Rocha,,particular,MED04,12/05/2026 15:48,2026-05-26 09:00,cancelado
AG04603,PAC1113,Gustavo Menezes Moreira,+55 53 922068738,convenio,MED02,2026-05-12 16:33,2026-06-18 14:30,atendido
AG04604,PAC0870,Júlia Araújo Machado,+55 51 964345419,particular,MED05,2026-05-12 17:05,2026-05-20 15:00,realizada
AG04605,PAC0372,Daniel Kuhn Xavier,(53) 99490-1473,convenio,MED04,2026-05-12 17:33,2026-05-13 11:00,realizada
AG04606,PAC0569,Márcio Schmidt Pinto,53921389589,convenio,MED02,2026-05-12 17:33,2026-05-21 15:30,faltou
AG04607,PAC1028,Sônia Duarte Guimarães,(51) 92756-6429,convenio,MED04,2026-05-13 08:05,29/05/2026 09:30,FALTA
AG04608,PAC1106,Sérgio Xavier Ribeiro,(51) 94805-6133,particular,MED04,2026-05-13 08:12,2026-06-17 10:00,ausente
AG04609,PAC0627,Felipe Monteiro Marques,51974530523,Particular,MED01,2026-05-13 08:55,2026-06-08 08:00,falta
AG04610,PAC1092,Débora Rodrigues Pinto,51939009847,Convênio,MED03,2026-05-13 09:12,2026-06-15 14:00,falta
AG04611,PAC0068,Vanessa Tomasi Queiroz,(53) 91051-3636,convenio,MED05,2026-05-13 09:41,2026-06-18 17:30,realizada
AG04612,PAC0943,Adriana Duarte Carvalho,51970343742,convenio,MED01,2026-05-13 09:55,13/05/2026 10:30,faltou
AG04613,PAC0708,Priscila Santana Guimarães,(51) 92210-3590,particular,MED02,13/05/2026 10:05,2026-05-26 15:30,realizada
AG04614,PAC0343,Sabrina Alves Castro,(51) 91139-9364,particular,MED04,2026-05-13 10:41,2026-06-10 10:00,atendido
AG04615,PAC1164,Carla Brandão Silva,(54) 90339-4767,particular,MED05,2026-05-13 10:55,30/06/2026 15:30,REALIZADA
AG04616,PAC0945,Emerson Lorenzi Miranda,51929822138,convenio,MED03,2026-05-13 11:52,2026-05-13 15:00,realizada
AG04617,PAC0066,Eduardo Monteiro Reis,53986799759,convênio,MED05,2026-05-13 11:55,2026-05-20 16:30,realizada
AG04618,PAC0870,Júlia Araújo Machado,+55 51 964345419,particular,MED05,2026-05-13 12:05,2026-05-13 15:00,Realizada
AG04619,PAC0738,Helena Zanella Aguiar,(51) 98601-3499,particular,MED06,2026-05-13 12:30,2026-05-14 09:30,atendido
AG04620,PAC0302,Simone Castro Becker,(54) 90621-7091,convenio,MED03,13/05/2026 12:48,2026-05-15 11:00,realizada
AG04621,PAC0417,Gustavo Pinto Correia,+55 54 969381977,particular,MED05,2026-05-13 12:48,2026-05-20 16:00,realizada
AG04622,PAC0658,Luiza Andrade Silva,(51) 90063-5386,convenio,MED04,2026-05-13 12:55,2026-05-19 11:30,falta
AG04623,PAC0620,Daniel Silva Moreira,(53) 93879-6121,particular,MED01,2026-05-13 13:00,2026-06-10 09:00,falta
AG04624,PAC0095,Vanessa Dias Hoffmann,53934170837,Particular,MED02,2026-05-13 13:05,2026-06-11 11:00,realizada
AG04625,PAC0289,Gabriel Aguiar Carvalho,54984298548,Particular,MED06,2026-05-13 13:33,2026-05-20 15:30,realizada
AG04626,PAC0373,Fábio Farias Weber,(51) 93540-0028,convenio,MED03,2026-05-13 13:33,2026-06-08 15:30,realizada
AG04627,PAC1027,Beatriz Ferreira Fernandes,53902116331,Convênio,MED04,2026-05-13 13:48,2026-05-29 08:30,faltou
AG04628,PAC0951,Wagner Weber Macedo,(53) 90243-8019,particular,MED06,2026-05-13 14:52,13/05/2026 16:00,agendada
AG04629,PAC0178,Felipe Pires Reis,54996725726,particular,MED06,2026-05-13 15:00,2026-05-27 17:30,faltou
AG04630,PAC0205,José Rezende Sales,+55 51 981800370,CONVENIO,MED04,2026-05-13 15:20,2026-06-17 08:30,realizada
AG04631,PAC0765,Juliana Bezerra Correia,51905239352,Convênio,MED03,2026-05-13 15:41,2026-06-26 08:00,realizada
AG04632,PAC0984,Isabela Alves Martins,(54) 98073-2858,convenio,MED03,2026-05-13 15:55,2026-05-20 16:00,realizada
AG04633,PAC1130,Carla Moura Gomes,+55 54 983301766,particular,MED05,2026-05-13 16:05,22/06/2026 14:00,FALTA
AG04634,PAC0530,Cristina Duarte Freitas,(51) 93075-7451,particular,MED02,2026-05-13 17:00,2026-05-14 08:00,realizada
AG04635,PAC1056,Marcos Pinto Mendes,+55 51 989650026,particular,MED01,2026-05-13 17:05,2026-06-05 16:00,atendido
AG04636,PAC0745,Fernando Prado Barbosa,54932016554,particular,MED06,13/05/2026 17:12,2026-05-14 11:00,realizada
AG04637,PAC0972,Vanessa Teixeira Souza,54979898928,convênio,MED02,2026-05-13 17:12,2026-05-19 16:00,realizada
AG04638,PAC0555,Wagner Moura Nunes,sem telefone,particular,MED02,13/05/2026 17:33,2026-06-16 10:30,cancelado pelo paciente
AG04639,PAC0710,Débora Gonçalves Pereira,(54) 93092-7346,convenio,MED05,13/05/2026 17:41,02/06/2026 15:30,realizada
AG04640,PAC0343,Sabrina Alves Castro,(51) 91139-9364,particular,MED02,2026-05-14 08:05,2026-05-28 17:00,ausente
AG04641,PAC1063,Samuel Reis Andrade,(51) 90391-6022,Convênio,MED04,2026-05-14 08:48,2026-06-08 10:30,REALIZADA
AG04642,PAC0969,Murilo Cavalcanti Santana,(51) 97711-1633,convenio,MED05,2026-05-14 09:05,2026-05-18 15:00,realizada
AG04643,PAC0959,Fabiana Menezes Siqueira,+55 54 963243915,Particular,MED01,2026-05-14 09:12,15/05/2026 13:00,Realizada
AG04644,PAC0855,Mateus Barbosa Barbosa,51997707378,convenio,MED04,2026-05-14 09:48,2026-05-28 08:30,realizada
AG04645,PAC0175,Jéssica Ramos Menezes,+55 53 941425285,particular,MED03,2026-05-14 10:48,2026-05-29 10:30,realizada
AG04646,PAC1022,Maria Santana Rocha,51950511123,convenio,MED05,2026-05-14 10:55,28/05/2026 16:30,realizada
AG04647,PAC0616,Simone Brandão Mendes,(53) 97260-6218,convenio,MED06,2026-05-14 10:55,2026-05-28 08:30,realizada
AG04648,PAC1165,Alexandre Andrade Soares,(51) 97619-7346,convenio,MED06,2026-05-14 11:20,2026-06-30 11:00,realizada
AG04649,PAC0386,Natália Miranda Martins,54921304666,particular,MED04,2026-05-14 11:55,2026-05-22 11:30,realizada
AG04650,PAC0456,Leonardo Coelho Pires,(51) 96410-8971,Convênio,MED02,2026-05-14 12:20,2026-06-25 11:30,falta
AG04651,PAC0334,Daniel Araújo Gonçalves,(51) 99523-5715,PARTICULAR,MED04,2026-05-14 13:05,2026-05-27 11:00,faltou
AG02482,PAC0192,Gabriel Soares Müller,(54) 96672-6448,particular,MED05,2026-01-20 11:12,2026-01-21 15:30,cancelado clinica
AG04652,PAC0786,Mariana Mendes Rocha,51900368509,particular,MED03,2026-05-14 13:41,2026-05-27 14:00,realizada
AG04653,PAC1024,Ana Bezerra Lima,(54) 97088-2241,convenio,MED03,14/05/2026 13:55,2026-05-29 08:00,Realizada
AG04654,PAC0257,Mariana Marques Andrade,(51) 96369-9054,convenio,MED06,2026-05-14 14:55,2026-05-27 14:30,no_show
AG04655,PAC0293,Patrícia Rezende Campos,51921292420,convenio,MED04,2026-05-14 15:20,2026-06-09 08:30,Realizada
AG04656,PAC0063,Vitor Xavier Lopes,54972055015,particular,MED05,14/05/2026 15:33,2026-05-25 14:30,cancelada_clinica
AG04657,PAC0633,Lorena Lima Peixoto,51976626522,particular,MED01,2026-05-14 16:00,2026-06-08 09:30,realizada
AG04658,PAC1070,Leonardo Pinto Campos,51904165913,convenio,MED01,2026-05-14 16:00,10/06/2026 08:00,realizada
AG04659,PAC0586,Thiago Duarte Siqueira,(51) 95808-1618,convenio,MED05,2026-05-14 16:00,2026-06-25 17:30,falta
AG04660,PAC1132,César Zanella Ferreira,51919815917,convenio,MED02,2026-05-14 17:00,2026-06-23 10:30,no_show
AG04661,PAC0331,Adriana Rodrigues Guimarães,(51) 95418-7569,convenio,MED06,2026-05-14 17:12,2026-05-19 10:00,FALTA
AG04662,PAC0003,Camila Miranda Carvalho,51961003307,convenio,MED04,2026-05-14 17:20,2026-05-28 08:00,Realizada
AG04663,PAC1040,Thiago Nunes Zanella,,Particular,MED02,2026-05-14 17:20,2026-06-02 08:00,FALTA
AG04664,PAC1158,Patrícia Castro Araújo,53929420046,convenio,MED01,2026-05-15 08:05,2026-06-29 08:30,atendido
AG04665,PAC0981,Beatriz Lopes Santana,54976404703,CONVENIO,MED03,2026-05-15 08:48,2026-05-20 13:30,FALTA
AG04666,PAC0751,Carla Schmidt Carvalho,(51) 94677-3002,convenio,MED03,2026-05-15 09:00,2026-05-15 10:30,Realizada
AG04667,PAC0968,Ricardo Lopes Alves,+55 54 962726712,particular,MED03,2026-05-15 09:12,2026-05-18 16:30,REALIZADA
AG04668,PAC0972,Vanessa Teixeira Souza,54979898928,convenio,MED04,2026-05-15 09:20,2026-05-25 10:30,realizada
AG04669,PAC0313,Débora Costa Sales,(53) 97622-9367,convenio,MED03,2026-05-15 09:48,2026-05-18 14:30,atendido
AG04670,PAC0912,Ana Tavares Schmidt,+55 54 949073900,particular,MED01,15/05/2026 10:41,2026-05-15 16:30,realizada
AG04671,PAC0976,Raquel Mendes Brandão,(51) 90874-1812,convenio,MED05,2026-05-15 10:46,19/05/2026 16:30,falta
AG04672,PAC0800,Wagner Viana Fonseca,519625,particular,MED03,2026-05-15 11:41,2026-05-20 17:00,atendido
AG04673,PAC0731,Daniel Müller Brandão,(51) 96750-3041,convenio,MED04,2026-05-15 12:33,21/05/2026 08:30,realizada
AG04674,PAC0293,Patrícia Rezende Campos,51921292420,convenio,MED01,2026-05-15 13:00,2026-06-10 11:00,faltou
AG04675,PAC1026,Maria Coelho Monteiro,(51) 95704-5713,particular,MED04,2026-05-15 13:05,2026-05-29 08:00,realizada
AG04676,PAC1000,Emerson Lopes Machado,(51) 91698-4990,convenio,MED04,2026-05-15 13:20,2026-05-25 11:30,Realizada
AG04677,PAC0257,Mariana Marques Andrade,(51) 96369-9054,Convênio,MED01,2026-05-15 14:00,29/06/2026 08:00,realizada
AG04678,PAC0414,Sabrina Müller Costa,(51) 91690-5097,convenio,MED01,2026-05-15 14:12,2026-06-05 16:30,realizada
AG04679,PAC0398,Adriana Gomes Siqueira,+55 51 906050640,particular,MED03,2026-05-15 14:41,2026-05-27 14:30,realizada
AG04680,PAC1082,Adriana Queiroz Correia,51938731036,particular,MED04,2026-05-15 14:48,2026-06-11 11:00,no_show
AG04681,PAC1018,Camila Almeida Bezerra,(51) 90103-5473,particular,MED02,2026-05-15 15:12,2026-05-28 10:30,no_show
AG04682,PAC0024,Cristina Sales Aguiar,(51) 91690-1913,convenio,MED03,2026-05-15 16:05,25/05/2026 16:00,realizada
AG04683,PAC1039,Thiago Coelho Queiroz,51955474710,convenio,MED04,15/05/2026 16:41,2026-06-01 11:30,falta
AG04684,PAC0592,Isabela Ramos Ribeiro,(51) 93995-0677,CONVENIO,MED05,15/05/2026 16:48,2026-05-28 17:00,realizada
AG04685,PAC0175,Jéssica Ramos Menezes,+55 53 941425285,particular,MED05,2026-05-15 17:33,2026-06-03 17:30,no_show
AG04686,PAC0447,Lorena Ramos Cavalcanti,+55 51 954937099,particular,MED05,2026-05-18 09:33,2026-05-21 14:00,cancelado
AG04687,PAC1157,Gustavo Castro Weber,(53) 90442-1296,convenio,MED04,2026-05-18 09:55,2026-06-26 09:30,Realizada
AG04688,PAC0274,Gisele Santana Souza,(51) 99456-8476,convenio,MED05,18/05/2026 10:00,20/05/2026 17:30,Realizada
AG04689,PAC0922,Vanessa Pires Machado,54943700262,convênio,MED04,2026-05-18 10:20,19/05/2026 09:30,falta
AG04690,PAC0183,Renata Nascimento Santana,(51) 98027-7698,convenio,MED01,2026-05-18 10:20,2026-05-20 11:00,realizada
AG04691,PAC0510,Daniel Correia Bittencourt,(51) 96305-6340,convenio,MED05,2026-05-18 12:12,2026-05-20 15:30,REALIZADA
AG04692,PAC0247,Lucas Batista Santos,(53) 91830-5408,convenio,MED04,2026-05-18 12:20,25/06/2026 11:00,realizada
AG04693,PAC0974,Jéssica Kuhn Müller,(53) 92760-7352,convenio,MED02,18/05/2026 13:23,2026-05-19 16:30,falta
AG04694,PAC1002,Alexandre Pereira Teixeira,(51) 93708-7803,convenio,MED05,2026-05-18 13:33,2026-05-25 15:30,realizada
AG04695,PAC0326,Larissa Taares Alves,(51) 97675-4716,particular,MED05,2026-05-18 13:50,19/05/2026 17:00,Realizada
AG04696,PAC0927,Luciana Almeida Souza,53991066906,particular,MED01,2026-05-18 15:00,2026-05-25 08:30,cancelado pelo paciente
AG04697,PAC0101,César Almeida Campos,(54) 95435-8456,Particular,MED02,2026-05-18 15:12,2026-05-19 15:00,faltou
AG04698,PAC0602,Gisele Teixeira Correia,+55 54 966615596,convenio,MED04,2026-05-18 15:20,2026-05-22 09:30,realizada
AG04699,PAC0801,Márcio Hoffmann Fernandes,+55 51 920643434,convenio,MED05,18/05/2026 16:12,2026-05-19 15:00,realizada
AG07266,PAC0384,Otávio Duarte Bezerra,(53) 92118-3929,convenio,MED03,2026-09-02 14:48,2026-09-12 06:30,realizada
AG04700,PAC1090,Bianca Correia Macedo,(54) 97724-9501,particular,MED04,2026-05-18 16:12,2026-06-12 08:00,realizada
AG04701,PAC0311,Fábio Viana Fonseca,(51) 92137-6599,convenio,MED01,18/05/2026 16:33,2026-05-27 08:30,realizada
AG04702,PAC1030,Wagner Sales Campos,(54) 99427-8831,convenio,MED01,2026-05-18 16:48,2026-06-01 09:00,FALTA
AG04703,PAC0883,Jéssica Fernandes Lima,+55 51 968657003,convenio,MED02,2026-05-18 16:55,2026-05-28 09:00,realizada
AG04704,PAC0881,Priscila Peixoto Cavalcanti,53943884973,convenio,MED02,2026-05-18 17:05,2026-06-02 08:30,realizada
AG04705,PAC1003,Diego Souza Santana,,convenio,MED05,2026-05-18 17:12,2026-05-25 16:30,realizada
AG04706,PAC0329,Thiago Rodrigues Alves,+55 54 973325354,convenio,MED05,2026-05-18 17:48,2026-06-23 14:30,falta
AG04707,PAC0800,Wagner Viana Fonseca,519625,PARTICULAR,MED03,2026-05-18 17:55,2026-06-01 17:30,Realizada
AG04708,PAC0977,Jéssica Schmidt Teixeira,51900114971,particular,MED05,2026-05-19 08:20,2026-05-25 15:00,Realizada
AG04709,PAC0804,Marcos Lopes Nascimento,51911277802,particular,MED04,2026-05-19 08:56,2026-05-19 10:00,realizada
AG04710,PAC0445,Elaine Weber Ramos,51968878923,convenio,MED05,2026-05-19 09:12,27/05/2026 16:30,desmarcou
AG04711,PAC0548,Júlia Rodrigues Silva,+55 51 921873164,convenio,MED06,2026-05-19 09:14,2026-05-19 10:00,realizada
AG04712,PAC0807,Mariana Hoffmann Guimarães,(51) 90671-8302,convenio,MED02,2026-05-19 09:55,2026-05-21 16:00,realizada
AG04713,PAC0469,Wagner Vieira Mendes,(51) 98246-1309,Convênio,MED05,2026-05-19 10:48,10/06/2026 16:00,realizada
AG04714,PAC0973,Diego Müller Queiroz,(51) 96978-5201,convenio,MED01,2026-05-19 11:00,2026-05-29 16:00,atendido
AG04715,PAC0191,Jessica Xavier Borges,54972294445,CONVENIO,MED04,2026-05-19 11:33,21/05/2026 09:30,realizada
AG04716,PAC1015,Gustavo Kuhn Miranda,(53) 97634-6352,convenio,MED04,2026-05-19 12:00,2026-05-27 09:00,Realizada
AG04717,PAC0736,Rafael Coelho Rezende,(51) 98596-4939,convenio,MED02,19/05/2026 12:05,26/05/2026 16:00,falta
AG04718,PAC0420,Fábio Castro Macedo,51978209975,Particular,MED02,19/05/2026 12:32,2026-05-19 15:00,atendido
AG04719,PAC0944,Mateus Batista Araújo,(53) 90934-8112,particular,MED05,2026-05-19 12:33,25/05/2026 16:00,REALIZADA
AG04720,PAC0293,Patrícia Rezende Campos,51921292420,convenio,MED01,2026-05-19 13:00,2026-05-25 11:00,faltou
AG04721,PAC0784,Alexandre Becker Nunes,(51) 95607-8833,convenio,MED05,2026-05-19 13:00,2026-05-27 14:30,realizada
AG04722,PAC0813,José Campos Batista,(51) 98562-3052,particular,MED05,19/05/2026 13:20,2026-05-21 15:30,realizada
AG04723,PAC0648,Thiago Rezende Correia,(54) 98587-7505,convenio,MED04,2026-05-19 13:33,02/06/2026 09:00,REALIZADA
AG04724,PAC1177,Vitor Alves Miranda,(51) 92426-2688,particular,MED02,2026-05-19 13:55,02/07/2026 15:00,cancelado clinica
AG04725,PAC0335,Igor Prado Siqueira,(53) 96937-9487,convenio,MED03,2026-05-19 14:00,22/05/2026 11:30,realizada
AG04726,PAC0605,Beatriz Macedo Souza,(51) 99152-4012,convenio,MED03,2026-05-19 14:05,2026-05-25 15:00,realizada
AG04727,PAC0974,Jéssica Kuhn Müller,(53) 92760-7352,convenio,MED01,2026-05-19 14:12,2026-05-27 09:30,falta
AG04728,PAC0711,Carolina Guimarães Costa,51980843671,convenio,MED04,2026-05-19 14:12,2026-06-24 09:00,REALIZADA
AG04729,PAC0997,Jéssica Mendes Sales,54941228955,particular,MED04,2026-05-19 14:33,2026-05-22 09:00,atendido
AG04730,PAC0478,Fernando Silva Barbosa,(51) 92004-8063,convenio,MED06,2026-05-19 14:33,2026-05-27 15:30,realizada
AG04731,PAC0098,Ana Fernandes Castro,54958716908,particular,MED04,2026-05-19 14:41,2026-05-22 11:00,FALTA
AG04732,PAC1006,Débora Moreira Guimarães,(51) 96434-4039,convenio,MED04,2026-05-19 14:41,2026-06-18 11:30,realizada
AG04733,PAC0394,Igor Pires Peixoto,(51) 92330-8187,convênio,MED04,19/05/2026 14:55,2026-05-22 08:00,atendido
AG04734,PAC1006,Débora Moreira Guimarães,(51) 96434-4039,convenio,MED01,2026-05-19 15:00,29/05/2026 16:30,realizada
AG04735,PAC0792,Diego Viana Almeida,(54) 96936-2655,particular,MED03,19/05/2026 15:12,29/06/2026 15:30,realizada
AG04736,PAC1176,Bianca Lopes Fonseca,,convenio,MED02,2026-05-19 16:00,2026-07-02 10:30,REALIZADA
AG04737,PAC0332,Júlia Costa Guimarães,53914597490,convenio,MED04,2026-05-19 16:42,2026-05-20 11:30,realizada
AG04738,PAC0618,Marcos Santos Araújo,,particular,MED06,2026-05-19 17:33,2026-06-24 16:30,falta
AG04739,PAC0197,Carolina Lorenzi Souza,(51) 94236-2099,convenio,MED03,2026-05-19 17:48,2026-06-03 17:30,realizada
AG04740,PAC0998,Carla Bezerra Tavares,(54) 94747-9352,convenio,MED03,2026-05-20 08:00,2026-05-25 14:00,realizada
AG04741,PAC0972,Vanessa Teixeira Souza,54979898928,convenio,MED01,2026-05-20 08:20,2026-06-10 07:30,realizada
AG04742,PAC0554,Camila Ribeiro Andrade,(53) 97699-0981,convenio,MED04,2026-05-20 08:33,2026-05-25 09:30,realizada
AG04743,PAC1029,Gabriel Silva Pereira,,particular,MED04,2026-05-20 09:20,2026-05-29 10:30,realizada
AG04744,PAC1154,André Gomes Almeida,+55 51 992869648,particular,MED01,2026-05-20 09:48,2026-06-26 17:30,falta
AG04745,PAC0218,Patrícia Campos Tomasi,53991528676,particular,MED01,2026-05-20 10:20,26/06/2026 15:30,Realizada
AG04746,PAC1013,Bruno Almeida Santana,+55 54 905126206,convenio,MED03,20/05/2026 10:33,2026-05-27 16:00,faltou
AG04747,PAC1145,Igor Nascimento Andrade,+55 51 981784334,convênio,MED06,2026-05-20 10:48,2026-06-24 15:30,desmarcou
AG04748,PAC0117,Simone Dias Barbosa,51992737016,particular,MED04,2026-05-20 10:55,2026-06-05 08:30,ausente
AG04749,PAC0071,Roberto Alves Xavier,(53) 93439-5365,Particular,MED05,2026-05-20 11:41,2026-06-01 17:30,FALTA
AG04750,PAC0856,Sônia Weber Borges,+55 53 942888510,Particular,MED01,2026-05-20 11:55,2026-05-29 17:30,atendido
AG04751,PAC0216,Tânia Freitas Mendes,(54) 91671-1031,convênio,MED04,20/05/2026 12:00,08/06/2026 08:00,realizada
AG04752,PAC0783,Gisele Freitas Farias,(53) 94079-6617,CONVENIO,MED02,2026-05-20 12:12,21/05/2026 15:00,realizada
AG04753,PAC0423,Marcos Becker Sales,(51) 98022-5886,convenio,MED03,20/05/2026 12:33,2026-06-03 13:30,falta
AG04754,PAC0902,Daniel Barbosa Santos,(53) 93970-4947,convenio,MED02,2026-05-20 13:17,2026-05-21 14:00,realizada
AG04755,PAC0907,Isabela Cavalcanti Nascimento,(51) 99852-5322,convenio,MED03,2026-05-20 13:41,2026-06-12 11:00,realizada
AG04756,PAC0085,Emerson Reis Macedo,51972488125,convenio,MED03,2026-05-20 13:48,2026-05-27 17:30,realizada
AG04757,PAC0369,Letícia Marques Schmidt,(53) 95146-3485,particular,MED05,2026-05-20 13:55,2026-06-01 14:00,realizada
AG04758,PAC0450,Ricardo Coelho Schmidt,51992645446,Convênio,MED04,2026-05-20 14:55,02/07/2026 11:30,atendido
AG04759,PAC0621,Caio Lorenzi Correia,54965025129,convenio,MED04,2026-05-20 15:20,2026-07-01 11:30,cancelado pelo paciente
AG04760,PAC0991,Leonardo Fonseca Lorenzi,+55 53 921359337,particular,MED02,2026-05-20 15:33,2026-05-21 16:30,realizada
AG04761,PAC0847,Simone Moura Miranda,53923078317,convenio,MED02,2026-05-20 15:33,30/06/2026 08:00,cancelado clinica
AG04762,PAC1060,Helena Moreira Frreira,(51) 93080-9708,convenio,MED04,2026-05-20 16:05,2026-06-10 11:00,atendido
AG04763,PAC1007,Natália Moreira Tavares,51993322974,particular,MED04,2026-05-20 17:00,2026-05-26 08:00,realizada
AG04764,PAC1020,Márcio Gonçalves Silva,(54) 96229-2382,particular,MED04,2026-05-20 17:05,2026-05-28 11:00,realizada
AG04765,PAC0341,Eduardo Carvalho Barbosa,51946507232,convenio,MED04,2026-05-20 17:05,29/05/2026 09:00,cancelado pelo paciente
AG04766,PAC1080,Murilo Duarte Mendes,(51) 90673-2276,convenio,MED04,2026-05-20 17:55,2026-06-11 10:00,Realizada
AG04767,PAC0407,Ana Freitas Bertoldi,+55 51 944722327,convenio,MED05,2026-05-21 08:43,2026-05-21 14:00,realizada
AG04768,PAC1031,Luiza Almeida Xavier,53909174749,convenio,MED01,2026-05-21 08:48,2026-06-01 10:00,realizada
AG04769,PAC0438,Fábio Fonseca Duarte,+55 51 998397798,convenio,MED06,2026-05-21 09:00,2026-06-03 17:00,faltou
AG04770,PAC0713,Fabiana Siqueira Tomasi,51991482634,convenio,MED03,21/05/2026 09:33,03/06/2026 15:00,realizada
AG04771,PAC0881,Priscila Peixoto Cavalcanti,53943884973,convenio,MED01,21/05/2026 09:33,2026-06-08 11:00,falta
AG04772,PAC0238,Luiza Nunes Araújo,51926613277,Convênio,MED04,2026-05-21 09:41,2026-06-02 08:00,faltou
AG04773,PAC0469,Wagner Vieira Mendes,(51) 98246-1309,CONVENIO,MED05,2026-05-21 09:41,2026-07-08 17:30,REALIZADA
AG04774,PAC0251,Tânia Ribeiro Cavalcanti,(51) 93341-6083,particular,MED05,2026-05-21 10:05,2026-05-27 16:00,Realizada
AG04775,PAC0808,Eduardo Xavier Peixoto,51911878642,particular,MED02,2026-05-21 10:05,2026-06-30 16:00,REALIZADA
AG04776,PAC0181,Renata Fernandes Mendes,(53) 94591-4499,particular,MED02,2026-05-21 10:22,2026-05-21 15:30,realizada
AG04777,PAC0867,Fábio Rodrigues Borges,(51) 91713-9588,convenio,MED01,2026-05-21 11:48,2026-06-26 13:00,FALTA
AG04778,PAC0145,Diego Gonçalves Peixoto,+55 51 936594709,convenio,MED06,2026-05-21 12:12,2026-05-28 10:30,FALTA
AG04779,PAC0860,Rodrigo Rodrigues Almeida,(51) 90297-4885,Particular,MED03,2026-05-21 12:33,2026-05-25 16:30,realizada
AG04780,PAC0689,Adriana Almeida Rodrigues,+55 51 937698926,convenio,MED06,2026-05-21 12:33,2026-06-10 17:00,faltou
AG04781,PAC0411,Vanessa Silva Araújo,(51) 90447-3141,particular,MED04,21/05/2026 12:41,2026-06-03 11:00,realizada
AG04782,PAC0421,Otávio Bezerra Ramos,(51) 97370-4969,convenio,MED03,2026-05-21 13:00,2026-07-01 16:30,realizada
AG04783,PAC0995,Vanessa Farias Queiroz,(51) 96531-6162,particular,MED03,2026-05-21 13:05,2026-05-22 08:00,REALIZADA
AG04784,PAC0003,Camila Miranda Carvalho,51961003307,CONVENIO,MED05,2026-05-21 13:05,2026-06-29 14:30,Realizada
AG04785,PAC0500,Letícia Brandão Viana,53947687440,particular,MED06,2026-05-21 13:41,2026-06-03 14:30,falta
AG04786,PAC0122,Luiza Reis Becker,(54) 96239-4809,convenio,MED01,2026-05-29 07:30,2026-05-27 07:30,faltou
AG04787,PAC0055,Patrícia Prado Teixeira,51975702934,Convênio,MED04,2026-05-21 14:20,2026-06-10 10:30,realizada
AG04788,PAC1014,Vitor Marques Cavalcanti,(54) 96858-0084,Convênio,MED05,2026-05-21 15:00,2026-05-28 17:30,realizada
AG04789,PAC0750,Henrique Farias Müller,(53) 93960-4768,convenio,MED06,2026-05-21 15:00,2026-06-16 11:00,realizada
AG04790,PAC0155,César Peixoto Moreira,51959800742,Convênio,MED06,2026-05-21 15:05,2026-06-02 10:00,faltou
AG04791,PAC1098,Vanessa Ribeiro Nunes,(51) 95518-2725,convenio,MED04,2026-05-21 15:33,2026-06-16 10:30,Realizada
AG04792,PAC1137,Vanessa Reis Pires,54958720207,convenio,MED01,2026-05-21 16:00,2026-06-24 10:30,realizada
AG04793,PAC0834,Wagner Pereira Xavier,+55 51 911909058,convenio,MED06,2026-05-21 17:12,2026-05-28 08:00,Realizada
AG04794,PAC0646,Cláudia Nunes Alves,51915241495,convenio,MED06,2026-05-21 17:12,2026-06-17 17:30,realizada
AG04795,PAC0417,Gustavo Pinto Correia,+55 54 969381977,particular,MED01,2026-05-21 17:49,2026-05-22 16:30,realizada
AG04796,PAC0697,Pedro Viana Rocha,,particular,MED01,2026-05-22 08:55,2026-06-05 15:30,realizada
AG04797,PAC0404,Lorena Duarte Moreira,+55 53 932587913,PARTICULAR,MED05,2026-05-22 08:55,2026-06-25 14:30,cancelado
AG04798,PAC1036,José Tavares Tavares,0000000000,convenio,MED03,22/05/2026 09:00,01/06/2026 16:30,realizada
AG04799,PAC0557,Leandro Santos Gonçalves,51948049597,Convênio,MED06,2026-05-22 09:12,16/06/2026 10:30,REALIZADA
AG04800,PAC0932,Júlia Vieira Santos,54967882476,particular,MED05,2026-05-22 09:41,2026-05-25 17:30,cancelado
AG04801,PAC0544,Bianca Lopes Soares,51996806182,particular,MED03,2026-05-22 09:48,2026-05-25 17:30,REALIZADA
AG04802,PAC1068,Gisele Martins Cavalcanti,(51) 93038-1582,convenio,MED04,2026-05-22 10:00,2026-07-02 08:00,realizada
AG04803,PAC0245,Juliana Bezerra Duarte,54992501078,particular,MED02,2026-05-22 10:05,11/06/2026 17:00,ausente
AG04804,PAC1051,Felipe Souza Tavares,(54) 95441-6907,convenio,MED03,2026-05-22 11:05,2026-06-03 14:30,realizada
AG04805,PAC1178,Caio Rezende Zanella,(51) 98578-8726,particular,MED04,2026-05-22 11:33,2026-07-02 08:30,FALTA
AG04806,PAC0329,Thiago Rodrigues Alves,+55 54 973325354,convenio,MED04,2026-05-22 11:41,2026-05-27 10:00,realizada
AG04807,PAC0415,Roberto Souza Correia,51951249115,particular,MED01,2026-05-22 11:41,03/06/2026 11:30,realizada
AG04808,PAC0662,Isabela Lopes Pires,(54) 98680-3365,convenio,MED04,2026-05-22 11:55,2026-05-25 08:00,falta
AG04809,PAC0132,Cláudia Souza Nascimento,(51) 98903-9821,particular,MED05,2026-05-22 12:48,2026-06-03 16:30,atendido
AG04810,PAC1100,Henrique Gomes Prado,(51) 95426-8384,convenio,MED04,2026-05-22 12:48,2026-06-16 11:30,Realizada
AG04811,PAC0024,Cristina Sales Aguiar,(51) 91690-1913,convenio,MED04,2026-05-22 13:20,2026-06-30 10:00,Realizada
AG04812,PAC1078,Henrique Ramos Menezes,53950402764,convênio,MED03,2026-05-22 14:20,2026-06-17 16:00,faltou
AG04813,PAC0251,Tânia Ribeiro Cavalcanti,(51) 93341-6083,PARTICULAR,MED02,2026-05-22 14:55,2026-06-02 16:00,Realizada
AG04814,PAC0698,Sabrina Peixoto Gonçalves,+55 54 900762578,convenio,MED05,2026-05-22 15:12,2026-06-18 14:30,realizada
AG04815,PAC1020,Márcio Gonçalves Silva,(54) 96229-2382,particular,MED01,2026-05-22 15:33,2026-06-08 11:30,faltou
AG04816,PAC0870,Júlia Araújo Machado,+55 51 964345419,particular,MED01,2026-05-22 15:48,2026-06-03 08:30,realizada
AG04817,PAC0337,Larissa Rocha Barbosa,+55 51 987644555,convenio,MED04,2026-05-22 17:20,2026-05-27 11:30,falta
AG04818,PAC1034,André Monteiro Siqueira,54911964042,convenio,MED03,2026-05-25 08:00,2026-06-01 14:00,no_show
AG04819,PAC1069,Diego Tomasi Araújo,51933072337,Convênio,MED03,2026-05-25 08:55,2026-06-26 09:30,falta
AG04820,PAC1008,Carolina Xavier Zanella,(51) 90966-7199,particular,MED04,2026-05-25 09:20,2026-05-26 08:30,realizada
AG04821,PAC0575,Juliana Miranda Teixeira,(51) 90481-6241,particular,MED05,2026-05-25 09:55,2026-06-03 14:30,realizada
AG04822,PAC1078,Henrique Ramos Menezes,53950402764,convenio,MED04,2026-05-25 09:55,11/06/2026 08:00,realizada
AG04823,PAC0481,Marcos Barbosa Soares,51920144887,Particular,MED06,2026-05-25 10:00,2026-05-26 10:30,realizada
AG04824,PAC0737,Bruno Rodrigues Lorenzi,(51) 98507-3372,convenio,MED01,2026-05-25 10:12,2026-06-01 09:30,cancelado pelo paciente
AG04825,PAC1006,Débora Moreira Guimarães,(51) 96434-4039,convenio,MED06,2026-05-25 10:12,2026-06-10 14:00,realizada
AG04826,PAC1191,Viviane Cardoso Farias,+55 51 922412472,convenio,MED02,2026-05-25 10:33,2026-07-07 15:30,cancelado pelo paciente
AG04827,PAC0747,Cristina Nunes Guimarães,+55 51 953106118,convenio,MED05,2026-05-25 10:57,2026-05-25 14:30,realizada
AG04828,PAC0665,Henrique Queiroz Weber,(54) 96726-4064,particular,MED05,2026-05-25 11:00,2026-06-08 16:00,no_show
AG04829,PAC0456,Leonardo Coelho Pires,(51) 96410-8971,convenio,MED04,2026-05-25 11:55,27/05/2026 10:30,falta
AG04830,PAC0526,Arthur Pires Gomes,(51) 94112-6882,Particular,MED03,2026-05-25 12:33,2026-06-05 08:00,realizada
AG04831,PAC0764,Júlia Souza Alves,+55 51 920815493,convenio,MED01,2026-05-25 13:33,2026-06-10 08:30,FALTA
AG04832,PAC0228,Felipe Bertoldi Ramos,(51) 90044-8991,particular,MED04,2026-05-25 15:48,2026-06-23 09:00,realizada
AG04833,PAC0414,Sabrina Müller Costa,(51) 91690-5097,Convênio,MED05,2026-05-25 15:55,2026-06-15 14:00,realizada
AG04834,PAC0107,Otávio Aguiar Xavier,(51) 91651-8979,Convênio,MED04,25/05/2026 16:00,2026-05-27 09:30,realizada
AG04835,PAC1064,Caio Freitas Campos,+55 54 950402968,convenio,MED04,2026-05-25 16:05,2026-06-08 11:00,falta
AG04836,PAC0474,Luciana Souza Bertoldi,53912986923,convenio,MED04,2026-05-25 16:20,2026-05-26 10:00,realizada
AG04837,PAC0951,Wagner Weber Macedo,(53) 90243-8019,particular,MED05,2026-05-25 16:20,2026-05-27 14:00,Realizada
AG04838,PAC0791,Mariana Souza Andrade,51964313175,particular,MED01,2026-05-25 16:48,2026-06-05 13:30,realizada
AG04839,PAC1005,Emerson Santos Kuhn,51919238277,convênio,MED02,2026-05-25 16:55,2026-05-26 11:00,realizada
AG04840,PAC1124,César Duarte Martins,(53) 90403-5588,particular,MED01,2026-05-26 08:41,2026-06-22 10:30,ausente
AG04841,PAC0438,Fábio Fonseca Duarte,+55 51 998397798,convenio,MED04,2026-05-26 08:45,2026-05-26 09:30,no_show
AG04842,PAC0202,Rodrigo Nunes Rodrigues,(51) 91862-9879,convenio,MED02,2026-05-26 10:13,2026-05-26 17:00,realizada
AG04843,PAC0226,Luciana Bezerra Castro,,convenio,MED04,2026-05-26 10:20,2026-05-27 08:30,realizada
AG04844,PAC1054,Henrique Peixoto Peixoto,,PARTICULAR,MED04,2026-05-26 10:20,2026-06-03 09:00,atendido
AG04845,PAC0234,Eduardo Coelho Santos,51992689273,convenio,MED01,2026-05-26 10:20,2026-06-08 10:30,cancelado clinica
AG04846,PAC1061,Marcos Santos Menezes,(53) 94054-1771,Particular,MED03,26/05/2026 10:20,2026-06-08 17:30,atendido
AG04847,PAC1047,João Barbosa Reis,(51) 91703-0594,convenio,MED01,2026-05-26 10:41,19/06/2026 16:00,realizada
AG04848,PAC0456,Leonardo Coelho Pires,(51) 96410-8971,convenio,MED03,2026-05-26 10:48,2026-06-19 08:30,FALTA
AG04849,PAC0102,Fernando Gonçalves Lopes,(53) 91997-8707,particular,MED04,2026-05-26 10:48,2026-07-01 11:00,falta
AG04850,PAC0025,César Martins Brandão,51989062672,convenio,MED05,2026-05-26 11:32,2026-05-27 16:30,realizada
AG04851,PAC0387,Camila Gonçalves Reis,51905762229,CONVENIO,MED05,26/05/2026 11:41,2026-06-03 15:00,atendido
AG04852,PAC0490,Elaine Ferreira Araújo,(51) 93686-2058,convenio,MED03,26/05/2026 12:20,2026-05-27 13:30,REALIZADA
AG04853,PAC0557,Leandro Santos Gonçalves,51948049597,convenio,MED01,2026-05-26 13:33,2026-05-29 14:30,ausente
AG04854,PAC0324,Sônia Costa Ramos,(54) 97962-2095,convenio,MED02,2026-05-26 13:33,2026-06-09 14:30,REALIZADA
AG04855,PAC1009,Thiago Peixoto Fonseca,(51) 98378-4546,particular,MED01,2026-05-26 13:33,2026-06-15 09:30,realizada
AG04856,PAC0164,Natália Nunes Nascimento,51974592966,convenio,MED04,2026-05-26 14:00,2026-06-05 08:00,realizada
AG04857,PAC0461,Bruno Moreira Correia,+55 53 993957896,convenio,MED02,2026-05-26 14:00,2026-06-23 09:00,cancelado clinica
AG04858,PAC0296,Gisele Xavier Pinto,(54) 95796-1074,particular,MED04,2026-05-26 14:41,28/05/2026 09:30,REALIZADA
AG04859,PAC1042,Letícia Hoffmann Tomasi,(51) 92088-3996,convenio,MED02,2026-05-26 17:00,02/06/2026 15:30,realizada
AG04860,PAC0299,Priscila Souza Bezerra,(53) 91166-7412,convenio,MED03,26/05/2026 17:00,2026-06-29 14:00,realizada
AG04861,PAC1105,Carolina Marques Tomasi,(51) 99096-9356,Convênio,MED03,2026-05-26 17:41,2026-06-17 15:30,REALIZADA
AG04862,PAC0313,Débora Costa Sales,(53) 97622-9367,CONVENIO,MED01,2026-05-26 17:55,2026-05-27 08:00,realizada
AG04863,PAC0629,Igor Moreira Weber,(53) 90717-6426,convenio,MED03,2026-05-27 08:48,22/06/2026 14:00,realizada
AG04864,PAC0914,Ana Souza Ferreira,51943968920,convenio,MED05,2026-05-27 09:20,2026-06-02 16:00,realizada
AG04865,PAC0645,Adriana Nunes Oliveira,54931928417,convenio,MED03,2026-05-27 09:41,01/07/2026 14:30,realizada
AG04866,PAC0776,Simone Farias Kuhn,51959398267,particular,MED05,2026-05-27 10:33,2026-05-27 15:30,realizada
AG04867,PAC1152,Mariana Guimarães Soares,+55 51 933927016,particular,MED01,2026-05-27 10:41,2026-06-26 15:00,FALTA
AG03852,PAC0598,Beatriz Lima Costa,51992287710,convenio,MED05,2026-04-01 08:00,2026-04-01 17:30,falta
AG04868,PAC1134,Bianca Siqueira Barbosa,(53) 91079-1812,convenio,MED06,27/05/2026 10:48,2026-06-23 09:00,realizada
AG04869,PAC1097,Renata Kuhn Campos,(54) 96884-0990,convenio,MED02,2026-05-27 10:55,16/06/2026 08:30,cancelado clinica
AG04870,PAC0494,Alexandre Barbosa Araújo,(51) 94050-5858,convenio,MED06,2026-05-27 12:20,02/06/2026 11:30,FALTA
AG04871,PAC0227,Diego Sales Coelho,(53) 99785-9132,particular,MED03,2026-05-27 12:39,2026-05-27 16:30,realizada
AG04872,PAC1084,Lorena Fernandes Bittencourt,51934406262,convenio,MED06,2026-05-27 12:41,2026-06-11 09:30,realizada
AG04873,PAC1119,Tatiane Siqueira Aguiar,+55 51 938641678,convenio,MED03,2026-05-27 12:55,2026-06-19 09:00,realizada
AG04874,PAC0994,Lorena Queiroz Macedo,(53) 98647-9382,convenio,MED04,2026-05-27 13:12,2026-07-08 09:00,FALTA
AG04875,PAC0361,Bruno Sales Kuhn,51974002028,convenio,MED06,2026-05-27 13:14,2026-05-27 17:30,realizada
AG04876,PAC0022,Samuel Farias Pires,54939218051,particular,MED03,2026-05-27 13:20,2026-06-12 08:30,cancelada_clinica
AG04877,PAC0606,Elaine Guimarães Ribeiro,(51) 97486-6043,convenio,MED03,2026-05-27 13:41,2026-06-01 15:00,atendido
AG04878,PAC0917,Felipe Pires Gomes,+55 51 908911629,particular,MED03,2026-05-27 13:48,2026-06-01 17:00,desmarcou
AG04879,PAC0590,Rafael Batista Moura,+55 54 952877334,convenio,MED04,2026-05-27 14:12,2026-06-01 09:30,realizada
AG04880,PAC0501,Débora Gonçalves Almeida,(51) 93423-0594,convenio,MED02,2026-05-27 14:12,2026-06-02 17:00,REALIZADA
AG04881,PAC0433,Jéssica Ferreira Santana,+55 51 972424584,particular,MED03,2026-05-27 14:20,2026-06-19 09:30,realizada
AG04882,PAC0822,Vanessa Correia Bertoldi,(53) 94258-7434,convenio,MED02,2026-05-27 14:41,2026-06-30 15:00,realizada
AG04883,PAC0076,Lucas Lorenzi Cavalcanti,(54) 99861-1609,particular,MED02,2026-05-27 15:59,2026-05-28 16:00,realizada
AG04884,PAC1043,Gabriel Reis Miranda,51941488531,convenio,MED04,2026-05-27 16:05,2026-06-02 11:30,falta
AG04885,PAC1131,Simone Tomasi Santos,(53) 93719-7445,convenio,MED05,2026-05-27 16:12,2026-06-22 14:30,realizada
AG04886,PAC0244,Cláudia Schmidt Fernandes,53931902814,convenio,MED03,2026-05-27 16:17,2026-05-29 10:00,realizada
AG04887,PAC1091,Mateus Zanella Aguiar,(51) 94678-0237,convenio,MED01,2026-05-27 16:20,2026-06-15 10:00,faltou
AG04888,PAC0956,Simone Pires Brandão,(51) 94610-1507,particular,MED05,2026-05-27 17:05,2026-06-01 16:00,cancelado pelo paciente
AG04889,PAC1141,Thiago Batista Carvalho,(51) 94365-6641,convenio,MED04,2026-05-27 17:33,2026-06-24 09:30,Realizada
AG04890,PAC0741,Ricardo Becker Viana,(51) 91804-8639,convenio,MED03,2026-05-28 08:33,15/06/2026 13:30,atendido
AG04891,PAC0325,Wagner Lopes Barbosa,(51) 99648-0281,convenio,MED04,2026-05-28 08:48,2026-06-03 10:00,atendido
AG04892,PAC0769,Mariana Cardoso Menezes,(54) 94140-1383,convenio,MED04,2026-05-28 09:05,2026-06-01 08:00,realizada
AG04893,PAC1116,Igor Ribeiro Silva,(53) 97678-2192,particular,MED04,2026-05-28 09:41,2026-06-18 11:00,no_show
AG04894,PAC0526,Arthur Pires Gomes,(51) 94112-6882,Particular,MED04,2026-05-28 10:11,28/05/2026 11:30,cancelada_paciente
AG04895,PAC1003,Diego Souza Santana,,convenio,MED04,2026-05-28 10:45,2026-05-28 11:30,realizada
AG04896,PAC0695,Vanessa Brandão Viana,(51) 98227-2922,particular,MED02,28/05/2026 10:48,2026-06-02 11:30,FALTA
AG04897,PAC0682,Renata Carvalho Machado,51960394182,convenio,MED05,2026-05-28 10:54,2026-05-28 14:00,realizada
AG04898,PAC0487,Leandro Prado Bittencourt,51933084805,CONVENIO,MED05,2026-05-28 10:55,2026-06-01 16:30,realizada
AG04899,PAC1075,Bianca Pinto Viana,53967422800,convenio,MED05,2026-05-28 11:00,2026-06-17 15:00,FALTA
AG04900,PAC0407,Ana Freitas Bertoldi,+55 51 944722327,convenio,MED04,2026-05-28 11:12,2026-06-05 10:00,realizada
AG04901,PAC0985,Cristina Carvalho Schmidt,(54) 97596-5985,convenio,MED04,2026-05-28 11:12,05/06/2026 10:30,REALIZADA
AG04902,PAC1117,Vanessa Tavares Pereira,54946837140,convenio,MED01,2026-05-28 11:12,2026-06-19 15:30,falta
AG04903,PAC1019,Renata Cavalcanti Nunes,+55 51 944051585,convenio,MED02,2026-05-28 11:33,2026-05-28 14:00,realizada
AG04904,PAC0638,Viviane Schmidt Almeida,(51) 97979-2915,particular,MED02,2026-05-28 12:00,2026-06-30 11:30,cancelado pelo paciente
AG04905,PAC0254,Juliana Monteiro Dias,+55 53 932153346,particular,MED06,2026-05-28 12:20,2026-06-30 11:30,realizada
AG04906,PAC0479,Fábio Gonçalves Miranda,54972212022,Particular,MED02,2026-05-28 12:41,07/07/2026 10:30,cancelada_paciente
AG04907,PAC0099,Arthur Zanella Borges,(51) 94316-0876,Convênio,MED01,2026-05-28 13:41,2026-06-08 08:30,atendido
AG04908,PAC1138,José Hoffmann Becker,(51) 97481-9721,Convênio,MED03,2026-05-28 13:55,2026-06-24 14:00,realizada
AG04909,PAC0066,Eduardo Monteiro Reis,53986799759,convenio,MED04,2026-05-28 14:12,2026-06-09 10:30,realizada
AG04910,PAC0690,Wagner Moreira Rocha,51924374948,particular,MED05,2026-05-28 14:33,2026-06-09 15:30,Realizada
AG04911,PAC0730,Carla Oliveira Andrade,0000000000,particular,MED04,2026-05-28 15:41,2026-06-25 10:00,faltou
AG04912,PAC0985,Cristina Carvalho Schmidt,(54) 97596-5985,convenio,MED03,2026-05-28 15:55,2026-06-08 16:30,realizada
AG04913,PAC0587,Gisele Mendes Reis,(51) 99447-6647,convenio,MED05,2026-05-28 16:55,2026-06-03 15:30,realizada
AG04914,PAC0098,Ana Fernandes Castro,54958716908,particular,MED01,2026-05-28 17:00,2026-06-01 11:30,atendido
AG04915,PAC0088,Beatriz Rezende Rocha,(53) 91979-7265,particular,MED03,28/05/2026 17:00,2026-06-05 10:00,realizada
AG04916,PAC0890,Diego Mendes Lopes,53993601307,Convênio,MED04,2026-05-28 17:12,2026-06-19 09:00,realizada
AG04917,PAC0072,Rafael Teixeira Fonseca,,Particular,MED01,2026-05-28 17:55,2026-05-29 13:30,cancelado pelo paciente
AG04918,PAC0310,Priscila Siqueira Mendes,+55 51 909096391,particular,MED03,2026-05-29 08:00,2026-06-29 17:00,realizada
AG04919,PAC0894,Carolina Ramos Freitas,51967743064,particular,MED04,2026-05-29 08:05,03/07/2026 08:00,Realizada
AG04920,PAC1073,Gustavo Lima Bezerra,(53) 97159-7409,particular,MED03,2026-05-29 08:12,10/06/2026 14:00,realizada
AG04921,PAC1032,Luiza Oliveira Ribeiro,(51) 96199-9236,particular,MED01,29/05/2026 08:41,2026-06-01 11:00,falta
AG04922,PAC0419,Leandro Souza Marques,(51) 92308-4663,particular,MED05,2026-05-29 08:48,2026-06-23 14:00,realizada
AG04923,PAC1050,Gabriel Ramos Santos,+55 51 925462254,Convênio,MED01,2026-05-29 08:55,2026-06-03 11:00,realizada
AG04924,PAC0111,Tatiane Andrade Barbosa,+55 51 920305986,particular,MED04,29/05/2026 09:10,2026-05-29 10:00,realizada
AG04925,PAC1040,Thiago Nunes Zanella,,particular,MED01,2026-05-29 09:12,2026-06-03 10:30,realizada
AG04926,PAC0289,Gabriel Aguiar Carvalho,54984298548,particular,MED02,2026-05-29 09:20,2026-06-09 08:00,realizada
AG04927,PAC0362,Carolina Siqueira Gomes,53978143045,convenio,MED05,2026-05-29 09:20,2026-07-06 16:30,no_show
AG04928,PAC0276,Diego Cardoso Queiroz,(54) 92321-5421,particular,MED04,2026-05-29 09:33,2026-06-03 09:30,realizada
AG04929,PAC0894,Carolina Ramos Freitas,51967743064,particular,MED04,2026-05-29 10:33,2026-06-03 08:30,REALIZADA
AG04930,PAC0516,Adriana Souza Kuhn,51965149065,Convênio,MED01,29/05/2026 11:29,2026-05-29 13:30,Realizada
AG04931,PAC1085,Letícia Pereira Peixoto,+55 53 910142272,convenio,MED06,2026-05-29 12:00,2026-06-11 10:30,FALTA
AG04932,PAC0693,Luiza Prado Oliveira,(53) 91258-0313,particular,MED04,29/05/2026 12:12,02/06/2026 10:00,faltou
AG06111,PAC0756,Paulo Araújo Carvalho,54940282625,Convênio,MED06,2026-07-29 12:12,2026-08-05 17:30,no_show
AG04933,PAC0733,Lucas Silva Freitas,(54) 91756-1611,particular,MED03,2026-05-29 12:33,2026-06-10 15:30,REALIZADA
AG04934,PAC0552,Vitor Hoffmann Teixeira,51960092109,convenio,MED01,2026-05-29 13:05,2026-06-05 13:00,realizada
AG04935,PAC1179,Gustavo Peixoto Alves,+55 51 932490596,convenio,MED04,29/05/2026 14:05,02/07/2026 11:00,no_show
AG04936,PAC0729,Maria Prado Viana,+55 54 980265623,particular,MED01,2026-05-29 14:33,2026-06-01 10:30,FALTA
AG04937,PAC0521,Carolina Queiroz Ferreira,+55 51 936108645,convenio,MED01,2026-05-29 14:48,2026-07-01 10:00,atendido
AG04938,PAC0656,Aline Fonseca Monteiro,+55 51 955957679,particular,MED04,2026-05-29 14:55,2026-06-05 11:30,confirmado
AG04939,PAC0582,Wagner Gomes Sales,(51) 94845-7403,particular,MED03,2026-05-29 15:00,2026-06-01 16:00,atendido
AG04940,PAC0274,Gisele Santana Souza,(51) 99456-8476,convenio,MED01,2026-05-29 15:05,2026-06-05 14:30,realizada
AG04941,PAC1208,Fábio Becker Vieira,+55 53 960955060,particular,MED02,2026-05-29 15:12,09/07/2026 09:30,REALIZADA
AG04942,PAC1049,Júlia Bertoldi Siqueira,+55 51 939335605,particular,MED01,2026-05-29 15:20,2026-06-03 07:30,realizada
AG04943,PAC1136,Tânia Macedo Moreira,+55 54 950728890,particular,MED01,2026-05-29 15:33,2026-06-24 10:00,falta
AG04944,PAC0726,Fernando Guimarães Silva,+55 53 931742746,particular,MED03,2026-05-29 15:55,05/06/2026 11:00,realizada
AG04945,PAC1030,Wagner Sales Campos,(54) 99427-8831,convenio,MED03,29/05/2026 16:00,2026-06-10 16:30,realizada
AG04946,PAC0609,Juliana Marques Duarte,+55 51 972861023,convenio,MED01,2026-05-29 16:05,2026-06-10 10:00,realizada
AG04947,PAC0221,Ricardo Teixeira Xavier,(51) 93465-8074,convenio,MED05,29/05/2026 16:55,13/07/2026 17:00,realizada
AG04948,PAC1047,João Barbosa Reis,(51) 91703-0594,Convênio,MED01,2026-05-29 17:20,2026-06-03 07:00,cancelado
AG04949,PAC0828,Emerson Araújo Barbosa,(51) 97706-3059,convenio,MED05,2026-05-29 17:33,2026-06-01 14:30,cancelado
AG04950,PAC0327,Simone Hoffmann Fernandes,+55 54 945806949,particular,MED05,2026-05-29 17:48,2026-06-11 14:30,Realizada
AG04951,PAC0246,Rodrigo Alves Miranda,(53) 95892-7244,convênio,MED03,01/06/2026 08:05,2026-07-01 15:30,realizada
AG04952,PAC0999,Samuel Prado Bezerra,51995752841,convenio,MED06,2026-06-01 08:48,2026-06-17 16:30,falta
AG04953,PAC0776,Simone Farias Kuhn,51959398267,particular,MED05,01/06/2026 08:48,2026-07-01 15:00,realizada
AG04954,PAC0683,José Farias Sales,53985416916,convenio,MED02,2026-06-01 09:20,09/06/2026 10:30,faltou
AG04955,PAC0802,Vanessa Pereira Monteiro,(51) 97059-4533,particular,MED06,2026-06-01 09:20,2026-06-09 10:30,realizada
AG04956,PAC0823,André Rezende Moreira,(51) 97696-7286,convenio,MED05,01/06/2026 09:33,2026-07-06 15:30,realizada
AG04957,PAC0629,Igor Moreira Weber,(53) 90717-6426,convenio,MED05,2026-06-01 10:20,01/06/2026 14:30,realizada
AG04958,PAC0905,Otávio Lorenzi Farias,(51) 91115-8608,particular,MED04,01/06/2026 10:41,10/06/2026 09:30,falta
AG04959,PAC1087,Gustavo Duarte Cardoso,51942179546,convênio,MED01,2026-06-01 11:12,2026-06-12 13:30,Realizada
AG04960,PAC0419,Leandro Souza Marques,(51) 92308-4663,particular,MED05,2026-06-01 11:41,2026-06-23 16:30,realizada
AG04961,PAC0555,Wagner Moura Nunes,sem telefone,Particular,MED01,2026-06-01 11:48,2026-06-12 14:30,realizada
AG04962,PAC0098,Ana Fernandes Castro,54958716908,particular,MED01,2026-06-01 11:48,2026-07-10 15:00,realizada
AG04963,PAC1033,Priscila Viana Cardoso,+55 51 941499935,particular,MED03,2026-06-01 11:55,2026-06-01 13:30,falta
AG04964,PAC0693,Luiza Prado Oliveira,(53) 91258-0313,particular,MED03,2026-06-01 12:05,2026-06-01 17:00,confirmado
AG04965,PAC0294,Emerson Cavalcanti Miranda,(51) 96869-5587,convenio,MED01,01/06/2026 12:12,2026-06-24 07:00,realizada
AG04966,PAC0073,Márcio Mendes Bertoldi,(51) 94287-3467,convenio,MED05,2026-06-01 12:20,2026-06-23 16:00,cancelado
AG04967,PAC1045,Tânia Gonçalves Brandão,(54) 91599-3699,convenio,MED05,2026-06-01 12:48,2026-06-02 15:00,atendido
AG04968,PAC0820,Fabiana Dias Ferreira,51953208515,convenio,MED02,2026-06-01 13:00,2026-06-09 10:00,falta
AG04969,PAC0817,Fábio Brandão Macedo,+55 54 974485259,convenio,MED03,2026-06-01 13:00,2026-06-15 16:30,falta
AG04970,PAC0896,Murilo Martins Tavares,+55 53 970659472,convenio,MED01,2026-06-01 13:05,2026-06-12 15:30,FALTA
AG04971,PAC0715,Sônia Reis Ramos,(54) 91730-2931,Particular,MED04,2026-06-01 13:12,2026-07-09 09:30,atendido
AG04972,PAC1066,Gabriel Tavares Brandão,54935852291,Convênio,MED04,2026-06-01 13:41,2026-06-09 09:00,realizada
AG04973,PAC1170,Juliana Alves Brandão,(54) 90799-4146,Convênio,MED04,01/06/2026 14:12,2026-07-01 10:00,falta
AG04974,PAC1156,César Costa Farias,+55 54 913923414,convenio,MED05,2026-06-01 15:05,2026-07-02 14:00,realizada
AG04975,PAC0273,Gisele Pinto Rocha,(53) 98330-4304,particular,MED04,2026-06-01 15:41,03/07/2026 08:30,Realizada
AG04976,PAC0900,Gabriel Ramos Zanella,(51) 93063-0029,convenio,MED06,2026-06-01 16:00,2026-06-18 11:30,cancelada_clinica
AG04977,PAC0144,Simone Tavares Silva,(51) 94714-1641,convenio,MED05,2026-06-01 16:00,2026-06-30 17:00,faltou
AG04978,PAC1044,Luiza Ferreira Reis,(51) 95948-6759,particular,MED05,2026-06-01 17:00,2026-06-02 14:30,realizada
AG04979,PAC0015,Pedro Brandão Batista,(53) 96470-3160,convenio,MED06,2026-06-01 17:05,2026-06-23 09:30,realizada
AG04980,PAC1068,Gisele Martins Cavalcanti,(51) 93038-1582,convenio,MED05,2026-06-01 17:12,2026-06-09 16:00,falta
AG04981,PAC0184,Tânia Santos Carvalho,51916335247,Particular,MED06,2026-06-01 17:20,2026-06-02 08:30,REALIZADA
AG04982,PAC0798,Eduardo Santana Siqueira,(53) 95210-9558,convenio,MED01,2026-06-01 17:41,2026-06-08 09:00,realizada
AG04983,PAC0563,Larissa Kuhn Queiroz,+55 51 951416147,convenio,MED02,01/06/2026 17:55,2026-06-02 10:30,cancelado pelo paciente
AG04984,PAC0700,Elaine Müller Soares,(51) 93021-4049,Convênio,MED04,2026-06-01 17:55,15/06/2026 11:00,cancelada_paciente
AG04985,PAC0975,Isabela Hoffmann Bertoldi,54917055749,convenio,MED04,2026-06-02 08:11,2026-06-02 09:30,realizada
AG04986,PAC0161,Lorena Ramos Machado,(54) 93359-2298,particular,MED02,2026-06-02 08:33,2026-06-09 16:30,cancelado
AG04987,PAC0338,Fabiana Fernandes Mendes,+55 51 915452091,convênio,MED03,2026-06-02 08:33,2026-07-10 11:00,cancelada_paciente
AG04988,PAC1046,Márcio Brandão Weber,+55 53 935980031,particular,MED05,2026-06-02 08:48,2026-06-02 17:00,realizada
AG04989,PAC0221,Ricardo Teixeira Xavier,(51) 93465-8074,convenio,MED06,2026-06-02 09:41,2026-06-30 09:30,Realizada
AG04990,PAC0891,Larissa Bezerra Soares,54969359862,convenio,MED01,2026-06-02 09:41,2026-07-17 13:00,realizada
AG04991,PAC0274,Gisele Santana Souza,(51) 99456-8476,convenio,MED04,2026-06-02 09:46,02/06/2026 10:30,realizada
AG04992,PAC0795,Thiago Bittencourt Müller,(51) 97808-6357,particular,MED03,2026-06-02 09:55,2026-06-17 17:00,realizada
AG04993,PAC0578,Vanessa Prado Zanella,(53) 92274-4827,convenio,MED01,2026-06-02 10:20,08/07/2026 09:00,no_show
AG04994,PAC0166,Letícia Borges Sales,53973820040,CONVENIO,MED02,02/06/2026 10:55,2026-06-16 16:30,Realizada
AG04995,PAC1196,Fabiana Soares Cardoso,53924721084,particular,MED01,2026-06-02 10:55,2026-07-08 07:30,faltou
AG04996,PAC0499,Sabrina Barbosa Schmidt,51908155496,convenio,MED06,2026-06-02 11:20,2026-06-10 15:30,falta
AG04997,PAC0876,Diego Lopes Araújo,(51) 93793-7215,particular,MED03,2026-06-02 12:05,2026-06-22 15:00,falta
AG04998,PAC0460,Larissa Andrade Guimarães,(51) 99920-6877,Convênio,MED03,2026-06-02 12:48,2026-06-03 14:00,realizada
AG04999,PAC0556,Rodrigo Teixeira Tavares,+55 53 983631377,convenio,MED03,02/06/2026 13:12,2026-06-03 16:30,realizada
AG05000,PAC0073,Márcio Mendes Bertoldi,(51) 94287-3467,convenio,MED05,2026-06-02 13:48,15/06/2026 15:30,REALIZADA
AG05001,PAC0566,Rafael Correia Andrade,51930539995,convenio,MED05,2026-06-02 13:55,08/06/2026 15:00,realizada
AG05002,PAC0581,Sérgio Vieira Tomasi,51936556966,particular,MED05,2026-06-02 13:55,2026-06-16 14:30,realizada
AG05003,PAC1058,Tânia Araújo Coelho,(53) 92805-0812,convenio,MED04,2026-06-02 14:05,2026-06-05 09:30,falta
AG05004,PAC0213,Tatiane Farias Pinto,54914807463,convenio,MED01,2026-06-02 14:05,2026-06-17 08:30,Realizada
AG05005,PAC0679,João Andrade Weber,+55 51 973652906,convenio,MED02,2026-06-02 14:20,2026-06-23 14:30,FALTA
AG05006,PAC1140,Débora Nascimento Fonseca,(51) 92216-4415,convenio,MED03,2026-06-02 14:55,2026-06-24 17:30,no_show
AG05007,PAC0517,Rodrigo Carvalho Cardoso,(51) 98779-7982,particular,MED04,2026-06-02 15:00,14/07/2026 09:00,atendido
AG05008,PAC1075,Bianca Pinto Viana,53967422800,Convênio,MED02,2026-06-02 15:12,2026-06-11 08:00,falta
AG05009,PAC1071,Maria Campos Zanella,51956770771,Convênio,MED04,2026-06-02 15:33,2026-07-03 10:30,falta
AG05010,PAC1069,Diego Tomasi Araújo,51933072337,convenio,MED06,2026-06-02 16:00,2026-06-09 11:30,falta
AG05011,PAC0965,Leandro Sales Lorenzi,54984426336,convenio,MED03,2026-06-02 16:20,2026-06-12 09:30,REALIZADA
AG05012,PAC1048,Alexandre Machado Santana,(51) 99692-5119,convenio,MED01,2026-06-02 16:36,2026-06-03 07:00,REALIZADA
AG05013,PAC0768,Murilo Viana Martins,51991122654,convenio,MED03,2026-06-02 16:55,2026-06-17 14:30,FALTA
AG05014,PAC0871,Rafael Vieira Fernandes,+55 51 904105142,convenio,MED03,2026-06-03 08:00,2026-07-01 14:00,FALTA
AG05015,PAC0541,Samuel Batista Soares,+55 54 953572529,convenio,MED02,03/06/2026 08:20,2026-06-09 17:00,realizada
AG05016,PAC1089,César Pereira Araújo,(54) 99906-0836,convenio,MED01,03/06/2026 08:20,2026-06-12 17:00,realizada
AG05017,PAC0090,João Vieira Souza,51979665854,Convênio,MED04,2026-06-03 08:33,2026-06-15 09:00,no_show
AG05018,PAC1135,Leonardo Pires Cavalcanti,(51) 97121-6832,convenio,MED01,03/06/2026 08:48,2026-06-24 09:00,realizada
AG05019,PAC0599,Pedro Carvalho Siqueira,53953846874,particular,MED04,2026-06-03 08:55,24/06/2026 10:00,faltou
AG05020,PAC1016,João Schmidt Dias,(51) 94602-2107,Particular,MED03,2026-06-03 09:00,2026-06-15 14:30,faltou
AG05021,PAC0065,Aline Barbosa Pinto,51907069182,convenio,MED02,2026-06-03 09:48,2026-06-11 16:30,realizada
AG05022,PAC1079,Aline Cavalcanti Müller,(53) 94158-6721,convenio,MED04,2026-06-03 10:33,2026-06-11 09:00,falta
AG05023,PAC0495,Otávio Fernandes Pinto,(51) 95333-7758,convenio,MED05,2026-06-03 10:40,2026-06-03 14:00,realizada
AG05024,PAC0065,Aline Barbosa Pinto,51907069182,convenio,MED03,2026-06-03 10:41,2026-06-12 08:00,realizada
AG05025,PAC0425,Henrique Guimarães Coelho,+55 51 908505423,particular,MED01,2026-06-03 10:41,2026-06-17 11:00,realizada
AG05026,PAC0896,Murilo Martins Tavares,+55 53 970659472,convenio,MED05,2026-06-03 10:48,2026-07-02 15:00,confirmado
AG05027,PAC0563,Larissa Kuhn Queiroz,+55 51 951416147,CONVENIO,MED04,2026-06-03 11:20,2026-06-30 11:00,realizada
AG05028,PAC0347,Gustavo Peixoto Ferreira,(51) 97475-5553,convenio,MED04,2026-06-03 11:20,2026-07-10 09:30,realizada
AG05029,PAC0968,Ricardo Lopes Alves,+55 54 962726712,particular,MED05,2026-06-03 11:33,2026-06-08 17:00,no_show
AG05030,PAC0558,Thiago Souza Fernandes,+55 51 963115295,Convênio,MED04,2026-06-03 11:41,2026-07-17 11:00,cancelada_paciente
AG05031,PAC0093,João Bezerra Souza,+55 51 962059532,PARTICULAR,MED01,2026-06-03 11:55,2026-06-24 09:30,realizada
AG05032,PAC1198,Vanessa Tomasi Rezende,+55 54 987268491,convenio,MED01,2026-06-03 11:55,08/07/2026 10:30,cancelado clinica
AG05033,PAC0737,Bruno Rodrigues Lorenzi,(51) 98507-3372,convenio,MED01,2026-06-03 12:12,15/06/2026 08:30,Realizada
AG05034,PAC0837,Alexandre Macedo Gonçalves,(51) 93277-7587,convenio,MED01,2026-06-03 12:55,17/06/2026 08:00,REALIZADA
AG05035,PAC0930,Samuel Peixoto Farias,,convenio,MED03,2026-06-03 12:55,2026-07-15 15:30,realizada
AG05036,PAC0604,Otávio Tomasi Siqueira,(51) 99747-1063,particular,MED05,2026-06-03 13:12,2026-07-14 14:30,realizada
AG05037,PAC0233,Rafael Andrade Alves,+55 51 998902976,Convênio,MED02,03/06/2026 13:33,2026-06-18 08:30,realizada
AG05038,PAC0152,Jéssica Pinto Zanella,(51) 93054-2542,convenio,MED05,2026-06-03 13:48,2026-06-11 17:00,cancelada_paciente
AG05039,PAC1013,Bruno Almeida Santana,+55 54 905126206,convenio,MED01,2026-06-03 14:00,2026-06-15 08:00,faltou
AG05040,PAC0540,Priscila Pinto Santana,(51) 93660-4100,particular,MED05,2026-06-03 14:00,2026-07-09 15:00,faltou
AG05041,PAC1218,Viviane Tavares Nunes,(54) 95737-7733,convênio,MED02,2026-06-03 14:12,2026-07-16 15:00,realizada
AG05042,PAC1160,Alexandre Dias Borges,(51) 96958-6342,convenio,MED04,2026-06-03 14:33,2026-06-29 10:00,falta
AG05043,PAC1034,André Monteiro Siqueira,54911964042,Convênio,MED04,2026-06-03 15:12,2026-06-10 11:30,realizada
AG05044,PAC0617,Sabrina Correia Almeida,(51) 96988-1917,convenio,MED01,03/06/2026 15:20,2026-07-13 08:00,falta
AG05045,PAC0239,Juliana Araújo Borges,+55 51 972838019,convenio,MED01,2026-06-03 15:48,15/06/2026 09:00,cancelada_paciente
AG05046,PAC0873,José Moura Bezerra,51958065191,particular,MED05,2026-06-03 15:55,2026-06-25 16:00,faltou
AG05047,PAC1088,Pedro Prado Bezerra,53965415777,convenio,MED01,2026-06-03 16:00,2026-06-12 14:00,realizada
AG05851,PAC0491,Gabriel Moura Moura,(53) 98249-9724,convenio,MED01,2026-07-15 12:41,2026-08-03 08:30,realizada
AG05048,PAC0041,Beatriz Soares Nascimento,93607,convenio,MED05,2026-06-03 16:55,2026-06-17 14:00,realizada
AG05049,PAC0762,Isabela Souza Carvalho,(53) 97705-4766,particular,MED01,2026-06-03 17:05,2026-06-29 07:00,agendada
AG05050,PAC1101,Beatriz Lorenzi Carvalho,+55 51 952469981,particular,MED05,03/06/2026 17:20,2026-06-16 15:00,realizada
AG05051,PAC0596,Natália Aguiar Soares,+55 51 997643463,convenio,MED03,2026-06-03 17:20,2026-07-03 09:00,faltou
AG05052,PAC0909,Lorena Ribeiro Oliveira,(53) 97985-2780,convênio,MED01,03/06/2026 17:41,17/06/2026 07:00,realizada
AG05053,PAC1087,Gustavo Duarte Cardoso,51942179546,convenio,MED04,2026-06-05 08:00,2026-07-09 10:00,realizada
AG05054,PAC0647,Mariana Silva Reis,(54) 99910-2953,convenio,MED05,2026-06-05 08:05,2026-06-25 14:00,realizada
AG05055,PAC0708,Priscila Santana Guimarães,(51) 92210-3590,particular,MED01,2026-06-05 08:33,05/06/2026 17:00,realizada
AG05056,PAC1070,Leonardo Pinto Campos,51904165913,Convênio,MED01,2026-06-05 08:48,2026-06-12 16:30,realizada
AG05057,PAC0172,Márcio Bertoldi Guimarães,(54) 99040-9724,convenio,MED02,2026-06-05 08:55,2026-07-07 17:00,realizada
AG05058,PAC1059,Paulo Sales Borges,(51) 98551-7017,particular,MED01,2026-06-05 09:58,2026-06-08 10:30,realizada
AG05059,PAC0095,Vanessa Dias Hoffmann,53934170837,particular,MED03,2026-06-05 10:12,2026-06-12 11:30,realizada
AG05060,PAC0951,Wagner Weber Macedo,(53) 90243-8019,particular,MED04,2026-06-05 10:41,12/06/2026 09:00,realizada
AG05061,PAC0157,Isabela Peixoto Lopes,51933483757,Convênio,MED04,2026-06-05 10:41,19/06/2026 08:30,realizada
AG05062,PAC0288,Márcio Pereira Moreira,51959861936,convenio,MED04,05/06/2026 10:48,12/06/2026 11:30,realizada
AG05063,PAC0262,Otávio Weber Bertoldi,(54) 94440-1595,Convênio,MED06,2026-06-05 11:00,2026-07-02 08:30,Realizada
AG05064,PAC0903,Diego Martins Costa,54956318061,particular,MED01,05/06/2026 11:00,2026-07-06 10:30,FALTA
AG05065,PAC0056,Juliana Weber Brandão,+55 51 936962963,convenio,MED01,05/06/2026 11:05,2026-06-10 07:00,realizada
AG05066,PAC0133,Júlia Ferreira Marques,51985181718,convenio,MED02,05/06/2026 11:55,2026-06-16 16:00,realizada
AG05067,PAC0373,Fábio Farias Weber,(51) 93540-0028,convenio,MED03,05/06/2026 12:00,2026-06-10 14:30,realizada
AG06687,PAC1455,Fabiana Carvalho Farias,53961593005,particular,MED05,2026-08-26 13:55,2026-08-31 15:00,faltou
AG05068,PAC1187,Rafael Becker Carvalho,51991012985,convenio,MED05,05/06/2026 12:20,2026-07-06 17:30,realizada
AG05069,PAC0048,Beatriz Queiroz Soares,(51) 98970-4340,particular,MED04,2026-06-05 12:33,2026-06-18 10:30,realizada
AG05070,PAC0581,Sérgio Vieira Tomasi,51936556966,particular,MED04,2026-06-05 12:33,2026-06-23 11:30,falta
AG05071,PAC0850,Fernando Sales Menzes,(53) 95575-8496,convenio,MED02,2026-06-05 13:20,23/06/2026 15:00,falta
AG05072,PAC1085,Letícia Pereira Peixoto,+55 53 910142272,convenio,MED05,2026-06-05 13:55,2026-06-16 16:00,realizada
AG05073,PAC0465,César Queiroz Moreira,(51) 93035-4515,convênio,MED02,2026-06-05 14:00,09/06/2026 09:30,faltou
AG05074,PAC0623,Gabriel Müller Mendes,53938920727,convenio,MED06,2026-06-05 14:12,2026-06-24 14:30,REALIZADA
AG05075,PAC0531,Leonardo Rezende Martins,(51) 93164-3025,convenio,MED01,05/06/2026 14:33,2026-07-15 11:00,falta
AG05076,PAC0937,Larissa Lima Xavier,53987912276,convenio,MED04,2026-06-05 15:00,2026-07-21 10:30,atendido
AG05077,PAC0422,Márcio Fonseca Soares,51912416163,convenio,MED04,2026-06-05 15:05,2026-06-25 09:30,falta
AG05078,PAC0643,Júlia Borges Andrade,51923858910,convenio,MED05,05/06/2026 15:33,2026-06-29 17:30,faltou
AG05079,PAC0361,Bruno Sales Kuhn,51974002028,convenio,MED01,2026-06-05 16:12,2026-07-03 13:00,falta
AG05080,PAC0787,Ana Santana Arajo,51964575548,Convênio,MED01,2026-06-05 16:33,19/06/2026 13:30,atendido
AG05081,PAC0337,Larissa Rocha Barbosa,+55 51 987644555,convenio,MED04,2026-06-05 16:33,2026-07-01 10:30,realizada
AG05082,PAC0229,Thiago Batista Pinto,+55 51 946505959,particular,MED06,2026-06-05 17:48,2026-07-02 11:30,falta
AG05083,PAC0683,José Farias Sales,53985416916,Convênio,MED04,2026-06-08 08:00,2026-06-17 09:30,REALIZADA
AG05084,PAC0727,Ricardo Tavares Rodrigues,(51) 99536-1415,particular,MED01,2026-06-08 08:00,08/07/2026 11:00,realizada
AG05085,PAC0295,Pedro Hoffmann Macedo,(51) 91923-2674,convênio,MED02,2026-06-08 09:12,2026-06-11 08:30,realizada
AG05086,PAC0009,Isabela Souza Aguiar,53909669091,particular,MED06,08/06/2026 09:41,2026-06-09 09:00,realizada
AG05087,PAC0233,Rafael Andrade Alves,+55 51 998902976,convenio,MED02,2026-06-08 09:48,09/06/2026 09:00,REALIZADA
AG05088,PAC0027,Viviane Vieira Ramos,(53) 91096-7130,convenio,MED03,2026-06-08 10:05,2026-06-10 13:30,realizada
AG05089,PAC1046,Márcio Brandão Weber,+55 53 935980031,particular,MED05,2026-06-08 10:20,2026-07-07 15:30,ausente
AG05090,PAC0952,Elaine Machado Barbosa,+55 54 934145978,particular,MED06,2026-06-08 10:55,2026-06-18 09:00,no_show
AG05091,PAC0957,Roberto Marques Soares,(51) 91247-7584,convenio,MED04,2026-06-08 10:55,2026-06-19 08:00,falta
AG05092,PAC0437,Maria Teixeira Bertoldi,0000000000,convenio,MED06,2026-06-08 11:41,2026-06-17 17:00,realizada
AG05093,PAC0870,Júlia Araújo Machado,+55 51 964345419,particular,MED01,2026-06-08 12:41,2026-07-15 08:30,FALTA
AG05094,PAC0480,Gisele Rezende Guimarães,(51) 99787-2497,particular,MED05,2026-06-08 12:53,08/06/2026 16:30,Realizada
AG05095,PAC1071,Maria Campos Zanella,51956770771,convenio,MED01,2026-06-08 13:05,2026-06-10 10:30,realizada
AG05096,PAC0903,Diego Martins Costa,54956318061,particular,MED04,2026-06-08 13:12,2026-06-09 10:00,REALIZADA
AG05097,PAC0830,Roberto Ferreira Dias,54950957888,particular,MED04,2026-06-08 13:12,2026-06-12 08:30,falta
AG05098,PAC0475,Gustavo Bertoldi Moura,(51) 94428-1314,convenio,MED03,2026-06-08 13:20,2026-06-15 17:30,realizada
AG05099,PAC0384,Otávio Duarte Bezerra,(53) 92118-3929,convênio,MED03,2026-06-08 13:41,2026-06-10 15:00,realizada
AG05100,PAC0242,Henrique Rodrigues Ferreira,(51) 94312-2975,convenio,MED03,2026-06-08 14:05,2026-06-12 10:00,REALIZADA
AG05101,PAC1229,Priscila Moura Campos,(51) 94547-4551,Convênio,MED06,2026-06-08 14:20,2026-07-14 09:30,realizada
AG05102,PAC0321,FABIANA TAVARES FERNANDES,+55 51 904304609,convênio,MED06,2026-06-08 14:33,2026-06-09 08:00,realizada
AG05103,PAC0620,Daniel Silva Moreira,(53) 93879-6121,particular,MED04,2026-06-08 14:55,2026-06-19 11:30,FALTA
AG05104,PAC0243,Carla Costa Marques,+55 53 993331080,convenio,MED01,08/06/2026 15:00,2026-06-10 09:30,faltou
AG05105,PAC0942,Diego Pinto Guimarães,53956260084,convenio,MED01,2026-06-08 15:05,12/06/2026 17:30,realizada
AG05106,PAC0771,Felipe Fernandes Menezes,51923547297,convenio,MED05,2026-06-08 15:05,2026-07-20 15:00,falta
AG05107,PAC0634,Larissa Reis Sales,51951280404,convenio,MED01,2026-06-08 16:00,2026-06-19 14:00,ausente
AG05108,PAC0926,Samuel Santana Nunes,(54) 90164-5717,particular,MED05,2026-06-08 16:00,2026-07-02 17:00,falta
AG05109,PAC1216,Carla Castro Zanella,54905945071,convenio,MED04,2026-06-08 16:05,10/07/2026 10:00,Realizada
AG05110,PAC0374,Mateus Batista Marques,,convenio,MED02,2026-06-08 16:12,2026-06-09 15:30,atendido
AG05111,PAC1020,Márcio Gonçalves Silva,(54) 96229-2382,particular,MED06,2026-06-08 16:55,2026-06-09 10:00,Realizada
AG05112,PAC0527,Luciana Monteiro Guimarães,(51) 95202-0347,Convênio,MED01,2026-06-08 17:33,2026-06-10 11:30,cancelado pelo paciente
AG05113,PAC1184,Paulo Silva Duarte,(53) 93980-1751,convenio,MED01,08/06/2026 17:41,2026-07-03 17:30,atendido
AG05114,PAC0935,Helena Alves Menezes,(51) 96641-0201,convenio,MED05,2026-06-08 17:48,2026-06-24 17:00,realizada
AG05115,PAC0595,Diego Campos Becker,(54) 95419-8464,particular,MED06,08/06/2026 17:55,2026-07-14 10:00,ausente
AG05116,PAC0532,Maria Reis Bertoldi,(54) 93555-0166,convenio,MED02,09/06/2026 08:20,2026-07-07 15:00,realizada
AG05117,PAC0657,Marcos Souza Mendes,(51) 91007-5732,PARTICULAR,MED04,2026-06-09 08:41,2026-07-15 08:30,realizada
AG05118,PAC1067,João Coelho Weber,(51) 95185-7544,convenio,MED04,2026-06-09 09:00,09/06/2026 09:30,atendido
AG05119,PAC1104,Alexandre Nunes Pires,+55 51 949483241,convenio,MED03,2026-06-09 09:20,2026-06-17 13:30,atendido
AG05120,PAC1176,Bianca Lopes Fonseca,,convenio,MED05,09/06/2026 09:20,2026-07-23 14:00,falta
AG05121,PAC1105,Carolina Marques Tomasi,(51) 99096-9356,convenio,MED05,2026-06-09 09:33,2026-07-01 14:30,realizada
AG05122,PAC1092,Débora Rodrigues Pinto,51939009847,Convênio,MED03,2026-06-09 09:55,2026-06-22 13:30,realizada
AG05123,PAC0778,Murilo Gonçalves Castro,53949232442,convênio,MED06,2026-06-09 10:05,2026-07-16 10:00,realizada
AG05124,PAC0619,Carolina Hoffann Lopes,+55 53 926390059,particular,MED01,2026-06-09 10:12,2026-06-22 08:30,faltou
AG05125,PAC0584,Gisele Rodrigues Cavalcanti,51937281309,convenio,MED01,2026-06-09 10:33,2026-06-17 10:00,realizada
AG05126,PAC1235,Sabrina Becker Müller,549302,convenio,MED06,2026-06-09 10:41,2026-07-15 16:00,agendada
AG05127,PAC1072,Rodrigo Santos Rezende,(51) 91573-6126,particular,MED01,2026-06-09 10:44,2026-06-10 11:30,falta
AG05128,PAC0513,Caio Bertoldi Bertoldi,(51) 94281-3339,convenio,MED04,2026-06-09 10:48,2026-06-12 11:00,REALIZADA
AG05129,PAC0528,Lorena Pinto Pinto,,CONVENIO,MED01,2026-06-09 10:55,2026-07-20 10:00,faltou
AG05130,PAC1172,Bruno Peixoto Macedo,+55 51 937081494,convenio,MED06,2026-06-09 11:48,2026-07-01 15:30,atendido
AG05131,PAC1095,Bianca Bertoldi Tavares,(54) 94279-0822,particular,MED05,2026-06-09 12:33,2026-07-20 14:00,atendido
AG05132,PAC0121,Helena Araújo Freitas,(54) 90376-5305,convenio,MED06,2026-06-09 12:55,2026-06-24 15:00,realizada
AG05133,PAC0092,Maria Fernandes Pinto,(51) 90949-2947,convenio,MED02,09/06/2026 13:00,2026-06-16 09:00,atendido
AG05134,PAC1065,Carolina Guimarães Mendes,51911442952,particular,MED02,09/06/2026 13:41,09/06/2026 16:30,realizada
AG05135,PAC0014,Sônia Silva Reis,+55 53 998575311,particular,MED06,2026-06-09 14:12,2026-06-16 09:30,falta
AG05136,PAC0223,Mateus Pinto Brandão,(51) 94221-4969,convenio,MED01,2026-06-09 15:00,2026-06-12 15:00,realizada
AG05137,PAC0115,Carla  Souza Lopes,(51) 93283-0302,particular,MED05,2026-06-09 15:05,2026-06-09 17:00,REALIZADA
AG05138,PAC0556,Rodrigo Teixeira Tavares,+55 53 983631377,convenio,MED04,2026-06-09 15:12,2026-06-11 11:30,FALTA
AG05139,PAC0619,Carolina Hoffmann Lopes,+55 53 926390059,particular,MED06,2026-06-09 15:20,2026-06-30 09:00,falta
AG05140,PAC1081,Cristina Araújo Farias,+55 53 951635003,particular,MED04,2026-06-09 16:05,2026-06-11 10:30,realizada
AG05141,PAC0060,Adriana Pereira Bittencourt,(51) 92521-5053,convenio,MED06,2026-06-09 16:12,2026-06-17 14:00,cancelado
AG05142,PAC1126,Bianca Santana Schmidt,+55 51 900064040,particular,MED04,2026-06-09 16:12,2026-06-22 08:00,FALTA
AG05143,PAC0350,Tânia Fernandes Monteiro,51946014833,convenio,MED06,2026-06-09 16:20,2026-06-16 10:00,realizada
AG05144,PAC0228,Felipe Bertoldi Ramos,(51) 90044-8991,PARTICULAR,MED03,2026-06-09 17:00,2026-06-10 16:00,realizada
AG05145,PAC1005,Emerson Santos Kuhn,51919238277,CONVENIO,MED03,2026-06-09 17:05,2026-06-17 15:00,realizada
AG05146,PAC1121,Felipe Fernandes Ferreira,51992781406,particular,MED03,2026-06-09 17:41,2026-07-01 15:00,cancelado
AG05147,PAC0807,Mariana Hoffmann Guimarães,(51) 90671-8302,convenio,MED04,2026-06-09 17:48,2026-06-25 09:00,cancelado
AG06272,PAC0468,Raquel Andrade Lorenzi,(54) 93421-5564,particular,MED01,2026-08-05 17:12,24/08/2026 08:30,falta
AG05148,PAC0334,Daniel Araújo Gonçalves,(51) 99523-5715,Particular,MED02,2026-06-10 08:00,2026-06-23 15:30,realizada
AG05149,PAC0308,Tatiane Alves Brandão,(51) 93232-6883,particular,MED04,2026-06-10 08:20,2026-06-17 09:00,falta
AG05150,PAC0238,Luiza Nunes Araújo,51926613277,convenio,MED04,2026-06-10 08:33,2026-07-08 10:00,cancelado pelo paciente
AG05151,PAC0420,Fábio Castro Macedo,51978209975,particular,MED06,10/06/2026 08:55,11/06/2026 10:30,REALIZADA
AG05152,PAC0654,Gustavo Prado Miranda,51958937937,convenio,MED04,2026-06-10 09:00,2026-06-16 09:00,realizada
AG05153,PAC0748,Luciana Teixeira Farias,0000000000,convenio,MED06,2026-06-10 09:55,2026-06-18 11:00,realizada
AG05154,PAC0876,Diego Lopes Araújo,(51) 93793-7215,particular,MED04,2026-06-10 09:55,2026-07-09 11:00,atendido
AG05155,PAC0850,Fernando Sales Menezes,(53) 95575-8496,convenio,MED04,2026-06-10 10:33,2026-06-25 11:30,Realizada
AG05156,PAC1122,Leandro Oliveira Campos,(53) 92605-6463,convenio,MED04,2026-06-10 10:41,2026-06-19 10:00,FALTA
AG05157,PAC1076,João Miranda Carvalho,51989989276,PARTICULAR,MED02,2026-06-10 10:55,2026-06-11 11:30,realizada
AG05158,PAC1099,Jéssica Ferreira Farias,51936424869,particular,MED04,2026-06-10 11:33,2026-06-16 11:00,cancelado clinica
AG05159,PAC0334,Daniel Araújo Gonçalves,(51) 99523-5715,particular,MED02,2026-06-10 11:41,2026-06-23 11:00,realizada
AG05160,PAC0608,Felipe Rezende Lorenzi,(51) 95417-7420,particular,MED02,2026-06-10 12:53,2026-06-16 08:30,REALIZADA
AG05161,PAC0726,Fernando  Guimarães Silva,+55 53 931742746,particular,MED02,2026-06-10 12:55,11/06/2026 10:00,realizada
AG05162,PAC1163,Samuel Siqueira Soares,(51) 90417-5249,particular,MED04,2026-06-10 12:55,2026-06-30 10:30,realizada
AG05163,PAC0587,Gisele Mendes Reis,(51) 99447-6647,convenio,MED04,2026-06-10 13:12,2026-06-25 08:00,realizada
AG05164,PAC0055,Patrícia Prado Teixeira,51975702934,convenio,MED01,2026-06-10 13:20,2026-06-15 11:00,FALTA
AG05165,PAC0590,Rafael Batista Moura,+55 54 952877334,convenio,MED04,2026-06-10 14:00,2026-06-11 09:30,cancelado
AG05166,PAC1029,Gabriel Silva Pereira,,particular,MED01,2026-06-10 14:00,2026-06-17 11:30,realizada
AG05167,PAC0897,Murilo Vieira Araújo,54965660384,convenio,MED05,2026-06-10 14:55,2026-07-23 17:30,falta
AG05168,PAC0218,Patrícia Campos Tomasi,53991528676,particular,MED02,10/06/2026 15:05,2026-07-14 11:00,faltou
AG05169,PAC0035,Débora Marques Campos,54984407414,convenio,MED02,2026-06-10 15:20,2026-07-21 14:00,realizada
AG05170,PAC0460,Larissa Andrade Guimarães,(51) 99920-6877,convênio,MED03,2026-06-10 15:55,2026-06-15 13:00,realizada
AG05171,PAC0038,Aline Soares Costa,51949817719,convenio,MED05,2026-06-10 16:12,2026-06-18 14:00,realizada
AG01434,PAC0014,Sônia Silva Reis,+55 53 998575311,particular,MED02,2025-11-25 10:12,2025-12-04 09:30,falta
AG05172,PAC0587,Gisele Mendes Reis,(51) 99447-6647,convenio,MED05,2026-06-10 16:55,2026-06-11 15:00,realizada
AG05173,PAC0495,Otávio Fernandes Pinto,(51) 95333-7758,convenio,MED05,2026-06-10 17:00,2026-06-22 16:30,realizada
AG05174,PAC0467,Emerson Kuhn Fernandes,(51) 94698-7789,Convênio,MED04,2026-06-10 17:33,2026-06-11 09:30,realizada
AG05175,PAC0244,Cláudia Schmidt Fernandes,53931902814,convenio,MED01,2026-06-10 17:41,2026-06-17 07:30,faltou
AG05176,PAC0192,Gabriel Soares Müller,(54) 96672-6448,Particular,MED04,11/06/2026 08:30,2026-06-11 11:30,realizada
AG05177,PAC1027,Beatriz Ferreira Fernandes,53902116331,convenio,MED06,11/06/2026 08:41,2026-06-17 15:00,Realizada
AG05178,PAC0407,Ana Freitas Bertoldi,+55 51 944722327,convenio,MED01,2026-06-11 10:12,2026-06-24 11:30,realizada
AG05179,PAC0580,Fernando Campos Alves,+55 54 934492770,convenio,MED06,2026-06-11 11:00,2026-06-18 09:30,realizada
AG05180,PAC0434,Wagner Viana Soares,(51) 97774-4715,convenio,MED01,2026-06-11 11:00,2026-06-22 09:30,faltou
AG05181,PAC0323,Sérgio Silva Marques,(51) 95439-9501,convenio,MED04,2026-06-11 11:00,2026-07-17 10:30,faltou
AG05182,PAC0256,Gabriel Guimarães Vieira,53953943109,convenio,MED05,2026-06-11 11:41,2026-06-30 16:00,faltou
AG05183,PAC0035,Débora Marques Campos,54984407414,Convênio,MED03,2026-06-11 11:48,2026-06-17 14:00,realizada
AG05184,PAC0916,Wagner Castro Viana,54929743803,Particular,MED03,2026-06-11 11:55,2026-06-12 09:00,atendido
AG05185,PAC1081,Cristina Araújo Farias,+55 53 951635003,particular,MED04,2026-06-11 11:55,2026-07-03 09:30,realizada
AG05186,PAC1257,Camila Almeida Marques,+55 53 998276290,convenio,MED02,2026-06-11 12:33,2026-07-21 09:30,Realizada
AG05187,PAC1083,Fernando Marques Freitas,51934184224,convenio,MED05,2026-06-11 12:35,2026-06-11 17:00,atendido
AG05188,PAC0644,Tatiane Hoffmann Machado,51901249400,particular,MED01,2026-06-11 12:48,2026-07-10 17:00,Realizada
AG05189,PAC0378,Daniel Moura Fernandes,(51) 96518-0764,particular,MED05,11/06/2026 13:20,16/06/2026 14:00,realizada
AG05190,PAC0232,Emerson Marques Castro,+55 51 922393221,convenio,MED06,11/06/2026 13:41,2026-06-23 10:30,realizada
AG05191,PAC0354,Roberto Castro Monteiro,+55 53 965563215,particular,MED01,2026-06-11 14:00,2026-07-15 10:00,falta
AG05192,PAC0841,Caio Martins Barbosa,53995559487,Convênio,MED01,2026-06-11 14:48,2026-07-06 09:00,no_show
AG05193,PAC1115,Vitor Müller Coelho,53918346119,convenio,MED04,2026-06-11 15:55,2026-06-18 10:00,falta
AG05194,PAC0849,Márcio Aguiar Weber,(54) 93974-2883,convenio,MED02,2026-06-11 16:00,2026-07-16 15:30,faltou
AG05195,PAC0578,Vanessa Prado Zanella,(53) 92274-4827,convenio,MED02,2026-06-11 17:12,23/07/2026 08:00,atendido
AG05196,PAC1110,Bruno Dias Farias,(51) 9999-,convenio,MED05,2026-06-11 17:41,2026-06-17 16:00,cancelado pelo paciente
AG05197,PAC0674,Júlia Tavares Menezes,+55 51 962264205,convenio,MED04,2026-06-12 08:33,2026-06-25 10:30,FALTA
AG05198,PAC0280,Gabriel Araújo Bertoldi,53975049194,particular,MED01,2026-06-12 08:48,2026-06-15 07:30,no_show
AG05199,PAC1096,Márcio Guimarães Kuhn,54943789607,convenio,MED05,2026-06-12 08:55,15/06/2026 17:30,cancelada_clinica
AG05200,PAC0084,Sérgio Nunes Mendes,+55 51 974719531,convenio,MED02,2026-06-12 08:55,23/06/2026 17:30,atendido
AG05201,PAC0071,Roberto Alves Xavier,(53) 93439-5365,particular,MED02,2026-06-12 10:00,2026-07-21 09:00,realizada
AG05202,PAC0021,Jéssica Hoffmann Coelho,(51) 93213-2241,particular,MED02,2026-06-12 10:12,2026-06-18 09:30,realizada
AG05203,PAC1102,Sérgio Almeida Martins,+55 54 900349959,convenio,MED01,2026-06-12 10:12,24/06/2026 08:00,realizada
AG05204,PAC0136,Paulo Marques Duarte,+55 51 970089778,Convênio,MED04,2026-06-12 10:12,2026-07-08 11:30,falta
AG05205,PAC0905,Otávio Lorenzi Farias,(51) 91115-8608,particular,MED02,12/06/2026 10:12,2026-07-14 09:00,Realizada
AG05206,PAC0324,Sônia Costa Ramos,(54) 97962-2095,convenio,MED03,2026-06-12 11:00,2026-06-26 09:00,atendido
AG05207,PAC1174,Cláudia Miranda Coelho,51971711675,convenio,MED02,12/06/2026 11:33,2026-07-02 08:00,FALTA
AG05208,PAC1215,Alexandre Gomes Rodrigues,(51) 97891-4790,convenio,MED01,12/06/2026 11:55,2026-07-10 16:30,no_show
AG05209,PAC0276,Diego Cardoso Queiroz,(54) 92321-5421,particular,MED02,2026-06-12 12:00,2026-06-25 10:00,cancelado clinica
AG05210,PAC0297,Pedro Teixeira Gomes,51904059895,convenio,MED04,2026-06-12 12:05,2026-06-15 10:30,Realizada
AG05211,PAC0833,Daniel Pereira Rodrigues,(51) 94316-1261,convenio,MED05,2026-06-12 12:12,2026-06-18 15:30,atendido
AG05212,PAC0029,Caio Souza Rodrigues,(51) 93841-1283,convenio,MED02,2026-06-12 12:55,2026-07-14 17:00,Realizada
AG05213,PAC0197,Carolina Lorenzi Souza,(51) 94236-2099,convenio,MED06,2026-06-12 13:00,2026-07-22 17:30,FALTA
AG05214,PAC0559,Mateus Sales Peixoto,+55 51 910030427,convenio,MED01,12/06/2026 13:05,2026-06-22 11:30,REALIZADA
AG05215,PAC0838,Ana Kuhn Kuhn,(51) 94720-5320,particular,MED03,2026-06-12 13:05,2026-06-22 15:30,atendido
AG05216,PAC0800,Wagner Viana Fonseca,519625,particular,MED06,2026-06-12 14:05,18/06/2026 10:00,realizada
AG05217,PAC0032,Daniel Souza Farias,54996395682,convenio,MED01,2026-06-12 15:05,29/06/2026 10:00,realizada
AG05218,PAC0624,Felipe Santos Becker,+55 51 975781237,convenio,MED04,2026-06-12 15:12,2026-07-24 10:00,cancelado clinica
AG05219,PAC0910,André Ramos Schmidt,54968621081,convenio,MED01,12/06/2026 15:41,2026-06-17 10:30,realizada
AG05220,PAC0415,Roberto Souza Correia,51951249115,PARTICULAR,MED05,2026-06-12 15:48,2026-06-15 17:00,realizada
AG05221,PAC0078,Márcio Duarte Rodrigues,51997483587,convenio,MED01,2026-06-12 16:05,2026-06-19 17:30,realizada
AG05222,PAC1114,Juliana Soares Batista,(51) 90676-6821,convenio,MED04,2026-06-12 16:12,2026-06-18 09:00,no_show
AG05223,PAC0789,Gustavo Schmidt Machado,54936885154,particular,MED04,2026-06-12 16:48,2026-06-26 11:30,realizada
AG05224,PAC0835,Pedro Tomasi Pires,51974066455,convenio,MED02,2026-06-12 16:55,2026-06-25 09:00,falta
AG05225,PAC0766,Rafael Pires Ribeiro,54951206596,convenio,MED02,2026-06-12 17:12,2026-07-07 14:30,falta
AG05226,PAC0873,José Moura Bezerra,51958065191,Particular,MED02,2026-06-12 17:20,18/06/2026 10:00,confirmada
AG05227,PAC1103,Fabiana Lopes Santana,+55 51 964577835,particular,MED01,2026-06-12 17:48,17/06/2026 09:30,Realizada
AG05228,PAC0055,Patrícia Prado Teixeira,51975702934,convenio,MED04,2026-06-12 17:55,2026-06-16 10:00,ausente
AG05229,PAC0692,Adriana Gonçalves Bertoldi,(51) 94095-9681,convenio,MED02,15/06/2026 08:00,18/06/2026 16:00,realizada
AG05230,PAC0684,Roberto Weber Viana,(51) 92596-8706,convenio,MED01,2026-06-15 08:04,2026-06-15 09:00,realizada
AG05231,PAC1093,Vitor Moura Queiroz,(54) 91901-7657,convenio,MED04,2026-06-15 08:12,2026-06-24 08:00,realizada
AG05232,PAC0886,Arthur Rodrigues Tomasi,51930783907,particular,MED01,2026-06-15 08:20,2026-06-22 09:00,atendido
AG05233,PAC1148,Mariana Moreira Ramos,+55 51 950114992,convenio,MED05,2026-06-15 09:00,2026-06-25 16:30,realizada
AG05234,PAC1088,Pedro Prado Bezerra,53965415777,CONVENIO,MED02,2026-06-15 09:41,2026-06-16 17:30,realizada
AG05235,PAC1159,Bruno Dias Freitas,+55 53 972451071,particular,MED03,2026-06-15 10:00,29/06/2026 15:00,realizada
AG05236,PAC0008,João Xavier Cavalcanti,(51) 90091-7145,convenio,MED06,2026-06-15 11:00,23/06/2026 10:00,faltou
AG05237,PAC0480,Gisele Rezende Guimarães,(51) 99787-2497,particular,MED02,2026-06-15 11:41,2026-06-18 15:00,REALIZADA
AG05238,PAC1109,Leonardo Brandão Oliveira,51906093461,convenio,MED05,2026-06-15 11:48,2026-06-17 15:30,falta
AG05239,PAC0709,Fernando Castro Rezende,(53) 92508-4285,convenio,MED05,2026-06-15 11:48,16/07/2026 17:00,Realizada
AG05240,PAC1107,Tânia Costa Tavares,(51) 92006-8797,convenio,MED04,2026-06-15 12:05,17/06/2026 11:00,realizada
AG05241,PAC0227,Diego Sales Coelho,(53) 99785-9132,particular,MED05,2026-06-15 12:20,2026-06-29 15:00,realizada
AG05242,PAC0142,José Ferreira Nunes,+55 53 936084144,convenio,MED04,2026-06-15 12:40,2026-06-16 11:00,realizada
AG05243,PAC0113,Fernando Ferreira Rezende,(51) 95512-6270,particular,MED05,2026-06-15 12:41,2026-06-22 15:30,REALIZADA
AG05244,PAC0527,Luciana Monteiro Guimarães,(51) 95202-0347,convenio,MED05,2026-06-15 12:58,2026-06-15 17:30,realizada
AG05245,PAC0594,Débora Barbosa Bertoldi,(53) 93803-6979,particular,MED04,15/06/2026 13:05,2026-06-16 09:30,cancelado pelo paciente
AG05246,PAC0897,Murilo Vieira Araújo,54965660384,convenio,MED04,2026-06-15 13:20,2026-06-16 08:30,realizada
AG05247,PAC0336,Júlia Fonseca Fonseca,(51) 97911-4356,particular,MED01,2026-06-15 13:33,2026-07-29 08:00,realizada
AG05248,PAC1249,Emerson Hoffmann Campos,53932232332,particular,MED01,2026-06-15 13:48,2026-07-20 08:30,ausente
AG05249,PAC0204,Vitor Pinto Tavares,+55 51 986192699,convenio,MED06,15/06/2026 14:00,2026-07-07 10:30,cancelada_clinica
AG05250,PAC0104,Natália Hoffmann Dias,92916,convenio,MED01,15/06/2026 14:05,2026-07-27 09:30,realizada
AG02034,PAC0115,Carla Souza Lopes,(51) 93283-0302,particular,MED02,2025-12-26 16:55,30/12/2025 17:30,Realizada
AG05251,PAC0395,Vanessa Reis Cardoso,(51) 99436-1346,particular,MED03,2026-06-15 14:20,2026-06-15 15:00,cancelado clinica
AG05252,PAC0306,Leonardo Rocha Correia,+55 54 938743621,Convênio,MED02,2026-06-15 14:46,16/06/2026 10:30,realizada
AG05253,PAC0065,Aline Barbosa Pinto,51907069182,convenio,MED02,2026-06-15 14:55,2026-07-16 16:00,faltou
AG05254,PAC0665,Henrique Queiroz Weber,(54) 96726-4064,particular,MED06,2026-06-15 15:48,2026-06-25 10:30,cancelado pelo paciente
AG05255,PAC0586,Thiago Duarte Siqueira,(51) 95808-1618,convênio,MED05,2026-06-15 16:00,23/07/2026 14:30,Realizada
AG05256,PAC1111,Felipe Monteiro Aguiar,(51) 97745-1899,CONVENIO,MED02,15/06/2026 16:05,2026-06-18 10:30,faltou
AG05257,PAC1135,Leonardo Pires Cavalcanti,(51) 97121-6832,convenio,MED01,2026-06-15 16:12,2026-07-20 10:30,ausente
AG06733,PAC1443,Sônia Mendes Lima,+55 54 977261365,convenio,MED04,27/08/2026 16:33,2026-09-02 11:30,falta
AG05258,PAC0552,Vitor Hoffmann Teixeira,51960092109,convenio,MED04,2026-06-15 16:41,2026-07-29 08:00,realizada
AG05259,PAC1074,Leonardo Almeida Mendes,(54) 95918-0964,convenio,MED05,2026-06-15 16:48,2026-06-24 15:30,REALIZADA
AG05260,PAC0349,Débora Mendes Castro,(51) 90863-6168,Particular,MED01,15/06/2026 17:20,19/06/2026 15:00,realizada
AG05261,PAC0930,Samuel Peixoto Farias,,convenio,MED01,2026-06-15 17:33,2026-06-26 14:30,REALIZADA
AG05262,PAC0844,Larissa Bittencourt Weber,51961300595,convenio,MED02,2026-06-15 17:41,2026-07-09 16:00,faltou
AG05263,PAC0743,João Pinto Fernandes,(54) 94644-4586,Particular,MED04,2026-06-16 08:25,2026-06-16 09:30,REALIZADA
AG05264,PAC1281,Isabela Lopes Gonçalves,+55 51 905057938,convenio,MED04,2026-06-16 08:41,24/07/2026 08:30,realizada
AG05265,PAC0945,Emerson Lorenzi Miranda,51929822138,convenio,MED05,2026-06-16 10:41,2026-06-30 14:30,FALTA
AG05266,PAC0786,Mariana Mendes Rocha,51900368509,particular,MED05,16/06/2026 10:48,2026-06-22 15:00,Realizada
AG05267,PAC0281,Larissa Oliveira Bezerra,(54) 90039-6572,convenio,MED04,2026-06-16 10:48,02/07/2026 10:30,realizada
AG05268,PAC0423,Marcos Becker Sales,(51) 98022-5886,convenio,MED06,16/06/2026 11:00,2026-07-16 08:00,falta
AG05269,PAC0901,Beatriz Brandão Correia,54903763101,particular,MED06,2026-06-16 11:05,2026-07-01 15:00,realizada
AG05270,PAC0678,Thiago Silva Castro,53927535023,Convênio,MED02,2026-06-16 11:12,2026-06-18 17:00,desmarcou
AG05271,PAC0874,Larissa Brandão Alves,(53) 90753-9282,convenio,MED02,2026-06-16 11:20,2026-06-16 15:30,realizada
AG05272,PAC1053,Pedro Vieira Souza,(54) 99306-4882,particular,MED02,2026-06-16 12:05,2026-06-25 09:30,realizada
AG05273,PAC0276,Diego Cardoso Queiroz,(54) 92321-5421,particular,MED01,16/06/2026 12:12,2026-07-22 09:30,cancelada_clinica
AG05274,PAC0912,Ana Tavares Schmidt,+55 54 949073900,particular,MED05,2026-06-16 12:33,2026-07-16 16:00,falta
AG05275,PAC0699,Rafael Xavier Rezende,(54) 98019-9901,convenio,MED04,2026-06-16 12:41,2026-07-15 10:30,realizada
AG05276,PAC0597,Júlia Santos Mendes,(51) 97989-3010,particular,MED05,2026-06-16 12:55,2026-06-16 16:30,Realizada
AG05277,PAC0230,João Ribeiro Moreira,(51) 91971-1250,convenio,MED03,2026-06-16 13:33,2026-06-26 11:00,realizada
AG05278,PAC1211,Vanessa Cavalcanti Campos,51962232922,particular,MED02,2026-06-16 13:48,2026-07-09 17:30,cancelado pelo paciente
AG05279,PAC0163,Aline Reis Brandão,+55 51 977816336,particular,MED02,2026-06-16 13:55,2026-07-09 08:00,realizada
AG05280,PAC1156,César Costa Farias,+55 54 913923414,convenio,MED03,2026-06-16 14:12,2026-06-26 10:00,no_show
AG05281,PAC0572,Sérgio Correia Viana,53985967782,convênio,MED04,2026-07-05 11:30,2026-06-30 11:30,falta
AG05282,PAC0432,Lucas Alves Batista,(51) 98372-7720,Convênio,MED05,2026-06-16 14:33,2026-06-22 17:00,atendido
AG01821,PAC0264,Roberto Pereira Santos,53946611931,particular,MED01,2025-12-15 10:41,2025-12-24 10:00,REALIZADA
AG05283,PAC0333,Beatriz Santana Kuhn,(51) 92907-9609,Convênio,MED01,2026-06-16 14:41,2026-06-22 11:00,realizada
AG05284,PAC0751,Carla Schmidt Carvalho,(51) 94677-3002,convenio,MED04,2026-06-16 15:33,2026-06-23 10:30,falta
AG05285,PAC1240,Rafael Lopes Lopes,(51) 90770-6831,convenio,MED05,2026-06-16 15:33,2026-07-16 15:30,realizada
AG05286,PAC0233,Rafael Andrade Alves,+55 51 998902976,convenio,MED02,2026-06-16 15:48,09/07/2026 10:00,ausente
AG05287,PAC1262,Felipe Andrade Ribeiro,54938495243,convenio,MED01,2026-06-16 16:00,2026-07-22 09:00,realizada
AG05288,PAC0272,Samuel Carvalho Moreira,(51) 91992-5592,convenio,MED03,16/06/2026 17:20,2026-07-20 14:00,realizada
AG05289,PAC1119,Tatiane Siqueira Aguiar,+55 51 938641678,convenio,MED02,2026-06-16 17:33,2026-07-23 17:30,FALTA
AG05290,PAC0001,Tânia Moreira Andrade,+55 53 979217421,convenio,MED05,2026-06-16 17:41,2026-07-28 15:30,realizada
AG05291,PAC1121,Felipe Fernandes Ferreira,51992781406,particular,MED04,2026-06-17 08:00,2026-06-19 09:30,realizada
AG05292,PAC1118,Arthur Teixeira Tavares,(51) 92401-7697,convenio,MED02,17/06/2026 08:33,2026-06-23 10:00,realizada
AG05293,PAC0674,Júlia Tavares Menezes,+55 51 962264205,convenio,MED01,2026-06-17 09:12,2026-07-03 16:30,realizada
AG05294,PAC1108,Beatriz Duarte Monteiro,51959670377,convenio,MED04,2026-06-17 09:29,2026-06-17 11:30,desmarcou
AG05295,PAC0375,Thiago Borges Batista,(53) 92980-3046,particular,MED05,2026-06-17 09:29,2026-06-17 16:00,realizada
AG05296,PAC1200,Maria Pinto Menezes,(51) 98646-7569,convenio,MED04,17/06/2026 09:48,2026-07-08 08:00,realizada
AG05297,PAC0490,Elaine Ferreira Araújo,(51) 93686-2058,CONVENIO,MED03,17/06/2026 10:05,2026-07-08 16:00,realizada
AG05298,PAC0400,Sônia Andrade Pinto,51936497150,convenio,MED03,17/06/2026 10:12,2026-06-19 08:00,realizada
AG05299,PAC1125,Renata Mendes Soares,54931641236,particular,MED03,2026-06-17 10:12,2026-06-22 13:00,REALIZADA
AG05300,PAC0255,Tânia Rodrigues Araújo,(51) 92877-8385,convenio,MED04,2026-06-17 10:31,2026-06-17 11:30,realizada
AG05301,PAC0662,Isabela Lopes Pires,(54) 98680-3365,convenio,MED05,2026-06-17 10:33,2026-06-23 17:30,falta
AG05302,PAC0723,Paulo Gomes Ribeiro,51932023770,CONVENIO,MED01,2026-06-17 11:05,2026-06-19 17:00,realizada
AG05303,PAC0211,Gisele Brandão Mendes,(53) 97547-4117,particular,MED02,2026-06-17 11:05,2026-07-21 10:00,Realizada
AG05304,PAC1003,Diego Souza Santana,,convenio,MED02,2026-06-17 12:05,2026-06-18 17:30,realizada
AG05305,PAC1162,Thiago Menezes Monteiro,(51) 96709-0801,particular,MED05,2026-06-17 12:55,2026-06-29 16:30,realizada
AG05306,PAC1237,Sabrina Vieira Silva,(51) 94824-7485,convenio,MED02,2026-06-17 12:55,2026-07-16 17:30,FALTA
AG05307,PAC0873,José Moura Bezerra,51958065191,particular,MED04,2026-06-17 13:05,2026-07-23 11:00,confirmado
AG05308,PAC0735,Marcos Miranda Gonçalves,(51) 98536-3265,particular,MED02,2026-06-17 13:20,2026-06-18 08:00,realizada
AG05309,PAC1120,Camila Barbosa Teixeira,54939989877,convenio,MED03,2026-06-17 14:20,2026-06-19 11:30,falta
AG05310,PAC0859,Marcos Peixoto Rezende,(53) 90288-8234,Particular,MED06,17/06/2026 15:48,2026-06-25 09:00,cancelado
AG05311,PAC1235,Sabrina Becker Müller,549302,convenio,MED06,2026-06-17 16:33,2026-07-22 16:30,realizada
AG05312,PAC0659,Viviane Dias Becker,(51) 98264-5068,particular,MED02,2026-06-17 16:41,2026-06-18 14:00,falta
AG05313,PAC1127,Viviane Ramos Aguiar,+55 51 975746338,convenio,MED04,17/06/2026 17:20,2026-06-22 09:00,realizada
AG05314,PAC1183,André Mendes Marques,(51) 92700-5707,convenio,MED01,2026-06-17 17:33,2026-07-03 14:00,realizada
AG05315,PAC1150,Ana Menezes Machado,(53) 99560-0817,convenio,MED04,2026-06-17 17:55,2026-06-26 10:00,atendido
AG05316,PAC1008,Carolina Xavier Zanella,(51) 90966-7199,particular,MED06,18/06/2026 08:00,16/07/2026 10:30,realizada
AG05317,PAC0036,Igor Bertoldi Sales,(51) 97246-2488,particular,MED04,2026-06-18 08:12,2026-06-23 08:30,falta
AG05318,PAC0715,Sônia Reis Ramos,(54) 91730-2931,PARTICULAR,MED05,2026-06-18 08:12,2026-06-23 15:30,FALTA
AG05319,PAC1042,Letícia Hoffmann Tomasi,(51) 92088-3996,convenio,MED03,2026-06-18 08:20,2026-06-24 15:00,realizada
AG05320,PAC0746,Jéssica Campos Cavalcanti,53922968230,convenio,MED06,2026-06-18 09:12,2026-07-08 17:30,desmarcou
AG05321,PAC0266,Henrique Mendes Peixoto,(51) 98097-1858,convenio,MED02,2026-06-18 09:20,2026-06-30 08:30,no_show
AG05322,PAC1139,Ana Pires Duarte,54937467537,convenio,MED03,18/06/2026 09:48,2026-06-24 17:00,Realizada
AG05323,PAC0434,Wagner Viana Soares,(51) 97774-4715,convenio,MED01,2026-06-18 09:48,2026-07-17 14:30,no_show
AG05324,PAC0419,Leandro Souza Marques,(51) 92308-4663,particular,MED01,2026-06-18 09:55,2026-07-08 09:30,realizada
AG05325,PAC0334,Daniel Araújo Gonçalves,(51) 99523-5715,Particular,MED03,2026-06-18 10:00,2026-06-24 15:30,realizada
AG05326,PAC0541,Samuel Batista Soares,+55 54 953572529,convenio,MED03,18/06/2026 10:05,2026-06-22 17:30,Realizada
AG05327,PAC0118,Natália Miranda Batista,(53) 91252-8676,convenio,MED01,2026-06-18 10:05,2026-06-26 17:00,ausente
AG05328,PAC1133,Emerson Queiroz Siqueira,(51) 95605-0776,convenio,MED06,2026-06-18 10:33,2026-06-23 08:30,Realizada
AG05329,PAC1201,Rodrigo Siqueira Bittencourt,(51) 90453-2638,Particular,MED04,2026-06-18 11:00,2026-07-08 10:30,no_show
AG05330,PAC0854,Maria Correia Correia,+55 53 958083810,PARTICULAR,MED02,2026-06-18 11:05,2026-06-25 08:30,realizada
AG05331,PAC1028,Sônia Duarte Guimarães,(51) 92756-6429,convenio,MED02,2026-06-18 11:48,02/07/2026 15:30,realizada
AG05332,PAC0189,João Becker Borges,92286,convenio,MED04,2026-06-18 12:00,01/07/2026 08:30,Realizada
AG05333,PAC1074,Leonardo Almeida Mendes,(54) 95918-0964,convenio,MED01,2026-06-18 12:33,10/07/2026 14:00,faltou
AG05334,PAC0100,Wagner Gomes Siqueira,(51) 95838-4270,convenio,MED04,18/06/2026 12:41,2026-06-23 10:00,realizada
AG05335,PAC0463,Bianca Lima Rocha,54941575620,convenio,MED02,2026-06-18 12:48,2026-06-23 16:30,FALTA
AG05336,PAC1191,Viviane Cardoso Farias,+55 51 922412472,convenio,MED04,2026-06-18 12:55,2026-07-31 08:00,falta
AG05337,PAC0560,Beatriz Araújo Barbosa,(51) 96069-7920,convenio,MED03,2026-06-18 13:05,2026-06-29 13:00,ausente
AG05338,PAC0590,Rafael Batista Moura,+55 54 952877334,convenio,MED06,2026-06-18 13:20,2026-06-24 14:00,realizada
AG05339,PAC1225,Roberto Brandão Fernandes,(51) 97864-3138,convenio,MED06,2026-06-18 14:12,2026-07-28 10:00,falta
AG05340,PAC0850,Fernando Sales Menezes,(53) 95575-8496,convenio,MED04,2026-06-18 16:12,2026-06-22 10:30,cancelado pelo paciente
AG05341,PAC0806,Gabriel Moura Bezerra,54906671127,convenio,MED01,18/06/2026 16:41,2026-07-01 07:00,faltou
AG05342,PAC0126,Luiza Soares Kuhn,51931656299,convenio,MED04,2026-06-18 16:41,2026-07-10 11:30,Realizada
AG05343,PAC0961,Raquel Menezes Santana,51937217074,convenio,MED04,2026-06-18 16:48,2026-07-24 08:00,realizada
AG05344,PAC0924,Camila Oliveira Moura,51921496629,convenio,MED05,2026-06-18 17:12,2026-06-29 14:00,
AG05345,PAC1123,Emerson Sales Gomes,54974084952,convenio,MED01,2026-06-18 17:20,2026-06-22 07:30,realizada
AG05346,PAC0292,Murilo Silva Reis,(51) 97428-5416,convenio,MED02,2026-06-18 17:20,2026-06-23 16:00,realizada
AG05347,PAC1128,Arthur Lima Duarte,+55 54 950661366,convenio,MED04,2026-06-18 17:55,2026-06-22 10:00,realizada
AG05348,PAC1294,Larissa Xavier Bittencourt,51962261947,convenio,MED05,2026-06-18 17:55,2026-07-28 14:30,faltou
AG05349,PAC0944,Mateus Batista Araújo,(53) 90934-8112,particular,MED01,2026-06-19 08:12,2026-06-22 10:00,falta
AG05350,PAC1190,Raquel Viana Gonçalves,(54) 93972-1332,Convênio,MED02,19/06/2026 08:33,2026-07-07 14:00,atendido
AG05351,PAC0528,Lorena Pinto Pinto,,convenio,MED04,2026-06-19 08:35,2026-06-19 10:30,realizada
AG05352,PAC0768,Murilo Viana Martins,51991122654,convenio,MED04,19/06/2026 08:41,22/06/2026 08:30,realizada
AG05353,PAC1168,Leandro Freitas Campos,+55 54 979425331,particular,MED03,2026-06-19 08:41,2026-07-01 17:00,falta
AG05354,PAC0402,Camila Lorenzi Hoffmann,(51) 94552-7690,particular,MED03,2026-06-19 09:37,2026-06-19 11:00,realizada
AG05355,PAC0326,Larissa Tavares Alves,(51) 97675-4716,particular,MED04,2026-06-19 10:00,2026-07-28 10:00,faltou
AG05356,PAC0827,Letícia Rocha Santos,(54) 90077-7994,Particular,MED03,2026-06-19 10:48,2026-08-03 17:00,falta
AG05357,PAC0669,Paulo Vieira Gomes,(51) 96608-7949,particular,MED01,19/06/2026 10:55,2026-07-01 08:00,no_show
AG05358,PAC0510,Daniel Correia Bittencourt,(51) 96305-6340,CONVENIO,MED04,2026-06-19 11:00,2026-06-25 08:30,falta
AG05359,PAC1182,Sabrina Bezerra Xavier,(51) 96617-3248,convenio,MED05,2026-06-19 11:05,2026-07-02 17:30,faltou
AG05360,PAC0866,Vitor Aguiar Rodrigues,(53) 94600-4341,convenio,MED04,2026-06-19 11:20,2026-07-16 09:00,falta
AG05361,PAC0924,Camila Oliveira Moura,51921496629,convenio,MED01,19/06/2026 11:41,2026-06-22 08:00,falta
AG05362,PAC0535,Ricardo Coelho Freitas,54940113565,convenio,MED04,2026-06-19 12:00,2026-07-02 09:00,realizada
AG05363,PAC0408,Sabrina Pinto Duarte,53938022316,particular,MED05,2026-06-19 12:20,2026-07-09 14:30,confirmada
AG05364,PAC0030,Tatiane Campos Barbosa,(51) 92954-8265,convenio,MED01,2026-06-19 12:33,2026-07-01 10:30,Realizada
AG05365,PAC0482,Cristina Almeida Bertoldi,(53) 91943-3557,particular,MED01,2026-06-19 13:00,2026-07-03 14:30,no_show
AG05366,PAC0570,Cristina Tomasi Tavares,(51) 95914-9077,CONVENIO,MED01,2026-06-19 13:00,2026-07-29 07:30,realizada
AG05367,PAC0801,Márcio Hoffmann Fernandes,+55 51 920643434,convenio,MED02,19/06/2026 13:33,2026-06-23 17:00,REALIZADA
AG05368,PAC1063,Samuel Reis Andrade,(51) 90391-6022,convenio,MED04,19/06/2026 13:33,2026-07-15 10:00,realizada
AG05369,PAC0200,Diego Ferreira Araújo,51922952546,Convênio,MED05,2026-06-19 13:48,2026-07-21 17:00,FALTA
AG05370,PAC0964,Henrique Peixoto Campos,53962784963,convenio,MED01,2026-06-19 13:55,2026-07-01 11:30,cancelado pelo paciente
AG05371,PAC1223,Aline Soares Oliveira,(51) 90975-2966,convenio,MED05,19/06/2026 14:05,2026-07-13 14:00,realizada
AG05372,PAC1155,Tatiane Marques Kuhn,51984041753,PARTICULAR,MED03,2026-06-19 15:12,2026-06-26 08:30,faltou
AG05373,PAC1194,Maria Schmidt Rezende,(51) 90711-0578,convenio,MED04,2026-06-19 15:55,2026-07-07 11:30,Realizada
AG05374,PAC0634,Larissa Reis Sales,51951280404,convenio,MED02,2026-06-19 16:20,30/07/2026 15:30,ausente
AG05375,PAC0411,Vanessa Silva Araújo,(51) 90447-3141,PARTICULAR,MED04,2026-06-19 16:48,2026-07-15 09:00,realizada
AG05376,PAC1153,Maria Reis Kuhn,(51) 98828-3506,particular,MED01,2026-06-19 16:55,2026-06-26 16:30,realizada
AG05377,PAC1129,Alexandre Tavares Müller,(54) 97943-3941,convenio,MED04,22/06/2026 08:49,2026-06-22 10:30,atendido
AG05378,PAC1146,Elaine Bertoldi Lopes,53958121934,convenio,MED02,2026-06-22 08:55,2026-06-25 16:30,realizada
AG05379,PAC0425,Henrique Guimarães Coelho,+55 51 908505423,particular,MED04,2026-06-22 08:56,2026-06-25 09:00,REALIZADA
AG05380,PAC0086,Luiza Costa Santana,+55 53 917497258,convenio,MED04,2026-06-22 10:33,2026-07-14 10:00,falta
AG05381,PAC0461,Bruno Moreira Correia,+55 53 993957896,convenio,MED04,2026-06-22 10:47,2026-06-22 11:30,realizada
AG05382,PAC0369,Letícia Marques Schmidt,(53) 95146-3485,particular,MED05,2026-06-22 10:48,2026-06-22 17:30,cancelado clinica
AG05383,PAC0442,Maria Batista Duarte,+55 51 924529736,convenio,MED03,2026-06-22 11:05,2026-07-01 13:00,realizada
AG05384,PAC1149,Tânia Costa Cardoso,51916932477,convenio,MED06,2026-06-22 11:33,2026-06-25 08:30,Realizada
AG05385,PAC0147,Ricardo Carvalho Teixeira,(53) 92099-0039,particular,MED01,22/06/2026 11:33,2026-07-24 17:00,cancelada_paciente
AG05386,PAC0511,Beatriz Menezes Ramos,99666,particular,MED03,2026-06-22 11:41,2026-06-29 16:30,realizada
AG05387,PAC0592,Isabela Ramos Ribeiro,(51) 93995-0677,convenio,MED04,22/06/2026 11:48,2026-07-20 08:30,desmarcou
AG05388,PAC1088,Pedro Prado Bezerra,53965415777,convenio,MED02,2026-06-22 12:12,30/07/2026 09:30,realizada
AG05389,PAC0951,Wagner Weber Macedo,(53) 90243-8019,particular,MED06,2026-06-22 12:48,2026-07-07 09:00,realizada
AG05390,PAC0147,Ricardo Carvalho Teixeira,(53) 92099-0039,particular,MED02,2026-06-22 13:00,2026-08-06 17:00,faltou
AG05391,PAC0289,Gabriel Aguiar Carvalho,54984298548,Particular,MED04,2026-06-22 13:33,2026-08-06 09:00,realizada
AG05392,PAC0728,Sônia Batista Monteiro,+55 51 964065345,convenio,MED01,2026-06-22 14:00,2026-06-26 13:30,realizada
AG05393,PAC1239,Ricardo Queiroz Santana,+55 51 900934469,convênio,MED04,22/06/2026 14:00,2026-07-16 10:30,falta
AG05394,PAC1175,Henrique Schmidt Lima,+55 51 981785651,convenio,MED02,2026-06-22 14:12,2026-07-02 09:30,cancelado
AG05395,PAC1142,Letícia Pires Mendes,53971531793,particular,MED05,2026-06-22 14:41,2026-06-24 14:00,realizada
AG05396,PAC0307,Isabela Sales Farias,(53) 99412-5607,particular,MED02,2026-06-22 15:05,02/07/2026 11:00,FALTA
AG05397,PAC0398,Adriana Gomes Siqueira,+55 51 906050640,particular,MED01,2026-06-22 15:48,2026-06-24 08:30,no_show
AG05398,PAC0767,Pedro Coelho Kuhn,(54) 91046-0925,particular,MED05,2026-06-22 16:12,2026-07-01 14:00,realizada
AG05399,PAC0472,Emerson Soares Viana,(53) 92510-4725,convenio,MED06,2026-06-22 16:12,2026-07-02 09:00,desmarcou
AG05400,PAC1151,Felipe Bittencourt Macedo,(51) 96672-4015,CONVENIO,MED01,2026-06-22 16:26,2026-06-26 13:00,Realizada
AG05401,PAC0937,LARISSA LIMA XAVIER,53987912276,convenio,MED04,2026-06-22 16:41,03/07/2026 09:00,realizada
AG05402,PAC1169,Leandro Cardoso Vieira,,particular,MED04,22/06/2026 16:55,2026-07-01 09:30,realizada
AG05403,PAC1312,Camila Macedo Duarte,+55 53 912200132,convenio,MED01,2026-06-22 17:05,2026-07-31 13:00,atendido
AG05404,PAC1209,Juliana Lima Viana,(54) 96156-2322,convenio,MED04,2026-06-22 17:20,2026-07-22 08:00,realizada
AG05405,PAC0597,Júlia Santos Mendes,(51) 97989-3010,particular,MED04,2026-06-23 08:05,09/07/2026 11:30,faltou
AG05406,PAC0725,Gabriel Santos Ferreira,53901493685,convenio,MED04,2026-06-23 08:10,2026-06-23 09:30,realizada
AG05407,PAC1144,Isabela Gomes Pereira,(51) 95264-8060,particular,MED05,2026-06-23 08:12,2026-06-24 15:00,realizada
AG05408,PAC0365,Thiago Cavalcanti Cavalcanti,+55 53 902986033,convenio,MED05,2026-06-23 08:36,23/06/2026 16:00,REALIZADA
AG05409,PAC1173,Roberto Rodrigues Lorenzi,51904067999,particular,MED06,2026-06-23 09:00,2026-07-01 16:30,falta
AG05410,PAC0772,Elaine Andrade Duarte,54994009516,convenio,MED05,23/06/2026 09:20,2026-06-24 16:00,Realizada
AG05411,PAC1340,André Fonseca Duarte,51940541086,particular,MED05,2026-06-23 09:20,2026-08-06 14:30,falta
AG05412,PAC1046,Márcio Brandão Weber,+55 53 935980031,particular,MED01,2026-06-23 10:12,2026-07-01 09:30,Realizada
AG05413,PAC0593,Jéssica Miranda Vieira,51966104182,convenio,MED02,2026-06-23 10:41,2026-07-09 14:30,Realizada
AG05414,PAC1002,ALEXANDRE PEREIRA TEIXEIRA,(51) 93708-7803,convenio,MED05,23/06/2026 10:55,2026-07-06 14:30,cancelado pelo paciente
AG05415,PAC1230,Fábio Cardoso Bertoldi,(54) 95321-7690,convenio,MED03,2026-06-23 11:41,27/07/2026 17:00,falta
AG05416,PAC1348,Márcio Almeida Silva,(51) 97646-0953,particular,MED03,2026-06-23 11:41,2026-08-07 08:30,desmarcou
AG05417,PAC0695,Vanessa Brandão Viana,(51) 98227-2922,particular,MED04,2026-06-23 11:55,29/06/2026 09:00,faltou
AG05418,PAC1173,Roberto Rodrigues Lorenzi,51904067999,particular,MED04,2026-06-23 12:48,2026-07-03 11:30,realizada
AG05419,PAC1207,Alexandre Guimarães Lorenzi,(51) 91967-0410,particular,MED02,2026-06-23 14:00,2026-07-09 08:30,falta
AG05420,PAC1166,Leandro Nascimento Brandão,(51) 99395-7579,Convênio,MED01,2026-06-23 14:12,01/07/2026 09:00,realizada
AG05421,PAC0471,Emerson Viana Lorenzi,(54) 98537-3289,convenio,MED04,2026-06-23 14:20,2026-06-30 09:30,realizada
AG05422,PAC0562,Mateus Costa Moura,(54) 92260-0600,convenio,MED03,2026-06-23 14:41,2026-07-20 17:00,realizada
AG05423,PAC1246,Alexandre Siqueira Carvalho,54927574965,particular,MED01,2026-06-23 15:05,2026-07-17 16:30,realizada
AG05424,PAC0828,Emerson Araújo Barbosa,(51) 97706-3059,convenio,MED06,23/06/2026 15:33,2026-07-01 17:30,Realizada
AG05425,PAC0874,Larissa Brandão Alves,(53) 90753-9282,convenio,MED02,2026-06-23 15:41,2026-06-25 11:00,REALIZADA
AG05426,PAC1143,Sabrina Hoffmann Dias,+55 51 932173548,convenio,MED05,2026-06-23 16:00,2026-06-24 14:30,realizada
AG05427,PAC1121,Felipe Fernandes Ferreira,51992781406,Particular,MED06,2026-06-23 16:05,2026-07-07 08:30,realizada
AG05428,PAC0933,Sabrina Dias Vieira,54964725602,convenio,MED01,2026-06-23 16:12,2026-06-26 16:00,atendido
AG05429,PAC1312,Camila Macedo Duarte,+55 53 912200132,convenio,MED04,2026-06-23 16:33,07/08/2026 11:30,cancelado
AG05430,PAC0594,Débora Barbosa Bertoldi,(53) 93803-6979,particular,MED03,2026-06-23 16:55,2026-06-24 16:00,realizada
AG05431,PAC0550,Pedro Bittencourt Lorenzi,+55 51 968824970,convenio,MED02,2026-06-23 16:55,2026-07-21 16:30,desmarcou
AG05432,PAC1304,Lucas Peixoto Moura,+55 53 995871440,Convênio,MED05,2026-06-23 17:00,2026-07-29 17:00,FALTA
AG05433,PAC1238,Pedro Lopes Kuhn,(51) 92450-1750,particular,MED04,2026-06-23 17:05,2026-07-16 08:30,ausente
AG05434,PAC1167,Gisele Ferreira Almeida,51971689432,convenio,MED03,2026-06-23 17:20,2026-07-01 16:00,falta
AG05435,PAC1049,Júlia Bertoldi Siqueira,+55 51 939335605,particular,MED06,2026-06-23 17:41,2026-07-29 15:00,faltou
AG05436,PAC1322,Wagner Nascimento Alves,51976486926,particular,MED05,23/06/2026 17:41,2026-08-03 16:30,realizada
AG05437,PAC1150,Ana Menezes Machado,(53) 99560-0817,convenio,MED06,23/06/2026 17:48,2026-06-25 10:00,realizada
AG05438,PAC0706,Ana Gonçalves Moreira,(51) 97646-5161,particular,MED02,2026-06-24 08:00,04/08/2026 15:30,Realizada
AG05439,PAC1193,Letícia Pereira Pires,(51) 95042-9231,convenio,MED04,2026-06-24 08:05,2026-07-07 10:30,falta
AG05440,PAC0834,Wagner Pereira Xavier,+55 51 911909058,convenio,MED01,2026-06-24 08:05,2026-07-22 08:30,falta
AG05441,PAC0173,Lucas Bertoldi Pires,+55 51 957675179,particular,MED06,2026-06-24 08:20,2026-07-22 17:00,realizada
AG05442,PAC1189,Marcos Bittencourt Lima,51930910682,convenio,MED02,2026-06-24 08:33,07/07/2026 11:00,realizada
AG05443,PAC0297,Pedro Teixeira Gomes,51904059895,convenio,MED05,2026-06-24 08:33,2026-07-22 15:30,falta
AG05444,PAC0859,Marcos Peixoto Rezende,(53) 90288-8234,Particular,MED05,2026-06-24 08:41,2026-07-21 17:30,realizada
AG05445,PAC1147,Thiago Machado Santos,51935098235,convenio,MED04,2026-06-24 09:31,2026-06-25 10:30,realizada
AG05446,PAC0416,Lorena Lorenzi Macedo,(54) 90135-2502,convenio,MED03,2026-06-24 09:42,2026-06-24 13:00,REALIZADA
AG05447,PAC0208,Caio Santos Costa,+55 53 990845581,convenio,MED01,2026-06-24 10:33,2026-07-06 07:00,realizada
AG05448,PAC1161,Alexandre Silva Bezerra,+55 51 979381145,particular,MED04,24/06/2026 10:48,2026-06-29 11:00,realizada
AG05449,PAC0092,Maria Fernandes Pinto,(51) 90949-2947,convenio,MED05,2026-06-24 11:41,24/06/2026 16:30,confirmado
AG05450,PAC0839,Ana Siqueira Silva,+55 51 909720113,convenio,MED06,2026-06-24 11:48,24/06/2026 16:00,REALIZADA
AG05451,PAC0445,Elaine Weber Ramos,51968878923,convenio,MED02,2026-06-24 12:12,2026-07-02 14:30,FALTA
AG05452,PAC0691,Larissa Rocha Ferreira,+55 54 963489137,convênio,MED01,2026-06-24 12:12,2026-07-03 15:30,ausente
AG05453,PAC0806,Gabriel Moura Bezerra,54906671127,convenio,MED01,24/06/2026 12:48,2026-07-22 07:30,falta
AG05454,PAC0074,Priscila Farias Zanella,54944868202,particular,MED05,2026-06-24 13:00,2026-07-21 15:30,realizada
AG05455,PAC0044,Tatiane Dias Correia,(53) 92104-5395,convênio,MED04,2026-06-24 13:00,2026-07-23 10:30,falta
AG05456,PAC0320,Márcio Bertoldi Araújo,(51) 91379-9389,convenio,MED04,2026-06-24 13:12,30/06/2026 08:00,atendido
AG05457,PAC0656,Aline Fonseca Monteiro,+55 51 955957679,particular,MED01,2026-06-24 13:41,2026-07-13 07:00,FALTA
AG05458,PAC0006,Fabiana Freitas Ramos,92836,convenio,MED01,24/06/2026 15:00,2026-07-01 07:30,realizada
AG05459,PAC0605,Beatriz Macedo Souza,(51) 99152-4012,convenio,MED04,24/06/2026 15:12,28/07/2026 08:30,atendido
AG05460,PAC1224,Daniel Ramos Borges,(53) 94151-4195,convenio,MED05,2026-06-24 16:00,2026-07-13 15:30,falta
AG05461,PAC1188,Patrícia Campos Borges,51915174267,particular,MED06,2026-06-24 16:41,2026-07-30 11:00,falta
AG05462,PAC0244,Cláudia Schmidt Fernandes,53931902814,convenio,MED05,2026-06-24 16:48,2026-07-09 16:30,realizada
AG05463,PAC0843,Priscila Guimarães Castro,+55 51 935962772,Convênio,MED06,2026-06-24 16:48,2026-07-14 08:30,faltou
AG05464,PAC0794,César Souza Becker,(51) 90457-6598,convenio,MED05,2026-06-24 17:48,2026-08-04 14:00,REALIZADA
AG05465,PAC0658,Luiza Andrade Silva,(51) 90063-5386,convenio,MED05,24/06/2026 17:55,2026-07-13 16:30,atendido
AG05466,PAC0074,Priscila Farias Zanella,54944868202,Particular,MED02,2026-06-25 08:07,2026-06-25 10:00,realizada
AG05467,PAC0176,Mariana Andrade Santana,53986213047,particular,MED02,2026-06-25 08:33,2026-06-30 14:30,realizada
AG05468,PAC0917,Felipe Pires Gomes,+55 51 908911629,particular,MED04,2026-06-25 08:48,2026-07-06 08:00,cancelada_clinica
AG05469,PAC0584,Gisele Rodrigues Cavalcanti,51937281309,convenio,MED02,2026-06-25 09:00,2026-06-25 10:30,realizada
AG05470,PAC0513,Caio Bertoldi Bertoldi,(51) 94281-3339,convenio,MED05,2026-06-25 10:41,2026-07-09 14:00,realizada
AG05471,PAC0161,Lorena Ramos Machado,(54) 93359-2298,particular,MED01,2026-06-25 10:41,03/08/2026 11:00,falta
AG05472,PAC0858,Tatiane Correia Aguiar,(51) 95961-1407,Particular,MED06,2026-06-25 10:48,2026-06-30 08:00,FALTA
AG05473,PAC1209,Juliana Lima Viana,(54) 96156-2322,Convênio,MED02,2026-06-25 10:48,2026-07-09 14:00,REALIZADA
AG05474,PAC1298,Maria Monteiro Nunes,(51) 95691-6697,convenio,MED03,2026-06-25 10:55,2026-07-29 13:30,falta
AG05475,PAC0009,Isabela Souza Aguiar,53909669091,Particular,MED06,2026-06-25 11:00,2026-07-22 15:30,realizada
AG05476,PAC0102,Fernando Gonçalves Lopes,(53) 91997-8707,particular,MED03,25/06/2026 11:05,2026-08-05 17:00,cancelado
AG05477,PAC0677,Marcos Costa Bezerra,53933929801,particular,MED03,2026-06-25 11:20,2026-07-10 08:30,realizada
AG05478,PAC0236,Vanessa Gomes Machado,53973730780,particular,MED04,2026-06-25 12:33,2026-07-10 10:30,realizada
AG05479,PAC1277,Gabriel Mendes Miranda,+55 51 947591950,particular,MED01,25/06/2026 12:41,2026-07-24 14:00,realizada
AG05480,PAC0202,Rodrigo Nunes Rodrigues,(51) 91862-9879,convenio,MED01,2026-06-25 12:48,2026-07-08 08:00,realizada
AG05481,PAC0141,Rodrigo Tomasi Brandão,(51) 91828-0393,convenio,MED06,2026-06-25 12:48,2026-07-28 11:30,cancelado
AG05482,PAC1180,Luiza Silva Nascimento,(51) 93584-6882,PARTICULAR,MED05,2026-06-25 13:41,2026-07-02 15:30,realizada
AG05483,PAC0251,Tânia Ribeiro Cavalcanti,(51) 93341-6083,particular,MED04,2026-06-25 14:00,2026-07-09 08:00,atendido
AG05484,PAC1213,Gustavo Aguiar Rezende,51965106378,PARTICULAR,MED06,2026-06-25 14:41,2026-07-09 11:30,FALTA
AG05485,PAC0971,Bianca Farias Weber,(54) 91477-4242,Convênio,MED05,25/06/2026 14:48,2026-07-07 17:00,realizada
AG05486,PAC1214,Priscila Teixeira Teixeira,(53) 91594-9296,convenio,MED01,25/06/2026 14:55,2026-07-10 16:00,agendada
AG05487,PAC1205,Priscila Lima Bertoldi,(51) 99885-6440,convenio,MED06,2026-06-25 16:00,2026-07-08 15:30,FALTA
AG05488,PAC1152,Mariana Guimarães Soares,+55 51 933927016,particular,MED03,2026-06-25 16:05,2026-06-29 14:30,realizada
AG05489,PAC1161,Alexandre Silva Bezerra,+55 51 979381145,Particular,MED01,2026-06-25 16:20,2026-07-06 07:30,cancelado
AG05490,PAC1315,Marcos Tomasi Marques,(51) 91769-1709,CONVENIO,MED04,2026-06-25 16:48,2026-07-31 09:30,REALIZADA
AG05491,PAC0883,Jéssica Fernandes Lima,+55 51 968657003,convenio,MED06,2026-06-25 17:55,2026-07-07 10:00,faltou
AG05492,PAC1285,Luciana Soares Cardoso,(51) 94834-0767,convenio,MED01,2026-06-26 08:05,2026-07-27 10:00,falta
AG05493,PAC0239,Juliana Araújo Borges,+55 51 972838019,CONVENIO,MED03,2026-06-26 08:48,2026-07-22 17:00,no_show
AG05494,PAC0500,Letícia Brandão Viana,53947687440,particular,MED03,2026-06-26 09:46,2026-06-26 10:30,realizada
AG05495,PAC0958,Viviane Correia Pires,(51) 90968-5762,particular,MED05,2026-06-26 09:55,2026-07-27 15:00,ausente
AG05496,PAC0758,Wagner Barbosa Cavalcanti,(51) 98617-3685,convenio,MED03,2026-06-26 10:48,2026-07-06 16:30,Realizada
AG05497,PAC0008,João Xavier Cavalcanti,(51) 90091-7145,Convênio,MED05,2026-06-26 11:05,2026-07-07 15:00,realizada
AG05498,PAC0278,Otávio Marques Kuhn,(53) 97873-4085,convenio,MED05,2026-06-26 11:20,2026-07-07 17:30,realizada
AG05499,PAC0356,Felipe Reis Dias,(51) 99318-4244,convenio,MED06,2026-06-26 11:33,2026-07-08 17:00,realizada
AG05500,PAC1328,Alexandre Duarte Correia,51969112515,particular,MED01,2026-06-26 11:48,05/08/2026 09:30,realizada
AG05501,PAC0208,Caio Santos Costa,+55 53 990845581,convenio,MED02,2026-06-26 12:20,2026-07-28 09:30,REALIZADA
AG05502,PAC0232,Emerson Marques Castro,+55 51 922393221,convenio,MED04,2026-06-26 12:48,2026-07-30 10:30,realizada
AG05503,PAC0187,Pedro Araújo Cavalcanti,+55 51 971188841,particular,MED05,26/06/2026 13:00,03/08/2026 14:00,Realizada
AG05504,PAC1316,Raquel Machado Cavalcanti,+55 51 986628126,convenio,MED04,2026-06-26 13:05,2026-07-31 10:30,falta
AG05505,PAC0963,Diego Schmidt Silva,53943938955,convenio,MED04,2026-06-26 13:33,15/07/2026 11:30,faltou
AG05506,PAC0524,Adriana Castro Brandão,(53) 94389-9153,convenio,MED04,2026-06-26 14:20,2026-07-22 08:30,realizada
AG05507,PAC0983,Caio Fernandes Santana,(54) 97362-6767,convenio,MED02,2026-06-26 15:20,2026-07-21 10:30,atendido
AG05508,PAC1326,Fabiana Barbosa Tavares,(51) 90693-7465,particular,MED02,26/06/2026 15:20,2026-08-04 17:30,realizada
AG05509,PAC0171,Fábio Gonçalves Macedo,+55 51 919138398,convenio,MED03,2026-06-26 15:55,2026-07-06 15:00,no_show
AG05510,PAC0269,Natália Soares Borges,51903422457,particular,MED01,26/06/2026 16:00,2026-07-06 09:30,FALTA
AG05511,PAC0145,DIEGO GONÇALVES PEIXOTO,+55 51 936594709,convenio,MED02,2026-06-26 16:00,2026-07-07 16:00,realizada
AG05512,PAC0661,Sérgio Tavares Oliveira,54952175294,convenio,MED04,2026-06-26 16:05,2026-07-08 09:30,realizada
AG05513,PAC0374,Mateus Batista Marques,,convênio,MED05,2026-06-26 16:12,2026-07-27 14:00,realizada
AG05514,PAC0234,Eduardo Coelho Santos,51992689273,convenio,MED03,2026-06-26 16:55,2026-07-01 13:30,FALTA
AG05515,PAC0502,Luciana Coelho Ribeiro,,particular,MED04,2026-06-26 17:00,11/08/2026 08:30,cancelado clinica
AG05516,PAC1094,Elaine Hoffmann Rodrigues,(51) 98237-0547,convenio,MED01,26/06/2026 17:20,10/08/2026 07:30,faltou
AG05517,PAC0194,Gabriel Miranda Weber,+55 51 956700171,Convênio,MED04,2026-06-26 17:48,06/07/2026 10:30,realizada
AG05518,PAC0014,Sônia Silva Reis,+55 53 998575311,particular,MED01,2026-06-29 08:00,2026-07-24 13:00,realizada
AG05519,PAC0051,Tânia Pinto Rezende,51969124332,convenio,MED02,2026-06-29 08:12,2026-06-30 16:30,realizada
AG05520,PAC0737,Bruno Rodrigues Lorenzi,(51) 98507-3372,CONVENIO,MED04,2026-06-29 08:41,2026-07-13 09:00,realizada
AG05521,PAC0529,Aline Moreira Sales,(51) 98570-4068,particular,MED02,29/06/2026 08:48,2026-06-30 10:30,realizada
AG05522,PAC0266,Henrique Mendes Peixoto,(51) 98097-1858,convenio,MED03,2026-06-29 09:33,24/07/2026 08:00,realizada
AG05523,PAC0761,Larissa Vieira Dias,53959971857,particular,MED05,2026-06-29 09:33,2026-07-29 16:00,faltou
AG05524,PAC1230,Fábio Cardoso Bertoldi,(54) 95321-7690,convenio,MED01,29/06/2026 09:41,2026-07-15 07:00,falta
AG05525,PAC0403,Sabrina Duarte Souza,51907833323,convenio,MED03,2026-06-29 10:00,2026-07-29 15:00,realizada
AG05526,PAC1181,Juliana Gonçalves Menezes,+55 54 951074438,particular,MED05,2026-06-29 10:05,2026-07-02 16:00,REALIZADA
AG05527,PAC0633,Lorena Lima Peixoto,51976626522,particular,MED05,2026-06-29 10:48,2026-08-06 16:30,realizada
AG05528,PAC0040,Maria Marques Barbosa,(51) 96845-6814,convenio,MED03,29/06/2026 11:00,2026-07-29 15:30,realizada
AG05529,PAC0098,Ana Fernandes Castro,54958716908,particular,MED02,2026-06-29 12:48,2026-06-30 09:00,realizada
AG05530,PAC0378,Daniel Moura Fernandes,(51) 96518-0764,PARTICULAR,MED02,2026-06-29 13:00,2026-07-09 09:00,cancelado
AG05531,PAC0331,Adriana Rodrigues Guimarães,(51) 95418-7569,convenio,MED04,29/06/2026 14:00,2026-06-30 11:30,realizada
AG05532,PAC0616,Simone Brandão Mendes,(53) 97260-6218,convenio,MED02,2026-06-29 14:10,2026-06-30 08:00,realizada
AG05533,PAC1100,Henrique Gomes Prado,(51) 95426-8384,convenio,MED05,2026-06-29 14:12,2026-07-08 15:00,realizada
AG05534,PAC1291,Leonardo Menezes Farias,53973124158,Convênio,MED02,2026-06-29 15:33,2026-07-28 15:30,realizada
AG05535,PAC0044,Tatiane Dias Corria,(53) 92104-5395,convenio,MED05,2026-06-29 15:55,2026-07-16 16:30,falta
AG04262,PAC0990,Aline Lorenzi Santos,(51) 90215-6312,convenio,MED02,23/04/2026 11:33,2026-05-21 10:30,realizada
AG05536,PAC1243,Natália Zanella Coelho,(53) 93458-4069,convenio,MED01,2026-06-29 16:20,2026-07-17 14:00,falta
AG05537,PAC1192,Leandro Miranda Rodrigues,(51) 90760-0530,convenio,MED04,2026-06-29 16:41,2026-07-07 09:30,falta
AG05538,PAC1186,Wagner Schmdt Barbosa,(51) 95973-6442,particular,MED04,2026-06-29 16:55,2026-07-06 09:30,realizada
AG05539,PAC0434,Wagner Viana Soares,(51) 97774-4715,convenio,MED02,2026-06-29 17:05,02/07/2026 11:30,realizada
AG05540,PAC0848,Simone Almeida Schmidt,(51) 90416-3786,convenio,MED03,2026-06-29 17:05,2026-07-03 08:00,realizada
AG05541,PAC1075,Bianca Pinto Viana,53967422800,convenio,MED05,29/06/2026 17:12,2026-07-29 15:30,falta
AG05542,PAC0213,Tatiane Farias Pinto,54914807463,convenio,MED02,29/06/2026 17:15,2026-06-30 11:30,atendido
AG05543,PAC0768,Murilo Viana Martins,51991122654,convenio,MED01,2026-06-29 17:41,2026-07-03 16:00,atendido
AG05544,PAC0750,Henrique Farias Müller,(53) 93960-4768,convenio,MED06,29/06/2026 17:41,2026-07-22 16:00,realizada
AG05545,PAC1222,Wagner Rodrigues Weber,,convenio,MED04,2026-06-29 17:55,2026-07-13 11:00,ausente
AG05546,PAC0291,Leandro Cardoso Almeida,53985473747,convenio,MED04,2026-06-30 08:05,2026-07-01 08:00,desmarcou
AG05547,PAC0227,Diego Sales Coelho,(53) 99785-9132,particular,MED06,2026-06-30 08:20,2026-06-30 10:30,REALIZADA
AG05548,PAC0608,Felipe Rezende Lorenzi,(51) 95417-7420,particular,MED04,2026-06-30 09:12,2026-07-06 09:00,realizada
AG05549,PAC1203,Luiza Lorenzi Machado,(53) 96908-2074,convenio,MED06,2026-06-30 09:20,2026-07-08 14:30,realizada
AG05550,PAC0665,Henrique Queiroz Weber,(54) 96726-4064,particular,MED02,2026-06-30 09:48,2026-07-16 10:30,falta
AG05551,PAC1346,Mariana Prado Lima,51932412324,convenio,MED01,2026-06-30 09:48,2026-08-07 13:00,faltou
AG05552,PAC0226,Luciana Bezerra Castro,,CONVENIO,MED06,2026-06-30 10:11,2026-07-02 09:00,realizada
AG05553,PAC1198,Vanessa Tomasi Rezende,+55 54 987268491,convenio,MED03,2026-06-30 11:48,2026-07-08 17:00,faltou
AG05554,PAC0477,Camila Siqueira Xavier,51980800415,convenio,MED05,2026-06-30 12:00,2026-07-28 17:30,falta
AG05555,PAC0401,Helena Castro Xavier,(51) 95466-5163,convenio,MED05,2026-06-30 13:05,2026-08-06 15:00,falta
AG05556,PAC1173,Roberto Rodrigues Lorenzi,51904067999,particular,MED03,2026-06-30 14:33,2026-07-06 15:30,realizada
AG05557,PAC0679,João Andrade Weber,+55 51 973652906,convenio,MED03,2026-06-30 15:33,2026-07-17 11:30,realizada
AG05558,PAC0879,Bruno Menezes Bezerra,+55 51 908120414,particular,MED02,30/06/2026 16:12,2026-08-13 10:30,no_show
AG05559,PAC0467,Emerson Kuhn Fernandes,(51) 94698-7789,convenio,MED03,2026-06-30 16:20,2026-07-01 15:00,realizada
AG05560,PAC0147,Ricardo Carvalho Teixeira,(53) 92099-0039,particular,MED03,2026-06-30 16:48,2026-07-10 10:30,faltou
AG05561,PAC0163,Aline  Reis Brandão,+55 51 977816336,particular,MED04,2026-06-30 17:11,2026-07-01 11:30,Realizada
AG05562,PAC0871,Rafael Vieira Fernandes,+55 51 904105142,convênio,MED03,2026-06-30 17:12,2026-07-15 14:00,faltou
AG06376,PAC0043,Fábio Sales Vieira,53938390312,particular,MED02,2026-08-11 09:48,2026-08-27 16:00,falta
AG05563,PAC1185,Fabiana Pereira Tomasi,(53) 92297-5940,PARTICULAR,MED04,2026-06-30 17:20,2026-07-03 10:00,desmarcou
AG05564,PAC0137,Bianca Santos Campos,51904467571,particular,MED02,2026-07-01 08:05,2026-07-09 15:30,falta
AG05565,PAC0646,Cláudia Nunes Alves,51915241495,convênio,MED04,2026-07-01 09:20,2026-07-06 11:30,realizada
AG05566,PAC0482,Cristina Almeida Bertoldi,(53) 91943-3557,particular,MED05,2026-07-01 09:20,2026-07-06 15:00,falta
AG05567,PAC1218,Viviane Tavares Nunes,(54) 95737-7733,convenio,MED01,01/07/2026 09:33,2026-07-13 10:00,no_show
AG05568,PAC1171,Bruno Moreira Rocha,+55 51 978237999,convenio,MED05,01/07/2026 09:52,2026-07-01 16:00,realizada
AG05569,PAC1236,Daniel Monteiro Campos,53939532932,convenio,MED02,01/07/2026 10:00,2026-07-16 14:00,REALIZADA
AG05570,PAC0276,Diego Cardoso Queiroz,(54) 92321-5421,Particular,MED04,2026-07-01 10:20,2026-07-21 09:00,realizada
AG05571,PAC1282,Helena Bittencourt Sales,51959461069,convenio,MED01,2026-07-01 10:41,2026-08-10 11:00,faltou
AG05572,PAC0003,Camila Miranda Carvalho,51961003307,Convênio,MED03,2026-07-01 10:55,2026-08-03 15:00,realizada
AG05573,PAC0942,Diego Pinto Guimarães,53956260084,convenio,MED05,2026-07-01 11:33,08/07/2026 16:30,Realizada
AG05574,PAC1287,Samuel Rodrigues Souza,+55 53 906543131,convenio,MED01,2026-07-01 12:12,2026-07-27 11:30,realizada
AG05575,PAC0028,Felipe Coelho Almeida,(53) 94895-4499,convênio,MED04,2026-07-01 13:00,2026-07-14 11:30,realizada
AG05576,PAC0384,Otávio Duarte Bezerra,(53) 92118-3929,convenio,MED04,01/07/2026 13:12,2026-07-10 11:00,cancelado pelo paciente
AG05577,PAC1164,Carla Brandão Silva,(54) 90339-4767,particular,MED02,2026-07-01 13:33,2026-07-02 09:00,realizada
AG05578,PAC0239,Juliana Araújo Borges,+55 51 972838019,convenio,MED01,2026-07-01 13:48,2026-07-22 08:00,realizada
AG05579,PAC0492,Carolina Peixoto Batista,+55 54 902282213,convenio,MED05,2026-07-01 13:55,2026-07-30 16:00,REALIZADA
AG05580,PAC1369,Júlia Schmidt Mendes,(51) 91224-8328,convenio,MED04,2026-07-01 13:55,2026-08-12 11:30,falta
AG05581,PAC0629,Igor Moreira Weber,(53) 90717-6426,convenio,MED04,2026-07-01 14:05,2026-07-17 08:30,realizada
AG05582,PAC0547,Gisele Schmidt Pereira,51969697619,convenio,MED03,2026-07-01 14:33,2026-07-06 14:00,faltou
AG05583,PAC0510,Daniel Correia Bittencourt,(51) 96305-6340,convenio,MED04,01/07/2026 14:33,2026-07-13 10:00,realizada
AG05584,PAC1225,Roberto Brandão Fernandes,(51) 97864-3138,convenio,MED02,2026-07-01 15:00,2026-07-14 14:30,falta
AG05585,PAC0905,Otávio Lorenzi Farias,(51) 91115-8608,particular,MED02,2026-07-01 15:12,2026-08-13 11:30,faltou
AG05586,PAC0255,Tânia Rodrigues Araújo,(51) 92877-8385,convenio,MED04,2026-07-01 15:48,2026-07-13 09:30,realizada
AG05587,PAC0175,Jéssica Ramos Menezes,+55 53 941425285,particular,MED04,2026-07-01 15:55,03/07/2026 11:00,realizada
AG05588,PAC0358,Juliana Viana Ramos,+55 51 998222821,convenio,MED01,2026-07-01 16:21,2026-07-06 07:30,Realizada
AG05589,PAC1161,Alexandre Silva Bezerra,+55 51 979381145,particular,MED04,01/07/2026 16:41,2026-07-07 11:00,realizada
AG05590,PAC1221,Fábio Fernandes Lorenzi,(51) 99507-5633,convenio,MED03,2026-07-01 16:41,2026-07-13 17:00,realizada
AG05591,PAC0209,Gustavo Pereira Aguiar,51958609952,Particular,MED03,2026-07-01 16:41,2026-07-15 16:30,realizada
AG05592,PAC1199,Márcio Tomasi Brandão,(51) 91648-9796,convenio,MED03,01/07/2026 17:00,08/07/2026 15:00,Realizada
AG05593,PAC1181,Juliana Gonçalves Menezes,+55 54 951074438,particular,MED01,2026-07-01 17:55,2026-07-31 14:30,realizada
AG05594,PAC1317,Alexandre Guimarães Souza,53950798212,convenio,MED05,2026-07-02 08:05,2026-08-04 17:30,atendido
AG05595,PAC0349,Débora Mendes Castro,(51) 90863-6168,particular,MED03,2026-07-02 08:12,2026-07-29 17:00,faltou
AG05596,PAC0376,Vitor Rodrigues Silva,(51) 92379-5044,convenio,MED03,2026-07-02 09:00,10/07/2026 09:30,Realizada
AG05597,PAC0155,César Peixoto Moreira,51959800742,convenio,MED04,2026-07-02 09:09,2026-07-02 10:00,realizada
AG05598,PAC0426,Thiago Rocha Nascimento,(53) 95286-6673,particular,MED01,2026-07-02 09:20,2026-07-29 10:00,realizada
AG05599,PAC0129,Larissa Pereira Dias,(51) 93595-3803,Convênio,MED01,2026-07-02 10:33,07/08/2026 15:00,falta
AG05600,PAC0767,Pedro Coelho Kuhn,(54) 91046-0925,particular,MED03,2026-07-02 10:41,2026-07-06 17:00,realizada
AG05601,PAC0252,Patrícia Sales Almeida,+55 51 976043292,convenio,MED02,2026-07-02 10:48,2026-07-16 10:00,realizada
AG05602,PAC0125,Roberto Zanella Viana,(53) 99681-4060,particular,MED05,2026-07-02 10:48,2026-07-21 14:00,Realizada
AG05603,PAC0007,Juliana Soares Freitas,(54) 98991-4330,convenio,MED02,2026-07-02 11:12,2026-07-09 10:30,realizada
AG05604,PAC0125,Roberto Zanella Viana,(53) 99681-4060,particular,MED02,2026-07-02 11:12,2026-07-14 15:00,realizada
AG05605,PAC0814,Helena Nunes Müller,(53) 97624-9150,convenio,MED02,2026-07-02 11:33,2026-08-06 14:30,realizada
AG05606,PAC0266,Henrique Mendes Peixoto,(51) 98097-1858,Convênio,MED03,2026-07-02 12:55,2026-07-03 10:30,realizada
AG05607,PAC0122,Luiza Reis Becker,(54) 96239-4809,convenio,MED02,02/07/2026 13:00,2026-07-16 14:30,realizada
AG05608,PAC0276,Diego Cardoso Queiroz,(54) 92321-5421,particular,MED04,2026-07-02 13:33,2026-07-20 11:00,cancelada_paciente
AG05609,PAC0075,Luiza Costa Souza,51940709045,particular,MED01,2026-07-02 13:55,2026-07-06 10:00,falta
AG05610,PAC1335,Luiza Mendes Bittencourt,53959760174,particular,MED02,2026-07-02 14:12,2026-08-06 10:30,faltou
AG05611,PAC1220,Camila Andrade Weber,sem telefone,Convênio,MED03,02/07/2026 14:41,2026-07-13 13:00,falta
AG05612,PAC0013,Sônia Nunes Xavier,51920780234,particular,MED05,2026-07-02 14:48,14/07/2026 15:00,Realizada
AG05613,PAC0931,Adriana Müller Schmidt,(51) 97000-3536,convenio,MED01,2026-07-02 15:12,2026-07-08 11:30,realizada
AG05614,PAC0364,Aline Duarte Menezes,53945494295,Convênio,MED04,2026-07-02 15:47,2026-07-03 10:00,atendido
AG05615,PAC1247,Júlia Bezerra Almeida,(53) 92874-8548,convenio,MED03,2026-07-02 16:33,2026-07-17 09:00,
AG05616,PAC0762,Isabela Souza Carvalho,(53) 97705-4766,particular,MED01,2026-07-02 16:41,2026-08-03 07:30,ausente
AG05617,PAC0480,Gisele Rezende Guimarães,(51) 99787-2497,Particular,MED01,2026-07-02 17:00,2026-07-10 13:00,atendido
AG05618,PAC1370,Juliana Silva Freitas,(51) 95822-6699,convenio,MED05,2026-07-03 08:33,2026-08-12 14:00,cancelado pelo paciente
AG05619,PAC1230,Fábio Cardoso Bertoldi,(54) 95321-7690,convenio,MED02,2026-07-03 08:55,2026-07-23 16:00,realizada
AG05620,PAC1322,Wagner Nascimento Alves,51976486926,PARTICULAR,MED01,2026-07-03 08:55,14/08/2026 16:30,realizada
AG05621,PAC0246,Rodrigo Alves Miranda,(53) 95892-7244,Convênio,MED05,2026-07-03 09:55,08/07/2026 16:00,Realizada
AG05622,PAC1182,Sabrina Bezerra Xavier,(51) 96617-3248,convenio,MED05,2026-07-03 10:55,16/07/2026 17:30,FALTA
AG05623,PAC0753,Felipe Kuhn Ramos,(51) 91410-7173,particular,MED03,2026-07-03 10:55,2026-08-19 17:00,atendido
AG05624,PAC0936,Diego Campos Gomes,(51) 97182-2008,Particular,MED02,03/07/2026 11:05,2026-07-28 15:00,realizada
AG05625,PAC1350,Diego Tomasi Mendes,(51) 91317-5121,particular,MED04,2026-07-03 11:05,2026-08-07 09:00,realizada
AG05626,PAC0313,Débora Costa Sales,(53) 97622-9367,convenio,MED05,2026-07-03 11:48,2026-07-06 17:00,realizada
AG05627,PAC1210,SÉRGIO LIMA DUARTE,51985713043,particular,MED02,2026-07-03 12:05,2026-07-09 17:00,realizada
AG05628,PAC0617,Sabrina Correia Almeida,(51) 96988-1917,convenio,MED01,2026-07-03 12:55,2026-07-08 10:00,FALTA
AG05629,PAC0778,Murilo Gonçalves Castro,53949232442,convenio,MED02,2026-07-03 13:00,2026-07-14 08:00,REALIZADA
AG05630,PAC0843,Priscila Guimarães Castro,+55 51 935962772,CONVENIO,MED05,2026-07-03 14:05,2026-08-11 14:00,falta
AG05631,PAC0310,Priscila Siqueira Mendes,+55 51 909096391,particular,MED01,2026-07-03 14:20,2026-07-03 17:00,realizada
AG05632,PAC0863,Thiago Bittencourt Müller,51965752574,convenio,MED04,2026-07-03 14:20,2026-07-27 08:00,realizada
AG05633,PAC0700,Elaine Müller Soares,(51) 93021-4049,convenio,MED01,2026-07-03 15:20,13/07/2026 11:30,cancelada_paciente
AG05634,PAC0445,Elaine Weber Ramos,51968878923,convenio,MED01,2026-07-03 15:41,06/07/2026 08:00,falta
AG05635,PAC0939,Emerson Moura Farias,(53) 92155-4926,convenio,MED03,2026-07-03 15:41,2026-07-13 16:30,cancelado
AG05636,PAC0600,Aline Silva Alves,(51) 97924-4581,convenio,MED04,03/07/2026 15:48,2026-07-30 09:00,realizada
AG05637,PAC0211,Gisele Brandão Mendes,(53) 97547-4117,particular,MED02,2026-07-03 16:05,2026-07-16 11:30,realizada
AG05638,PAC0901,Beatriz Brandão Correia,54903763101,PARTICULAR,MED06,2026-07-03 16:33,2026-07-09 11:00,REALIZADA
AG05639,PAC0675,Mateus Ribeiro Souza,54985259411,convenio,MED04,2026-07-03 16:55,2026-08-13 08:30,realizada
AG05640,PAC1356,Mateus Moreira Pires,+55 53 977463364,convênio,MED03,2026-07-06 08:33,2026-08-10 13:30,falta
AG05641,PAC0478,Fernando Silva Barbosa,(51) 92004-8063,convenio,MED01,2026-07-06 08:39,06/07/2026 11:30,atendido
AG05642,PAC0807,Mariana Hoffmann Guimarães,(51) 90671-8302,convenio,MED05,2026-07-06 09:00,2026-07-07 16:30,atendido
AG05643,PAC1320,José Pereira Bertoldi,(51) 99811-2276,convenio,MED01,2026-07-06 09:20,2026-08-12 11:30,cancelada_paciente
AG05644,PAC0859,Marcos Peixoto Rezende,(53) 90288-8234,particular,MED01,2026-07-06 09:20,2026-08-17 07:00,realizada
AG05645,PAC1259,Gabriel Guimarães Rezende,54926872174,convenio,MED04,2026-07-06 09:33,21/07/2026 11:00,falta
AG05646,PAC1110,Bruno Dias Farias,(51) 9999-,convenio,MED02,2026-07-06 09:55,2026-07-23 17:00,realizada
AG05647,PAC0610,Carolina Duarte Tomasi,+55 51 962030469,Convênio,MED04,2026-07-06 10:05,2026-08-13 08:00,faltou
AG05648,PAC1109,Leonardo Brandão Oliveira,51906093461,convenio,MED05,2026-07-06 10:15,06/07/2026 14:30,realizada
AG05649,PAC0566,Rafael Correia Andrade,51930539995,convenio,MED04,2026-07-06 10:20,2026-07-07 08:30,atendido
AG05650,PAC0276,Diego Cardoso Queiroz,(54) 92321-5421,particular,MED06,2026-07-06 10:48,2026-07-07 11:30,realizada
AG05651,PAC1174,Cláudia Miranda Coelho,51971711675,convenio,MED06,2026-07-06 11:20,2026-07-09 10:00,realizada
AG05652,PAC1232,Thiago Tavares Cardoso,(53) 99489-5611,PARTICULAR,MED04,2026-07-06 11:48,2026-07-15 11:00,Realizada
AG05653,PAC1050,Gabriel Ramos Santos,+55 51 925462254,convenio,MED03,2026-07-06 11:55,15/07/2026 15:00,realizada
AG05654,PAC1249,Emerson Hoffmann Camps,53932232332,PARTICULAR,MED01,2026-07-06 11:55,2026-07-27 09:00,faltou
AG05655,PAC0960,Ana Barbosa Ribeiro,(51) 91698-5821,particular,MED03,2026-07-06 12:32,2026-07-06 13:30,realizada
AG05656,PAC0794,César Souza Becker,(51) 90457-6598,convenio,MED04,2026-07-06 12:41,2026-07-16 08:00,falta
AG05657,PAC0313,Débora Costa Sales,(53) 97622-9367,convenio,MED04,2026-07-06 13:05,2026-07-07 08:00,realizada
AG05658,PAC0082,Raquel Andrade Tomasi,519405,convenio,MED01,2026-07-06 13:41,2026-07-08 07:00,Realizada
AG05659,PAC1104,Alexandre Nunes Pires,+55 51 949483241,convênio,MED02,2026-07-06 13:48,2026-07-07 09:00,falta
AG05660,PAC1188,Patrícia Campos Borges,51915174267,particular,MED02,2026-07-06 14:05,2026-07-07 10:30,realizada
AG05661,PAC0662,Isabela Lopes Pires,(54) 98680-3365,convenio,MED04,2026-07-06 14:31,2026-07-09 11:30,atendido
AG05662,PAC0663,Ricardo Miranda Cavalcanti,(51) 97402-1179,convenio,MED05,2026-07-06 14:55,06/07/2026 16:00,Realizada
AG05663,PAC1251,Priscila Freitas Bertoldi,(54) 92861-2461,Convênio,MED03,06/07/2026 15:00,2026-07-20 13:30,falta
AG05664,PAC0230,João Ribeiro Moreira,(51) 91971-1250,convenio,MED04,06/07/2026 15:20,2026-07-09 09:00,realizada
AG05665,PAC0191,Jéssica Xavier Borges,54972294445,convenio,MED02,06/07/2026 15:20,18/08/2026 11:00,falta
AG05666,PAC1305,Renata Martins Costa,51915963911,convenio,MED02,06/07/2026 15:55,30/07/2026 14:30,realizada
AG05667,PAC0067,Henrique Müller Vieira,+55 53 981682185,particular,MED03,2026-07-06 16:00,2026-07-08 16:30,realizada
AG05668,PAC1197,Mariana Becker Martins,+55 51 923338348,particular,MED01,2026-07-06 16:05,2026-07-08 08:30,realizada
AG05669,PAC1164,Carla Brandão Silva,(54) 90339-4767,particular,MED04,2026-07-06 16:20,2026-08-18 08:30,realizada
AG05670,PAC1130,Carla Moura Gomes,+55 54 983301766,particular,MED03,2026-07-06 16:33,2026-07-08 14:30,realizada
AG05671,PAC1159,Bruno Dias Freitas,+55 53 972451071,particular,MED06,2026-07-06 17:27,2026-07-07 10:30,realizada
AG05672,PAC0304,Bianca Tavares Machado,51980627626,convenio,MED04,2026-07-06 17:48,2026-07-10 09:00,realizada
AG05673,PAC0446,Igor Vieira Lima,54912854671,convenio,MED02,2026-07-07 08:09,2026-07-07 09:00,realizada
AG05674,PAC0957,Roberto Marques Soares,(51) 91247-7584,convenio,MED05,2026-07-07 08:41,2026-07-14 15:30,Realizada
AG05675,PAC1218,Viviane Tavares Nunes,(54) 95737-7733,Convênio,MED03,2026-07-07 09:33,22/07/2026 15:30,REALIZADA
AG05676,PAC0349,Débora Mendes Castro,(51) 90863-6168,particular,MED01,2026-07-07 09:55,2026-07-20 08:00,atendido
AG05677,PAC0799,Luiza Lorenzi Müller,(53) 92675-3095,convenio,MED01,2026-07-07 10:12,2026-07-13 11:00,falta
AG05678,PAC0865,BEATRIZ TAVARES FREITAS,(51) 92288-8328,convenio,MED02,2026-07-07 10:12,2026-08-06 16:30,realizada
AG05679,PAC1195,Eduardo Rezende Becker,(53) 99262-6662,particular,MED05,2026-07-07 11:20,07/07/2026 14:30,cancelada_clinica
AG05680,PAC0104,Natália Hoffmann Dias,92916,Convênio,MED02,2026-07-07 12:05,2026-07-16 11:00,realizada
AG05681,PAC0134,Thiago Souza Xavier,+55 51 982189018,particular,MED05,2026-07-07 12:05,2026-07-20 15:30,atendido
AG05682,PAC1382,Diego Hoffmann Pinto,(51) 93525-8352,convenio,MED01,2026-07-07 12:05,2026-08-14 14:30,realizada
AG05683,PAC0249,Fabiana Bezerra Costa,(51) 95667-5146,particular,MED05,2026-07-07 12:23,2026-07-07 14:30,realizada
AG05684,PAC0118,Natália Miranda Batista,(53) 91252-8676,convenio,MED01,2026-07-07 12:33,2026-07-10 17:30,Realizada
AG05685,PAC1314,Sérgio Becker Almeida,(51) 99301-9621,convenio,MED03,2026-07-07 12:41,2026-07-31 08:30,ausente
AG05686,PAC1212,Bruno Miranda Nunes,(53) 90258-0268,particular,MED06,2026-07-07 12:48,09/07/2026 09:30,realizada
AG05687,PAC1166,Leandro Nascimento Brandão,(51) 99395-7579,convenio,MED02,2026-07-07 13:41,2026-07-14 17:30,realizada
AG05688,PAC0879,Bruno Menezes Bezerra,+55 51 908120414,particular,MED04,2026-07-07 13:48,2026-07-15 09:30,FALTA
AG05689,PAC0626,Pedro Schmidt Guimarães,(51) 96772-5810,particular,MED03,2026-07-07 14:41,24/07/2026 11:00,realizada
AG05690,PAC1109,Leonardo Brandão Oliveira,51906093461,convenio,MED02,2026-07-07 14:41,11/08/2026 15:30,realizada
AG05691,PAC0994,Lorena Queiroz Macedo,(53) 98647-9382,Convênio,MED02,2026-07-07 15:00,13/08/2026 17:00,Realizada
AG05692,PAC0446,Igor Vieira Lima,54912854671,convenio,MED02,2026-07-07 15:05,21/07/2026 08:00,faltou
AG05693,PAC0640,Juliana Miranda Rocha,(51) 98057-8657,Particular,MED04,07/07/2026 15:20,2026-07-21 11:30,faltou
AG05694,PAC1204,Sérgio Bittencourt Brandão,(51) 97122-5870,particular,MED06,2026-07-07 17:20,2026-07-08 15:00,realizada
AG05695,PAC1206,Júlia Borges Marques,(54) 96516-2613,convenio,MED06,2026-07-07 17:38,2026-07-08 17:30,realizada
AG05696,PAC1141,THIAGO BATISTA CARVALHO,(51) 94365-6641,convenio,MED04,2026-07-08 08:05,2026-07-08 10:00,realizada
AG05697,PAC1202,Luiza Correia Carvalho,(51) 94183-3844,convenio,MED04,2026-07-08 08:05,2026-07-08 11:00,realizada
AG05698,PAC0293,Patrícia Rezende Campos,51921292420,convenio,MED02,2026-07-08 08:12,2026-07-28 10:30,faltou
AG05699,PAC0428,Murilo Aguiar Araújo,(54) 98037-9214,particular,MED02,2026-07-08 08:20,2026-07-16 08:30,falta
AG05700,PAC0625,Isabela Souza Müller,51966769278,Convênio,MED01,2026-07-08 08:20,17/08/2026 10:30,realizada
AG05701,PAC0910,André Ramos Schmidt,54968621081,convenio,MED01,2026-07-08 08:44,2026-07-08 10:30,realizada
AG05702,PAC0884,Emerson Santana Cardoso,(54) 94466-8000,convenio,MED01,2026-07-08 08:48,2026-08-05 11:30,realizada
AG05703,PAC1268,Letícia Schmidt Duarte,53982734324,convenio,MED03,2026-07-08 09:00,2026-07-22 16:30,atendido
AG05704,PAC0400,Sônia Andrade Pinto,51936497150,Convênio,MED03,2026-07-08 09:12,2026-07-15 13:30,realizada
AG05705,PAC0159,Tânia Rocha Monteiro,(51) 90605-3042,convenio,MED04,2026-07-08 09:20,2026-08-19 09:00,REALIZADA
AG05706,PAC0740,Mateus Zanella Campos,(51) 95562-3210,convenio,MED02,2026-07-08 09:46,2026-07-09 09:00,realizada
AG05707,PAC1345,Sabrina Siqueira Hoffmann,+55 54 993636538,Particular,MED06,08/07/2026 10:20,2026-08-06 10:00,FALTA
AG05708,PAC0839,Ana Siqueira Silva,+55 51 909720113,convenio,MED05,2026-07-08 10:41,2026-07-16 15:00,Realizada
AG05709,PAC0766,Rafael Pires Ribeiro,54951206596,Convênio,MED03,08/07/2026 12:00,2026-07-13 14:30,falta
AG05710,PAC0425,Henrique Guimarães Coelho,+55 51 908505423,particular,MED06,2026-07-08 13:05,2026-08-12 15:30,realizada
AG05711,PAC1273,Carolina Lorenzi Cardoso,,convenio,MED02,2026-07-08 15:00,23/07/2026 09:30,faltou
AG05712,PAC0477,Camila Siqueira Xavier,51980800415,convenio,MED04,2026-07-08 15:05,2026-08-04 09:00,atendido
AG05713,PAC1245,Leandro Batista Lorenzi,(54) 98082-1726,convenio,MED01,2026-07-08 15:12,2026-07-17 16:00,realizada
AG05714,PAC0779,Letícia Coelho Monteiro,51961970860,Particular,MED03,2026-07-08 15:12,2026-08-14 11:00,realizada
AG05715,PAC0591,Bianca Miranda Lima,(51) 99192-5156,particular,MED03,2026-07-08 15:41,2026-08-19 13:00,realizada
AG05716,PAC1278,Renata Alves Borges,(51) 91186-4046,Particular,MED01,08/07/2026 17:12,2026-07-24 15:00,falta
AG05717,PAC1226,Adriana Bertoldi Bezerra,51927446155,convenio,MED02,2026-07-08 17:48,2026-07-14 16:00,falta
AG05718,PAC0419,Leandro Souza Marques,(51) 92308-4663,particular,MED02,2026-07-09 08:00,2026-07-09 17:30,realizada
AG05719,PAC0028,Felipe Coelho Almeida,(53) 94895-4499,convenio,MED02,2026-07-09 08:33,2026-07-14 10:00,realizada
AG05720,PAC0950,Gustavo Freitas Andrade,(54) 95102-8386,Convênio,MED04,2026-07-09 09:12,2026-07-20 09:30,desmarcou
AG05721,PAC0753,Felipe Kuhn Ramos,(51) 91410-7173,particular,MED01,2026-07-09 09:41,2026-07-10 15:30,Realizada
AG05722,PAC0557,Leandro Santos Gonçalves,51948049597,convenio,MED04,2026-07-09 09:48,2026-07-31 08:30,cancelada_paciente
AG05723,PAC0523,Renata Nascimento Pinto,53923920688,particular,MED04,2026-07-09 09:55,2026-07-10 08:30,realizada
AG05724,PAC1269,Márcio Cavalcanti Pires,(51) 91158-5917,particular,MED04,2026-07-09 09:55,2026-07-22 10:00,faltou
AG05725,PAC0357,Fernando Hoffmann Tomasi,54982332956,convenio,MED05,2026-07-09 10:12,2026-08-20 16:00,no_show
AG05726,PAC0900,Gabriel Ramos Zanella,(51) 93063-0029,convenio,MED01,2026-07-09 10:20,2026-07-10 13:30,REALIZADA
AG05727,PAC1227,Mariana Viana Pinto,(51) 92019-0140,convenio,MED05,09/07/2026 10:41,14/07/2026 16:00,cancelado
AG05728,PAC1315,Marcos Tomasi Marques,(51) 91769-1709,convenio,MED05,2026-07-09 11:12,2026-08-03 15:30,falta
AG05729,PAC0294,Emerson Cavalcanti Miranda,(51) 96869-5587,convenio,MED01,2026-07-09 11:12,2026-08-12 09:30,faltou
AG05730,PAC0535,Ricardo Coelho Freitas,54940113565,convenio,MED01,2026-07-09 11:20,2026-07-27 07:30,realizada
AG05731,PAC1221,Fábio Fernandes Lorenzi,(51) 99507-5633,convenio,MED04,2026-07-09 11:20,2026-07-27 10:00,realizada
AG05732,PAC1082,Adriana Queiroz Correia,51938731036,particular,MED03,2026-07-09 11:41,2026-07-17 10:00,falta
AG05733,PAC1086,César Soares Teixeira,(51) 95209-9619,CONVENIO,MED03,2026-07-09 12:12,13/07/2026 14:30,REALIZADA
AG05734,PAC0726,Fernando Guimarães Silva,+55 53 931742746,particular,MED06,2026-07-09 12:12,2026-07-14 11:30,realizada
AG05735,PAC1190,Raquel Viana Gonçalves,(54) 93972-1332,convenio,MED01,2026-07-09 12:55,2026-07-31 15:00,realizada
AG05736,PAC1251,Priscila Freitas Bertoldi,(54) 92861-2461,convenio,MED03,2026-07-09 13:00,2026-07-27 14:30,cancelada_paciente
AG05737,PAC0458,Bruno Viana Castro,(51) 99426-7460,particular,MED05,2026-07-09 13:12,06/08/2026 16:00,no_show
AG05738,PAC1217,Adriana Siqueira Alves,(51) 94009-1972,convenio,MED01,2026-07-09 13:33,2026-07-13 09:30,falta
AG05739,PAC0303,Juliana Martins Correia,(51) 91975-3342,CONVENIO,MED04,2026-07-09 13:33,2026-07-14 10:30,faltou
AG05740,PAC1228,Felipe Bertoldi Tavares,+55 51 950295448,convenio,MED06,09/07/2026 14:41,2026-07-14 08:00,realizada
AG05741,PAC1252,Tânia Xavier Oliveira,(54) 90184-9750,Particular,MED03,2026-07-09 14:48,2026-07-20 15:30,cancelado
AG05742,PAC0239,Juliana Araújo Borges,+55 51 972838019,convenio,MED04,09/07/2026 14:55,2026-08-12 10:30,realizada
AG05743,PAC1241,João Becker Lopes,53937637512,convênio,MED06,2026-07-09 15:05,2026-07-16 11:30,realizada
AG05744,PAC1254,Vitor Tavares Oliveira,51908830672,convenio,MED03,2026-07-09 15:05,2026-07-20 16:00,falta
AG05745,PAC0440,Aline Lorenzi Ramos,(51) 91588-2256,convenio,MED04,2026-07-09 15:41,2026-07-20 10:00,atendido
AG05746,PAC0308,Tatiane Alves Bandão,(51) 93232-6883,PARTICULAR,MED02,2026-07-09 15:48,2026-08-20 11:30,no_show
AG05747,PAC0431,Wagner Almeida Cavalcanti,(51) 94751-4485,CONVENIO,MED04,2026-07-09 16:05,20/07/2026 08:00,realizada
AG05748,PAC0349,Débora Mendes Castro,(51) 90863-6168,particular,MED04,2026-07-09 16:33,13/07/2026 08:00,
AG05749,PAC1260,Leonardo Moreira Sales,+55 54 913918799,particular,MED05,2026-07-09 16:48,21/07/2026 16:00,cancelado
AG05750,PAC0377,Fernando Hoffmann Peixoto,54910618587,convenio,MED05,09/07/2026 17:20,12/08/2026 14:30,realizada
AG05751,PAC0371,Sabrina Müller Pinto,+55 51 930208738,particular,MED06,09/07/2026 17:20,2026-08-12 15:00,cancelado clinica
AG05752,PAC0370,Fernando Rezende Macedo,+55 51 997508457,convenio,MED03,2026-07-09 17:55,2026-07-15 14:30,realizada
AG05753,PAC0570,Cristina Tomasi Tavares,(51) 95914-9077,Convênio,MED03,2026-07-10 08:02,2026-07-10 09:00,realizada
AG05754,PAC0328,Wagner Correia Weber,53959455652,convenio,MED04,2026-07-10 08:41,2026-08-05 10:00,realizada
AG05755,PAC0948,Arthur Oliveira Menezes,(51) 93565-7091,convenio,MED01,2026-07-10 08:41,2026-08-07 16:30,faltou
AG05756,PAC1196,Fabiana Soares Cardoso,53924721084,particular,MED05,2026-07-10 08:55,2026-07-20 16:30,realizada
AG05757,PAC1295,José Weber Siqueira,(54) 92605-5229,convenio,MED06,2026-07-10 09:00,2026-07-28 08:00,realizada
AG05758,PAC0684,Roberto Weber Viana,(51) 92596-8706,convenio,MED01,10/07/2026 09:12,2026-07-10 14:30,realizada
AG05759,PAC0759,André Kuhn Almeida,(54) 91302-3103,convenio,MED05,2026-07-10 09:20,2026-07-15 15:30,realizada
AG05760,PAC1019,Renata Cavalcanti Nunes,+55 51 944051585,convenio,MED05,2026-07-10 09:20,2026-07-23 16:00,realizada
AG05761,PAC1250,Sérgio Vieira Teixeira,(51) 94623-7305,particular,MED01,2026-07-10 09:41,2026-07-20 11:30,Realizada
AG05762,PAC1219,Samuel Rocha Carvalho,53921050305,particular,MED01,2026-07-10 09:48,2026-07-17 15:30,realizada
AG05763,PAC1343,Renata Cardoso Borges,+55 51 922211883,particular,MED05,2026-07-10 09:55,2026-08-06 17:30,realizada
AG05764,PAC0633,Lorena Lima Peixoto,51976626522,particular,MED01,2026-07-10 10:00,15/07/2026 08:00,Realizada
AG05765,PAC0587,Gisele Mendes Reis,(51) 99447-6647,convênio,MED06,2026-07-10 11:05,2026-08-05 16:30,realizada
AG05766,PAC0235,Caio Ramos Macedo,(51) 99887-7612,particular,MED01,10/07/2026 11:20,2026-07-13 10:30,falta
AG05767,PAC0337,Larissa Rocha Barbosa,+55 51 987644555,convenio,MED01,2026-07-10 11:33,2026-07-15 09:30,realizada
AG05768,PAC1404,Renata Cardoso Mendes,53942838254,particular,MED04,2026-07-10 12:05,20/08/2026 08:30,realizada
AG05769,PAC0037,Cristina Viana Queiroz,(51) 90307-5736,convenio,MED01,2026-07-10 12:12,2026-07-13 08:30,cancelada_paciente
AG05770,PAC1303,Tatiane Fernandes Barbosa,53974042394,convenio,MED05,2026-07-10 13:00,2026-07-29 14:00,realizada
AG05771,PAC1376,Rodrigo Bittencourt Duarte,51962473243,particular,MED04,2026-07-10 13:20,2026-08-13 10:30,faltou
AG05772,PAC1183,André Mendes Marques,(51) 92700-5707,convenio,MED06,2026-07-10 14:00,2026-07-23 10:30,realizada
AG05773,PAC1268,Letícia Schmidt Duarte,53982734324,Convênio,MED05,2026-07-10 14:05,2026-07-22 15:00,atendido
AG05774,PAC0433,Jéssica Ferreira Santana,+55 51 972424584,particular,MED03,2026-07-10 14:33,2026-07-24 10:00,falta
AG05775,PAC0413,Leandro Teixeira Campos,+55 54 906051255,convenio,MED06,2026-07-10 14:41,2026-07-28 10:30,falta
AG05776,PAC0618,Marcos Santos Araújo,,particular,MED01,2026-07-10 14:48,2026-08-14 13:30,faltou
AG05777,PAC0882,Isabela Alves Batista,(54) 96319-5074,particular,MED03,2026-07-10 15:05,2026-07-22 13:00,Realizada
AG05778,PAC0778,Murilo Gonçalves Castro,53949232442,convenio,MED03,10/07/2026 15:12,2026-07-24 08:30,realizada
AG05779,PAC0607,Henrique Fonseca Kuhn,519880,convênio,MED01,2026-07-10 17:02,2026-07-13 08:30,falta
AG05780,PAC1347,Luciana Pires Marques,+55 51 985591422,Particular,MED01,2026-07-10 17:33,2026-08-07 16:00,REALIZADA
AG05781,PAC0638,Viviane Schmidt Almeida,(51) 97979-2915,particular,MED01,2026-07-10 17:41,15/07/2026 11:30,faltou
AG05782,PAC0263,Sônia Rocha Sales,51953982284,convenio,MED02,2026-07-10 17:55,2026-07-28 14:30,no_show
AG05783,PAC0379,Fernando Alves Reis,53951122935,convenio,MED04,13/07/2026 08:00,2026-07-17 09:30,falta
AG05784,PAC0982,Cláudia Xavier Lima,(51) 97734-0218,convenio,MED01,2026-07-13 08:17,2026-07-13 09:00,faltou
AG05785,PAC1117,Vanessa Tavares Pereira,54946837140,convenio,MED01,2026-07-13 08:20,2026-08-21 14:00,Realizada
AG05786,PAC0287,Luiza Sales Aguiar,51939329300,particular,MED06,2026-07-13 08:55,2026-07-22 15:00,FALTA
AG05787,PAC1242,Bianca Becker Brandão,+55 53 946000753,convenio,MED01,2026-07-13 09:00,2026-07-17 13:30,FALTA
AG05788,PAC0588,Otávio Müller Aguiar,51904876213,Convênio,MED06,2026-08-22 08:00,2026-08-18 08:00,realizada
AG05789,PAC1279,Mateus Tomasi Rezende,(51) 91856-0349,particular,MED01,2026-07-13 09:20,2026-07-24 16:00,Realizada
AG05790,PAC1089,César Pereira Araújo,(54) 99906-0836,convenio,MED05,2026-07-13 10:00,14/07/2026 14:00,realizada
AG05791,PAC1272,Natália Kuhn Xavier,(51) 93221-5958,convenio,MED02,2026-07-13 10:41,2026-07-23 09:00,REALIZADA
AG05792,PAC1219,Samuel Rocha Carvalho,53921050305,particular,MED01,2026-07-13 10:50,2026-07-13 11:30,falta
AG05793,PAC0603,Otávio Batista Rezende,(54) 92942-6162,Convênio,MED02,2026-07-13 11:20,2026-07-23 11:30,realizada
AG05794,PAC0190,Sérgio Ribeiro Xavier,+55 54 920720983,convenio,MED04,2026-07-13 11:33,14/07/2026 08:00,realizada
AG05795,PAC0014,Sônia Silva Reis,+55 53 998575311,Particular,MED01,13/07/2026 11:55,2026-07-29 07:00,realizada
AG05796,PAC1265,Bruno Machado Soares,0000000000,particular,MED03,2026-07-13 12:12,2026-07-22 13:30,REALIZADA
AG05797,PAC1282,Helena Bittencourt Sales,51959461069,convenio,MED04,13/07/2026 12:12,2026-07-24 09:00,realizada
AG05798,PAC0879,Bruno Menezes Bezerra,+55 51 908120414,particular,MED05,2026-07-13 12:33,2026-07-14 16:30,Realizada
AG05799,PAC1441,Sérgio Santana Kuhn,+55 51 961991065,particular,MED05,2026-07-13 12:41,2026-08-26 17:00,realizada
AG05800,PAC0979,Luiza Campos Lorenzi,(51) 95051-3828,convenio,MED03,2026-07-13 12:48,2026-07-13 16:30,realizada
AG05801,PAC0104,Natália Hoffmann Dias,92916,Convênio,MED05,2026-07-13 13:12,2026-08-13 17:30,REALIZADA
AG05802,PAC0252,Patrícia Sales Almeida,+55 51 976043292,convenio,MED06,2026-07-13 13:48,2026-07-15 17:00,realizada
AG05803,PAC1375,Viviane Tavares Santos,(51) 90434-7678,convenio,MED02,2026-07-13 13:48,2026-08-13 16:00,realizada
AG05804,PAC1234,Eduardo Gonçalves Bittencourt,519876,particular,MED05,2026-07-13 14:12,2026-07-15 17:30,realizada
AG05805,PAC0801,Márcio Hoffmann Fernandes,+55 51 920643434,convenio,MED02,2026-07-13 14:33,2026-07-16 17:00,realizada
AG05806,PAC1364,Pedro Weber Müller,53965488634,particular,MED06,2026-07-13 14:33,11/08/2026 09:00,no_show
AG05807,PAC0729,Maria Prado Viana,+55 54 980265623,PARTICULAR,MED04,2026-07-13 14:41,2026-08-07 08:00,falta
AG05808,PAC1162,Thiago Menezes Monteiro,(51) 96709-0801,particular,MED04,13/07/2026 15:05,2026-07-17 11:30,realizada
AG05809,PAC0803,Thiago Müller Ferreira,(51) 92085-3294,convenio,MED04,2026-07-13 15:55,2026-07-21 10:00,realizada
AG05810,PAC0245,Juliana Bezerra Duarte,54992501078,Particular,MED03,2026-07-13 15:55,2026-08-12 16:30,REALIZADA
AG05811,PAC0039,Eduardo Weber Castro,(51) 96184-7151,convenio,MED03,2026-07-13 16:48,2026-07-27 16:30,falta
AG05812,PAC1233,Marcos Sales Vieira,,convênio,MED05,2026-07-13 17:00,2026-07-15 14:00,realizada
AG05813,PAC1280,Daniel Machado Viana,(53) 95326-2361,convenio,MED03,2026-07-13 17:20,2026-07-24 10:30,cancelado
AG05814,PAC0910,André Ramos Schmidt,54968621081,convenio,MED04,2026-07-14 08:20,2026-08-20 09:00,atendido
AG05815,PAC0613,Luciana Nascimento Hoffmann,(51) 98692-7201,convênio,MED02,14/07/2026 08:31,2026-07-14 09:30,Realizada
AG05816,PAC0383,Igor Batista Andrade,(51) 90083-8719,particular,MED04,2026-07-14 08:33,10/08/2026 10:00,cancelado
AG05817,PAC1231,Gisele Bezerra Xavier,(51) 95222-7533,convenio,MED03,2026-07-14 08:48,2026-07-15 17:30,realizada
AG05818,PAC1004,Eduardo Queiroz Pereira,+55 51 959112079,Convênio,MED04,2026-07-14 09:00,2026-08-26 10:00,falta
AG05819,PAC1030,Wagner Sales Campos,(54) 99427-8831,convenio,MED02,2026-07-14 09:05,2026-07-14 15:30,atendido
AG05820,PAC0875,Diego Araújo Gonçalves,(51) 91519-9658,particular,MED04,2026-07-14 10:05,2026-07-15 09:30,realizada
AG05821,PAC0729,Maria Prado Viana,+55 54 980265623,particular,MED02,2026-07-14 10:12,2026-07-16 08:00,Realizada
AG05822,PAC0538,Fábio Peixoto Bittencourt,(51) 99999-3072,CONVENIO,MED04,2026-07-14 10:12,2026-07-27 09:30,realizada
AG05823,PAC1251,Priscila Freitas Bertoldi,(54) 92861-2461,convenio,MED01,2026-07-14 10:33,2026-08-17 08:00,no_show
AG05824,PAC0661,Sérgio Tavares Oliveira,54952175294,convenio,MED03,2026-07-14 11:00,2026-08-10 16:00,falta
AG05825,PAC0160,Renata Kuhn Bezerra,53989869970,particular,MED01,2026-07-14 11:20,2026-07-15 08:30,realizada
AG05826,PAC1267,Rodrigo Martins Bertoldi,+55 53 974496401,convenio,MED03,2026-07-14 11:41,2026-07-22 16:00,realizada
AG05827,PAC0659,Viviane Dias Becker,(51) 98264-5068,particular,MED04,2026-07-14 12:05,17/07/2026 10:00,realizada
AG05828,PAC0136,Paulo Marques Duarte,+55 51 970089778,convenio,MED01,2026-07-14 12:12,2026-07-22 10:00,realizada
AG05829,PAC0434,Wagner Viana Soares,(51) 97774-4715,convenio,MED02,2026-07-14 13:41,2026-07-21 11:30,Realizada
AG05830,PAC0207,Murilo Reis Vieira,(53) 97026-9795,convenio,MED05,2026-07-14 14:00,2026-07-22 16:30,realizada
AG05831,PAC0241,José Andrade Vieira,(51) 96462-9066,particular,MED04,2026-07-14 14:41,2026-08-13 09:00,Realizada
AG05832,PAC1030,Wagner Sales Campos,(54) 99427-8831,convenio,MED04,2026-07-14 16:12,2026-07-21 08:00,cancelado
AG05833,PAC0652,Isabela Alves Souza,51932415304,convenio,MED03,2026-07-14 16:12,2026-08-19 15:00,ausente
AG05834,PAC0383,Igor Batista Andrade,(51) 90083-8719,particular,MED02,2026-07-14 16:20,2026-08-25 17:30,realizada
AG05835,PAC0090,João Vieira Souza,51979665854,convenio,MED04,14/07/2026 16:33,2026-08-11 09:30,faltou
AG05836,PAC0766,Rafael Pires Ribeiro,54951206596,convenio,MED04,2026-07-14 16:55,2026-07-17 08:00,Realizada
AG05837,PAC0833,Daniel Pereira Rodrigues,(51) 94316-1261,CONVENIO,MED01,14/07/2026 17:05,2026-07-24 15:30,FALTA
AG05838,PAC0152,Jéssica Pinto Zanella,(51) 93054-2542,convenio,MED04,2026-07-15 08:41,2026-08-03 08:30,falta
AG05839,PAC0866,Vitor Aguiar Rodrigues,(53) 94600-4341,convenio,MED03,2026-07-15 08:41,2026-08-07 09:30,ausente
AG05840,PAC0500,Letícia Brandão Viana,53947687440,particular,MED03,2026-07-15 09:00,2026-07-15 17:00,REALIZADA
AG05841,PAC1219,Samuel Rocha Carvalho,53921050305,particular,MED04,2026-07-15 09:00,22/07/2026 11:30,ausente
AG05842,PAC0497,Pedro Santos Guimarães,(53) 97826-2103,Convênio,MED03,2026-07-15 09:33,2026-07-29 17:30,falta
AG05843,PAC0234,Eduardo Coelho Santos,51992689273,convenio,MED01,2026-07-15 09:55,2026-07-31 16:00,realizada
AG05844,PAC0017,José Rezende Ferreira,(53) 96891-7121,particular,MED05,2026-07-15 10:48,2026-08-18 15:30,realizada
AG05845,PAC0839,Ana Siqueira Silva,+55 51 909720113,convenio,MED05,2026-07-15 11:00,2026-07-15 14:30,realizada
AG05846,PAC0664,Cristina Brandão Miranda,51947321565,convenio,MED04,15/07/2026 11:00,2026-08-07 09:30,falta
AG05847,PAC1313,Ricardo Coelho Batista,(51) 96852-8105,convenio,MED01,15/07/2026 11:05,2026-07-31 14:00,realizada
AG05848,PAC0724,Pedro Araújo Vieira,+55 51 913571720,particular,MED04,15/07/2026 11:55,2026-07-28 08:00,Realizada
AG05849,PAC0448,Vanessa Ramos Silva,53917303945,convenio,MED04,2026-07-15 12:00,2026-07-16 11:30,realizada
AG05850,PAC1385,Marcos Moreira Tavares,(51) 95172-4348,Convênio,MED04,2026-07-15 12:05,2026-08-14 10:00,falta
AG05851,PAC0491,Gabriel Moura Moura,(53) 98249-9724,convenio,MED01,2026-07-15 12:41,2026-08-03 08:30,realizada
AG05852,PAC1095,Bianca Bertoldi Tavares,(54) 94279-0822,particular,MED05,15/07/2026 12:55,2026-08-03 17:00,Realizada
AG05853,PAC0896,Murilo Martins Tavares,+55 53 970659472,convenio,MED02,15/07/2026 14:00,2026-07-16 16:30,falta
AG05854,PAC0450,Ricardo Celho Schmidt,51992645446,convenio,MED04,2026-07-15 14:00,2026-08-12 09:00,FALTA
AG05855,PAC0525,Elaine Rodrigues Tavares,(53) 92680-5866,convenio,MED02,2026-07-15 14:20,2026-07-23 10:30,falta
AG05856,PAC0561,André Oliveira Batista,(51) 95826-3572,particular,MED02,2026-07-15 14:48,11/08/2026 09:00,cancelado clinica
AG05857,PAC0603,Otávio Batista Rezende,(54) 92942-6162,convenio,MED05,15/07/2026 15:33,29/07/2026 16:30,falta
AG05858,PAC0619,Carolina Hoffmann Lopes,+55 53 926390059,particular,MED05,2026-07-15 15:55,2026-08-17 15:30,cancelado pelo paciente
AG05859,PAC1274,César Xavier Moura,+55 54 975114068,convenio,MED02,2026-07-15 16:05,2026-07-23 14:00,falta
AG05860,PAC0153,João Brandão Xavier,(51) 92374-5251,PARTICULAR,MED03,2026-07-15 16:20,2026-07-29 14:00,falta
AG05861,PAC0651,Felipe Xavier Tavares,53911237853,convenio,MED05,2026-07-15 16:55,2026-08-11 15:30,atendido
AG05862,PAC1292,Natália Miranda Rodrigues,+55 54 956793798,particular,MED04,2026-07-15 17:05,28/07/2026 09:00,faltou
AG05863,PAC1288,Fábio Costa Miranda,+55 51 958290934,convenio,MED03,15/07/2026 17:12,27/07/2026 17:30,cancelado clinica
AG05864,PAC1284,Júlia Teixeira Pinto,(51) 98945-7011,convenio,MED04,2026-07-15 17:55,24/07/2026 11:30,realizada
AG05865,PAC1430,Marcos Siqueira Martins,(51) 91884-1474,convênio,MED05,2026-07-16 09:00,2026-08-25 17:00,falta
AG05866,PAC0828,Emerson Araújo Barbosa,(51) 97706-3059,convenio,MED01,2026-07-16 09:12,2026-07-20 09:30,realizada
AG05867,PAC0260,Leonardo Xavier Macedo,53975538676,particular,MED05,2026-07-16 09:33,22/07/2026 14:30,ausente
AG05868,PAC0626,Pedro Schmidt Guimarães,(51) 96772-5810,particular,MED05,2026-07-16 09:37,2026-07-21 16:00,no_show
AG05869,PAC0801,Márcio Hoffmann Fernandes,+55 51 920643434,convenio,MED04,2026-07-16 10:05,2026-07-24 10:30,faltou
AG05870,PAC1256,Gabriel Viana Barbosa,(51) 97484-9407,convenio,MED04,16/07/2026 10:48,2026-07-20 09:00,realizada
AG05871,PAC1248,Larissa Queiroz Tomasi,(51) 97080-8822,particular,MED01,2026-07-16 12:20,2026-07-20 07:00,FALTA
AG05872,PAC0997,Jéssica Mendes Sales,54941228955,particular,MED02,16/07/2026 13:33,2026-08-25 10:30,falta
AG05873,PAC1239,Ricardo Queiroz Santana,+55 51 900934469,convenio,MED06,16/07/2026 13:48,2026-08-05 14:00,realizada
AG05874,PAC1207,Alexandre Guimarães Lorenzi,(51) 91967-0410,particular,MED03,2026-07-16 13:48,2026-08-10 15:00,falta
AG05875,PAC0399,Camila Barbosa Araújo,(53) 95991-4437,particular,MED02,2026-07-16 13:55,13/08/2026 15:00,realizada
AG05876,PAC0961,Raquel Menezes Santana,51937217074,convenio,MED02,2026-07-16 14:05,2026-07-30 08:00,REALIZADA
AG05877,PAC0147,Ricardo Carvalho Teixeira,(53) 92099-0039,particular,MED05,16/07/2026 14:12,2026-07-23 16:30,falta
AG05878,PAC0785,Aline Campos Kuhn,(51) 97779-0670,Convênio,MED04,2026-07-16 14:33,2026-08-19 11:30,falta
AG05879,PAC0293,Patrícia Rezende Campos,51921292420,convenio,MED04,2026-07-16 15:12,2026-08-13 09:30,realizada
AG05880,PAC0006,Fabiana Freitas Ramos,92836,convenio,MED03,2026-07-16 16:05,2026-07-27 13:00,atendido
AG05881,PAC1368,André Bittencourt Xavier,(51) 91192-0094,CONVENIO,MED04,16/07/2026 16:33,12/08/2026 09:30,ausente
AG05882,PAC0195,Fernando Bezerra Freitas,(54) 97553-3852,particular,MED04,2026-07-16 16:48,2026-07-22 09:00,realizada
AG05883,PAC0703,Leonardo Prado Menezes,+55 54 973000486,convenio,MED06,2026-07-16 16:48,2026-07-22 14:00,cancelado
AG05884,PAC0401,Helena Castro Xavier,(51) 95466-5163,convenio,MED04,2026-07-16 16:55,2026-08-26 09:30,confirmada
AG05885,PAC1300,César Nunes Queiroz,(53) 97983-6529,particular,MED04,16/07/2026 17:00,29/07/2026 10:00,FALTA
AG05886,PAC0916,Wagner Castro Viana,54929743803,particular,MED05,2026-07-16 17:20,2026-08-04 15:00,falta
AG05887,PAC0131,Daniel Dias Barbosa,51972616925,convenio,MED02,2026-07-16 17:41,2026-08-18 11:30,realizada
AG05888,PAC1085,Letícia Pereira Peixoto,+55 53 910142272,convenio,MED04,2026-07-16 17:48,2026-08-03 10:30,falta
AG05889,PAC0010,Rafael Coelho Oliveira,51917974054,convenio,MED04,2026-07-17 08:12,20/08/2026 10:00,falta
AG05890,PAC1451,Priscila Becker Prado,51908500842,convenio,MED04,2026-07-17 08:12,2026-08-28 10:30,realizada
AG05891,PAC0098,Ana Fernandes Castro,54958716908,PARTICULAR,MED04,2026-07-17 08:41,2026-07-23 11:30,realizada
AG05892,PAC0172,Márcio Bertoldi Guimarães,(54) 99040-9724,Convênio,MED06,2026-07-17 08:48,2026-07-29 14:30,realizada
AG05893,PAC1261,Ricardo Marques Pinto,(51) 96919-9834,convenio,MED06,2026-07-17 10:05,2026-07-21 09:00,realizada
AG05894,PAC1244,Pedro Bittencourt Castro,(54) 91440-4822,particular,MED01,17/07/2026 10:12,17/07/2026 15:00,realizada
AG05895,PAC0895,Felipe Souza Hoffmann,+55 51 909818763,convenio,MED05,17/07/2026 10:20,2026-07-20 17:00,realizada
AG05896,PAC1323,RAFAEL XAVIER KUHN,(51) 98593-6083,convenio,MED02,2026-07-17 10:33,2026-08-04 08:00,cancelado clinica
AG05897,PAC0307,Isabela Sales Farias,(53) 99412-5607,Particular,MED05,2026-07-17 10:41,2026-07-20 17:30,realizada
AG05898,PAC0428,Murilo Aguiar Araújo,(54) 98037-9214,particular,MED02,2026-07-17 10:41,2026-07-30 11:30,falta
AG05899,PAC1418,Samuel Rodrigues Gomes,(53) 92955-4216,convenio,MED04,2026-07-17 10:48,2026-08-24 10:30,faltou
AG05900,PAC1289,Thiago Costa Lima,(51) 96007-3509,convenio,MED04,2026-07-17 10:55,2026-07-27 11:30,falta
AG05901,PAC0185,Gabriel Carvalho Nunes,(51) 97765-8398,convenio,MED04,2026-07-17 11:00,2026-08-06 10:30,realizada
AG05902,PAC1081,Cristina Araújo Farias,+55 53 951635003,Particular,MED01,2026-07-17 11:12,2026-07-20 07:30,no_show
AG05903,PAC0098,Ana Fernandes Castro,54958716908,particular,MED02,2026-07-17 11:41,2026-07-23 15:00,Realizada
AG05904,PAC1164,Carla Brandão Silva,(54) 90339-4767,particular,MED05,2026-07-17 12:00,2026-07-23 15:00,faltou
AG05905,PAC1001,Jéssica Nascimento Cavalcanti,+55 51 945690650,particular,MED04,2026-07-17 12:12,2026-08-04 11:00,realizada
AG05906,PAC0953,Diego Mendes Kuhn,(54) 95525-7027,particular,MED02,2026-07-17 13:20,2026-08-04 16:30,faltou
AG05907,PAC1227,Mariana Viana Pinto,(51) 92019-0140,convenio,MED01,2026-07-17 13:33,2026-07-31 13:30,Realizada
AG05908,PAC0914,Ana Souza Ferreira,51943968920,Convênio,MED04,2026-07-17 13:41,28/07/2026 09:30,realizada
AG05909,PAC1270,Emerson Müller Becker,(54) 99766-1405,CONVENIO,MED04,2026-07-17 14:33,2026-07-22 10:30,realizada
AG05910,PAC0414,Sabrina Müller Costa,(51) 91690-5097,convenio,MED02,17/07/2026 14:41,2026-07-28 10:00,desmarcou
AG05911,PAC0035,Débora Marques Campos,54984407414,convenio,MED02,2026-07-17 14:41,13/08/2026 15:30,realizada
AG05912,PAC1258,Thiago Miranda Marques,(51) 99138-6084,convenio,MED02,2026-07-17 14:48,21/07/2026 17:30,realizada
AG05913,PAC0433,Jéssica Ferreira Santana,+55 51 972424584,particular,MED06,2026-07-17 14:48,2026-07-21 10:30,realizada
AG05914,PAC1249,Emerson Hoffmann Campos,53932232332,particular,MED05,2026-07-17 15:00,2026-08-10 16:00,realizada
AG05915,PAC1230,Fábio Cardoso Bertoldi,(54) 95321-7690,convenio,MED04,2026-07-17 15:12,25/08/2026 08:00,falta
AG05916,PAC0045,Henrique Macedo Rodrigues,(51) 98619-6258,particular,MED04,2026-07-17 16:00,2026-07-20 10:30,realizada
AG05917,PAC0424,Lorena Araújo Hoffmann,54923746072,convenio,MED05,17/07/2026 16:00,2026-08-20 17:30,realizada
AG05918,PAC0951,Wagner Weber Macedo,(53) 90243-8019,PARTICULAR,MED05,2026-07-17 16:55,2026-07-30 15:00,falta
AG05919,PAC1255,Leonardo Ferreira Weber,(51) 98661-8282,convenio,MED03,2026-07-17 17:12,2026-07-20 17:30,realizada
AG05920,PAC1286,Felipe Sales Machado,(51) 93182-9934,convenio,MED01,2026-07-17 17:33,27/07/2026 10:30,realizada
AG05921,PAC0264,Roberto Pereira Santos,53946611931,particular,MED05,2026-07-17 17:48,2026-07-27 17:30,FALTA
AG05922,PAC0127,Lucas Fonseca Martins,+55 51 955329550,convenio,MED05,17/07/2026 17:48,30/07/2026 17:00,Realizada
AG05923,PAC0187,Pedro Araújo Cavalcanti,+55 51 971188841,particular,MED02,2026-07-20 08:00,2026-07-23 11:00,realizada
AG05924,PAC1276,Bruno Moura Moura,,convenio,MED05,2026-07-20 08:12,2026-07-23 15:30,atendido
AG05925,PAC1223,Aline Soares Oliveira,(51) 90975-2966,convenio,MED03,20/07/2026 08:33,2026-07-27 14:00,realizada
AG05926,PAC1040,Thiago Nunes Zanella,,Particular,MED05,2026-07-20 08:33,19/08/2026 16:30,confirmada
AG05927,PAC1320,José Pereira Bertoldi,(51) 99811-2276,convenio,MED04,2026-07-20 09:00,2026-08-03 11:00,realizada
AG05928,PAC0330,Lorena Oliveira Fernandes,(51) 95700-4516,convenio,MED04,2026-07-20 09:05,2026-08-19 10:00,realizada
AG05929,PAC1177,Vitor Alves Miranda,(51) 92426-2688,particular,MED04,2026-07-20 10:05,2026-09-03 08:00,confirmado
AG05930,PAC0006,Fabiana Freitas Ramos,92836,Convênio,MED01,2026-07-20 10:12,2026-08-14 17:00,Realizada
AG05931,PAC1395,Wagner Duarte Araújo,(54) 93771-6571,convenio,MED06,2026-07-20 10:41,2026-08-18 09:00,realizada
AG05932,PAC0034,Adriana Peixoto Rezende,51990650617,CONVENIO,MED04,2026-07-20 11:05,2026-07-24 09:30,Realizada
AG05933,PAC1259,Gabriel Guimarães Rezende,54926872174,convenio,MED06,2026-07-20 11:20,2026-07-21 08:00,realizada
AG05934,PAC0223,Mateus Pinto Brandão,(51) 94221-4969,CONVENIO,MED03,2026-07-20 11:20,22/07/2026 17:30,realizada
AG05935,PAC0261,Cristina Andrade Alves,(51) 92619-7484,Convênio,MED05,2026-07-20 11:55,2026-08-13 15:30,falta
AG05936,PAC1253,Priscila Coelho Zanella,51986480818,Convênio,MED03,2026-07-20 12:31,2026-07-20 15:30,realizada
AG05937,PAC0586,Thiago Duarte Siqueira,(51) 95808-1618,Convênio,MED05,2026-07-20 12:33,2026-07-21 16:30,realizada
AG05938,PAC1293,Carla Vieira Machado,53931220311,convenio,MED04,2026-07-20 13:48,2026-07-28 11:00,REALIZADA
AG05939,PAC1392,Larissa Queiroz Bezerra,(51) 97536-9493,convenio,MED05,2026-07-20 13:48,2026-08-18 16:00,realizada
AG05940,PAC0730,Carla Oliveira Andrade,0000000000,particular,MED01,2026-07-20 15:00,2026-07-24 13:30,realizada
AG05941,PAC0046,Wagner Macedo Bezerra,(54) 91918-5886,particular,MED04,2026-07-20 15:29,2026-07-21 08:00,agendada
AG05942,PAC1445,Mariana Costa Ramos,(51) 90785-6089,convenio,MED02,2026-07-20 16:00,2026-08-27 17:00,Realizada
AG05943,PAC0408,Sabrina Pinto Duarte,53938022316,particular,MED01,2026-07-20 17:33,2026-08-03 09:00,realizada
AG05944,PAC1311,Jéssica Pires Nascimento,+55 54 955111921,particular,MED05,20/07/2026 17:48,2026-07-30 15:30,realizada
AG05945,PAC0907,Isabela Cavalcanti Nascimento,(51) 99852-5322,convenio,MED02,2026-07-21 09:05,04/08/2026 16:00,falta
AG05946,PAC0641,Igor Batista Correia,(54) 96584-0574,convenio,MED01,2026-07-21 09:20,27/07/2026 07:00,Realizada
AG05947,PAC1263,Fabiana Vieira Borges,+55 54 936717152,particular,MED04,2026-07-21 09:20,2026-07-27 08:30,agendada
AG05948,PAC0624,Felipe Santos Becker,+55 51 975781237,convenio,MED03,2026-07-21 10:00,2026-07-22 14:00,faltou
AG05949,PAC1411,Vanessa Barbosa Moura,(53) 94287-4572,Particular,MED03,2026-07-21 10:20,21/08/2026 08:30,falta
AG05950,PAC0905,Otávio Lorenzi Farias,(51) 91115-8608,Particular,MED02,2026-07-21 10:55,2026-08-04 15:00,no_show
AG05951,PAC1263,Fabiana Vieira Borges,+55 54 936717152,particular,MED01,2026-07-21 11:00,2026-07-22 10:30,ausente
AG05952,PAC1227,Mariana Viana Pinto,(51) 92019-0140,convenio,MED03,2026-07-21 11:00,2026-07-31 09:30,realizada
AG05953,PAC1205,Priscila Lima Bertoldi,(51) 99885-6440,convenio,MED02,2026-07-21 11:05,2026-08-27 09:00,cancelada_clinica
AG05954,PAC0936,Diego Campos Gomes,(51) 97182-2008,PARTICULAR,MED02,2026-07-21 11:54,21/07/2026 16:00,realizada
AG05955,PAC0357,Fernando Hoffmann Tomasi,54982332956,convenio,MED06,2026-07-21 12:33,2026-07-23 08:00,atendido
AG05956,PAC1435,Adriana Rezende Marques,(54) 93213-2414,convenio,MED01,2026-07-21 13:00,2026-08-26 07:00,realizada
AG05957,PAC0167,Cláudia Almeida Soares,54987332667,Convênio,MED01,2026-07-21 13:12,2026-07-22 07:00,realizada
AG05958,PAC0165,Jéssica Rodrigues Tavares,(53) 97357-6178,convenio,MED02,2026-07-21 14:08,2026-07-21 16:30,realizada
AG05959,PAC0622,Vitor Macedo Campos,51910335335,convenio,MED05,2026-07-21 14:48,2026-07-22 16:00,realizada
AG05960,PAC1306,Roberto Queiroz Lorenzi,(51) 94825-5731,Convênio,MED02,21/07/2026 15:00,2026-07-30 17:30,falta
AG05961,PAC0188,Leonardo Gomes Guimarães,51988024838,particular,MED01,2026-07-21 15:05,29/07/2026 10:30,realizada
AG05962,PAC0864,Priscila Marques Sales,53959356888,convenio,MED01,2026-07-21 15:33,2026-08-10 10:00,falta
AG05963,PAC0615,Beatriz Araújo Gonçalves,+55 51 965166528,particular,MED02,2026-07-21 15:41,2026-07-30 16:30,cancelado
AG05964,PAC1275,Sabrina Costa Monteiro,53995463593,Convênio,MED04,2026-07-21 16:00,2026-07-23 08:30,REALIZADA
AG05965,PAC0920,Tânia Lopes Cavalcanti,(53) 98669-8942,convenio,MED05,2026-07-21 16:00,2026-08-12 15:00,realizada
AG05966,PAC0082,Raquel Andrade Tomasi,519405,convênio,MED04,2026-07-21 16:33,2026-07-27 11:00,realizada
AG05967,PAC0744,Larissa Bittencourt Monteiro,54955968198,convenio,MED02,2026-07-21 17:00,2026-07-23 14:30,REALIZADA
AG05968,PAC0101,César Almeida Campos,(54) 95435-8456,Particular,MED05,2026-07-21 17:05,2026-07-27 17:00,atendido
AG05969,PAC0271,Marcos Weber Rezende,53957925052,convenio,MED01,21/07/2026 17:41,2026-08-05 07:00,realizada
AG05970,PAC0165,Jéssica Rodrigues Tavares,(53) 97357-6178,Convênio,MED04,2026-07-21 17:48,2026-08-06 08:30,falta
AG05971,PAC0179,Fabiana Xavier Carvalho,(51) 91659-2857,convenio,MED03,2026-07-21 17:55,2026-08-03 13:00,realizada
AG05972,PAC1334,Larissa Coelho Aguiar,54973296033,convenio,MED02,2026-07-22 08:33,2026-08-06 08:00,agendada
AG05973,PAC1168,Leandro Freitas Campos,+55 54 979425331,particular,MED03,2026-07-22 09:00,2026-07-24 09:00,REALIZADA
AG05974,PAC0564,Mateus Rodrigues Rocha,+55 51 964174944,convenio,MED01,22/07/2026 09:02,2026-07-22 11:00,realizada
AG05975,PAC0847,Simone Moura Miranda,53923078317,convenio,MED03,2026-07-22 09:05,31/07/2026 09:00,falta
AG05976,PAC1309,Felipe Gonçalves Machado,(51) 92523-8725,convenio,MED04,22/07/2026 09:12,2026-07-30 09:30,Realizada
AG03533,PAC0385,Samuel Bittencourt Alves,51926366732,convenio,MED04,2026-03-13 16:41,2026-04-10 09:30,falta
AG05977,PAC1050,Gabriel Ramos Santos,+55 51 925462254,convenio,MED02,2026-07-22 09:33,2026-09-01 10:30,atendido
AG05978,PAC1181,Juliana Gonçalves Menezes,+55 54 951074438,particular,MED03,2026-07-22 09:41,2026-07-22 15:00,realizada
AG05979,PAC0545,Fernando Martins Coelho,(53) 95042-0565,particular,MED05,22/07/2026 10:33,2026-07-28 15:00,REALIZADA
AG05980,PAC0111,Tatiane Andrade Barbosa,+55 51 920305986,particular,MED02,2026-07-22 10:33,2026-08-18 16:30,falta
AG05981,PAC0377,Fernando Hoffmann Peixoto,54910618587,convenio,MED02,2026-07-22 10:41,2026-08-13 17:30,realizada
AG05982,PAC1264,Priscila Bittencourt Machado,53988632023,convenio,MED01,2026-07-22 10:48,22/07/2026 11:30,realizada
AG05983,PAC0094,Fernando Nascimento Viana,51999977924,convenio,MED05,22/07/2026 10:48,2026-08-05 17:30,falta
AG05984,PAC1211,Vanessa Cavalcanti Campos,51962232922,particular,MED02,2026-07-22 11:12,2026-07-30 10:00,falta
AG05985,PAC0606,Elaine Guimarães Ribeiro,(51) 97486-6043,Convênio,MED01,2026-07-22 12:00,2026-08-31 07:30,faltou
AG05986,PAC1112,Wagner Souza Pinto,54977892021,convênio,MED04,22/07/2026 12:41,25/08/2026 10:00,no_show
AG05987,PAC0151,Roberto Bittencourt Araújo,51907015223,particular,MED02,2026-07-22 12:48,2026-09-01 11:00,cancelado
AG05988,PAC1271,Isabela Martins Ferreira,54976606541,particular,MED06,2026-07-22 12:57,2026-07-22 14:00,realizada
AG05989,PAC0142,José Ferreira Nunes,+55 53 936084144,Convênio,MED03,2026-07-22 13:05,2026-07-31 10:30,realizada
AG05990,PAC0803,Thiago Müller Ferreira,(51) 92085-3294,convenio,MED04,2026-07-22 13:12,2026-07-29 08:30,realizada
AG05991,PAC0938,Gisele Guimarães Hoffmann,+55 54 985753271,particular,MED06,2026-07-22 13:12,2026-07-30 08:00,realizada
AG05992,PAC0430,André Lopes Monteiro,(51) 91822-6521,Particular,MED06,22/07/2026 13:33,2026-08-13 10:30,cancelado pelo paciente
AG05993,PAC0977,Jéssica Schmidt Teixeira,51900114971,particular,MED01,2026-07-22 13:41,12/08/2026 07:00,realizada
AG05994,PAC1266,Alexandre Alves Costa,549095,convenio,MED03,2026-07-22 13:55,2026-07-22 14:30,Realizada
AG05995,PAC0901,Beatriz Brandão Correia,54903763101,particular,MED05,22/07/2026 15:41,2026-07-28 16:00,realizada
AG05996,PAC1299,Raquel Campos Almeida,+55 54 999768445,particular,MED04,2026-07-22 16:20,2026-07-29 09:00,cancelado clinica
AG05997,PAC0673,Thiago Ramos Araújo,51907806736,CONVENIO,MED05,22/07/2026 16:41,2026-08-04 16:30,faltou
AG05998,PAC1286,Felipe Sales Machado,(51) 93182-9934,Convênio,MED02,22/07/2026 17:20,2026-07-30 09:00,desmarcou
AG05999,PAC1369,Júlia Schmidt Mendes,(51) 91224-8328,CONVENIO,MED05,2026-07-22 17:20,2026-08-26 15:00,no_show
AG06000,PAC1336,Cristina Macedo Correia,(53) 98263-3504,particular,MED02,2026-07-22 17:33,2026-08-06 11:00,falta
AG06001,PAC1211,Vanessa Cavalcanti Campos,51962232922,particular,MED01,2026-07-22 17:48,2026-08-05 08:00,ausente
AG06002,PAC0626,Pedro Schmidt Guimarães,(51) 96772-5810,particular,MED04,2026-07-23 08:48,2026-07-27 09:00,realizada
AG06003,PAC0840,Fábio Ramos Rodrigues,+55 51 924071977,Particular,MED03,2026-07-23 09:00,2026-08-19 17:30,cancelada_clinica
AG06004,PAC0038,Aline Soares Costa,51949817719,convenio,MED04,2026-07-23 09:02,2026-07-23 10:00,atendido
AG06005,PAC0145,Diego Gonçalves Peixoto,+55 51 936594709,Convênio,MED06,2026-07-23 09:17,2026-07-23 11:00,cancelado
AG06006,PAC0143,Raquel Pereira Macedo,(54) 98269-0375,convênio,MED02,2026-07-23 10:33,2026-09-01 15:00,REALIZADA
AG06007,PAC1060,Helena Moreira Ferreira,(51) 93080-9708,convenio,MED05,2026-07-23 10:41,2026-08-03 14:30,realizada
AG06008,PAC0438,Fábio Fonseca Duarte,+55 51 998397798,convenio,MED02,23/07/2026 10:48,2026-08-04 11:30,falta
AG06009,PAC1331,Isabela Bittencourt Correia,51969168250,convenio,MED01,2026-07-23 11:41,2026-08-24 11:00,realizada
AG06010,PAC1246,Alexandre Siqueira Carvalho,54927574965,particular,MED01,2026-07-23 12:05,2026-07-31 15:30,falta
AG06011,PAC0784,Alexandre Becker Nunes,(51) 95607-8833,convenio,MED04,23/07/2026 14:00,2026-08-05 11:30,realizada
AG06012,PAC1310,Ricardo Souza Brandão,(51) 94595-7484,particular,MED04,2026-07-23 14:20,2026-07-30 10:00,realizada
AG06013,PAC0524,Adriana Castro Brandão,(53) 94389-9153,convenio,MED05,2026-07-23 14:48,05/08/2026 14:00,realizada
AG06014,PAC0031,Fernando Becker Aguiar,51942355515,particular,MED02,23/07/2026 15:12,2026-07-28 14:00,no_show
AG06015,PAC1398,Henrique Gonçalves Castro,+55 51 925623244,convenio,MED01,2026-07-23 15:20,2026-08-19 08:30,faltou
AG06016,PAC0977,Jéssica Schmidt Teixeira,51900114971,particular,MED03,2026-07-23 15:20,28/08/2026 11:00,Realizada
AG06017,PAC1296,Tatiane Nunes Tavares,(51) 98804-8230,convenio,MED01,2026-07-23 16:00,2026-07-29 09:30,realizada
AG06018,PAC0257,Mariana Marques Andrade,(51) 96369-9054,convenio,MED01,2026-07-23 16:41,2026-07-27 11:00,atendido
AG06019,PAC1140,Débora Nascimento Fonseca,(51) 92216-4415,convenio,MED01,2026-07-23 16:41,2026-08-24 07:30,no_show
AG06020,PAC1297,Otávio Silva Soares,(54) 92523-2293,convenio,MED03,2026-07-23 17:12,2026-07-29 13:00,realizada
AG06021,PAC0573,Henrique Schmidt Hoffmann,53909092292,Particular,MED05,2026-07-23 17:12,10/08/2026 15:00,falta
AG06022,PAC1366,Cláudia Araújo Viana,(53) 92552-8598,convenio,MED01,23/07/2026 17:12,12/08/2026 11:00,cancelado
AG06023,PAC1026,Maria Coelho Monteiro,(51) 95704-5713,particular,MED01,2026-07-23 17:20,28/08/2026 14:00,falta
AG06024,PAC1324,Gisele Fonseca Silva,(51) 92342-6031,convenio,MED02,23/07/2026 17:33,2026-08-04 09:00,cancelado
AG06025,PAC1374,Luiza Lorenzi Araújo,(51) 91943-3941,convenio,MED02,2026-07-23 17:48,2026-08-13 10:00,faltou
AG06026,PAC1283,Sabrina Pires Alves,(51) 98856-0807,Convênio,MED04,2026-07-23 17:55,2026-07-24 10:00,falta
AG06027,PAC0290,Gustavo Costa Rodrigues,(51) 99525-6319,convenio,MED04,2026-07-24 08:05,2026-08-21 10:00,falta
AG01379,PAC0095,Vanessa Dias Hoffmann,53934170837,Particular,MED03,2025-11-21 09:33,2025-12-05 11:00,realizada
AG06028,PAC1254,Vitor Tavares Oliveira,51908830672,convenio,MED02,2026-07-24 08:12,2026-07-30 11:00,FALTA
AG06029,PAC1174,Cláudia Miranda Coelho,51971711675,convenio,MED01,2026-07-24 08:16,2026-07-24 15:30,realizada
AG06030,PAC1445,Mariana Costa Ramos,(51) 90785-6089,convenio,MED05,2026-07-24 08:20,2026-08-27 15:00,realizada
AG06031,PAC0398,Adriana Gomes Siqueira,+55 51 906050640,particular,MED03,2026-07-24 09:00,2026-08-10 17:00,realizada
AG06032,PAC1085,Letícia Pereira Peixoto,+55 53 910142272,convenio,MED01,24/07/2026 09:20,29/07/2026 11:30,faltou
AG06033,PAC0270,Fernando Dias Santana,+55 53 978879045,particular,MED03,2026-07-24 09:20,2026-07-31 08:00,atendido
AG06034,PAC0254,Juliana Monteiro Dias,+55 53 932153346,particular,MED03,2026-07-24 09:33,2026-08-28 10:00,atendido
AG06035,PAC1327,Tatiane Coelho Guimarães,(51) 99036-8146,particular,MED01,2026-07-24 09:41,2026-08-12 08:00,realizada
AG06036,PAC0337,Larissa Rocha Barbosa,+55 51 987644555,convenio,MED05,2026-07-24 10:20,2026-07-28 14:00,cancelado
AG06037,PAC1317,Alexandre Guimarães Souza,53950798212,convenio,MED01,2026-07-24 10:33,2026-08-03 07:00,falta
AG06038,PAC1337,Renata Farias Brandão,+55 51 994499640,convenio,MED02,2026-07-24 10:41,2026-08-06 17:30,FALTA
AG06039,PAC0567,Larissa Nunes Hoffmann,51985022370,particular,MED01,2026-07-24 10:55,2026-07-27 08:00,falta
AG06040,PAC1474,Luciana Kuhn Reis,,convenio,MED04,24/07/2026 11:05,2026-09-03 11:00,faltou
AG06041,PAC1007,Natália Moreira Tavares,51993322974,Particular,MED04,2026-07-24 11:41,2026-07-29 11:30,realizada
AG06042,PAC0966,Márcio Ramos Gonçalves,+55 51 933703887,convenio,MED05,2026-07-24 11:41,2026-08-04 14:30,falta
AG06043,PAC0937,Larissa Lima Xavier,53987912276,Convênio,MED02,2026-07-24 11:41,2026-08-20 14:30,REALIZADA
AG06044,PAC1214,Priscila Teixeira Teixeira,(53) 91594-9296,convenio,MED05,2026-07-24 12:12,27/08/2026 15:30,cancelado pelo paciente
AG06045,PAC1325,Thiago Marques Hoffmann,54912721285,convenio,MED02,2026-07-24 12:33,2026-08-04 14:00,no_show
AG06046,PAC1032,Luiza Oliveira Ribeiro,(51) 96199-9236,particular,MED03,24/07/2026 13:55,2026-07-27 15:30,falta
AG06047,PAC1288,Fábio Costa Miranda,+55 51 958290934,convenio,MED01,2026-07-24 14:12,28/08/2026 13:30,falta
AG06048,PAC1159,Bruno Dias Freitas,+55 53 972451071,Particular,MED01,2026-07-24 15:20,2026-08-28 15:00,falta
AG06049,PAC0228,Felipe Bertoldi Ramos,(51) 90044-8991,particular,MED03,2026-07-24 15:48,31/07/2026 11:30,no_show
AG06050,PAC1235,Sabrina Becker Müller,549302,convenio,MED06,2026-07-24 15:48,2026-08-04 08:30,realizada
AG06051,PAC1342,Rafael Freitas Teixeira,51955660485,particular,MED05,2026-07-24 17:12,06/08/2026 17:00,faltou
AG06052,PAC0142,José Ferreira Nunes,+55 53 936084144,convenio,MED06,2026-07-24 17:23,2026-07-28 11:30,realizada
AG06053,PAC0381,João Mendes Santos,(51) 97271-4685,Particular,MED02,2026-07-24 17:48,2026-09-03 11:30,falta
AG06054,PAC0998,Carla Bezerra Tavares,(54) 94747-9352,convenio,MED04,2026-07-24 17:55,2026-08-11 11:00,cancelado pelo paciente
AG06055,PAC1393,Leonardo Nunes Xavier,51943624018,Convênio,MED05,2026-07-27 08:00,2026-08-18 17:00,realizada
AG06056,PAC1048,Alexandre Machado Santana,(51) 99692-5119,convenio,MED04,2026-07-27 08:33,2026-08-03 10:00,cancelado clinica
AG06057,PAC1502,César Andrade Carvalho,(53) 95629-9988,particular,MED05,2026-07-27 08:33,2026-09-09 15:00,falta
AG06058,PAC1318,Henrique Miranda Weber,+55 51 908874408,convenio,MED05,2026-07-27 08:41,2026-09-03 15:30,realizada
AG06059,PAC0226,Luciana Bezerra Castro,,convênio,MED02,2026-07-27 08:55,2026-08-18 16:00,Realizada
AG06060,PAC0416,Lorena Lorenzi Macedo,(54) 90135-2502,convenio,MED01,2026-07-27 09:05,2026-08-07 17:00,cancelada_paciente
AG06061,PAC0011,Sônia Machado Campos,+55 51 995322750,convenio,MED02,27/07/2026 09:05,2026-08-25 10:00,Realizada
AG06062,PAC0474,Luciana Souza Bertoldi,53912986923,convenio,MED05,2026-07-27 09:20,2026-07-27 16:30,REALIZADA
AG06063,PAC1351,Renata Lopes Menezes,51920863277,particular,MED04,2026-07-27 09:20,2026-08-07 11:00,falta
AG06064,PAC1308,Simone Nunes Santana,(53) 92279-3612,convenio,MED04,2026-07-27 09:48,2026-07-30 08:30,realizada
AG06065,PAC0452,João Gomes Schmidt,(53) 97385-5852,particular,MED03,2026-07-27 09:55,2026-08-07 10:30,Realizada
AG06066,PAC1439,Paulo Lorenzi Rodrigues,51990368161,Particular,MED04,2026-07-27 10:33,26/08/2026 08:30,falta
AG06067,PAC0111,Tatiane Andrade Barbosa,+55 51 920305986,particular,MED01,2026-07-27 10:41,2026-08-05 07:30,no_show
AG06068,PAC0122,Luiza Reis Becker,(54) 96239-4809,convênio,MED05,2026-07-27 10:48,10/08/2026 15:30,REALIZADA
AG06069,PAC1357,Débora Schmidt Schmidt,(54) 97678-3582,convenio,MED04,2026-07-27 11:00,2026-08-10 08:30,Realizada
AG06070,PAC1302,Patrícia Soares Cavalcanti,(51) 91106-9283,particular,MED04,2026-07-27 11:05,29/07/2026 11:00,realizada
AG06071,PAC1235,Sabrina Becker Müller,549302,Convênio,MED01,2026-07-27 11:05,2026-08-10 08:30,realizada
AG06072,PAC1352,Fernando Guimarães Aguiar,53935326605,convenio,MED01,2026-07-27 12:20,2026-08-10 07:00,falta
AG06073,PAC1356,Mateus Moreira Pires,+55 53 977463364,convenio,MED01,2026-07-27 14:12,2026-09-02 07:00,no_show
AG06074,PAC0020,Beatriz Tavares Borges,+55 53 923601395,convenio,MED03,2026-07-27 14:33,2026-08-07 10:00,realizada
AG06075,PAC0784,Alexandre Becker Nunes,(51) 95607-8833,convenio,MED06,2026-07-27 14:41,2026-07-29 17:00,realizada
AG06076,PAC1321,Murilo Santana Rodrigues,51968916794,particular,MED05,27/07/2026 14:55,03/08/2026 15:00,falta
AG06077,PAC0877,Daniel Moreira Alves,(51) 95678-9545,convenio,MED05,2026-07-27 15:12,2026-08-27 17:30,Realizada
AG06078,PAC0014,Sônia Silva Reis,+55 53 998575311,particular,MED02,2026-07-27 15:20,2026-07-28 16:00,realizada
AG06079,PAC1183,André Mendes Marques,(51) 92700-5707,convenio,MED02,2026-07-27 15:33,2026-08-04 08:30,realizada
AG06080,PAC1100,Henrique Gomes Prado,(51) 95426-8384,CONVENIO,MED02,2026-07-27 16:20,2026-07-28 17:30,realizada
AG06081,PAC1339,Júlia Souza Menezes,51963466328,convenio,MED04,2026-07-27 16:33,06/08/2026 11:30,realizada
AG06082,PAC0125,Roberto Zanella Viana,(53) 99681-4060,particular,MED05,2026-07-27 16:48,2026-07-30 16:30,realizada
AG06083,PAC1330,Diego Weber Vieira,53915331539,convenio,MED04,2026-07-27 16:55,2026-08-05 09:00,realizada
AG06084,PAC0006,Fabiana Freitas Ramos,92836,convenio,MED04,28/07/2026 08:41,30/07/2026 11:30,REALIZADA
AG06085,PAC1290,Elaine Correia Rodrigues,(51) 90373-9213,convenio,MED02,28/07/2026 09:18,2026-07-28 10:00,REALIZADA
AG06086,PAC0238,Luiza Nunes Araújo,51926613277,convenio,MED03,2026-07-28 10:05,2026-08-19 15:30,realizada
AG06087,PAC0897,Murilo Vieira Araújo,54965660384,convenio,MED04,2026-07-28 10:33,28/07/2026 11:30,realizada
AG06088,PAC1021,Leandro Reis Barbosa,(54) 97434-9038,particular,MED03,2026-07-28 10:33,14/08/2026 09:30,FALTA
AG06089,PAC0014,Sônia Silva Reis,+55 53 998575311,particular,MED05,2026-07-28 10:41,2026-07-28 17:00,atendido
AG06090,PAC0504,Mateus Ferreira Nascimento,54910420195,particular,MED02,2026-07-28 10:55,01/09/2026 11:30,realizada
AG06091,PAC1422,Priscila Tavares Hoffmann,53963931408,Convênio,MED06,2026-07-28 11:05,2026-09-02 15:00,realizada
AG06092,PAC0808,Eduardo Xavier Peixoto,51911878642,particular,MED05,28/07/2026 12:05,2026-08-04 15:30,realizada
AG06093,PAC0270,Fernando Dias Santana,+55 53 978879045,particular,MED02,2026-07-28 12:33,03/09/2026 08:30,realizada
AG06094,PAC0205,José Rezende Sales,+55 51 981800370,convenio,MED06,28/07/2026 13:20,04/08/2026 10:00,realizada
AG06095,PAC0308,Tatiane Alves Brandão,(51) 93232-6883,PARTICULAR,MED02,2026-07-28 14:41,2026-08-11 11:30,atendido
AG06096,PAC1327,Tatiane Coelho Guimarães,(51) 99036-8146,particular,MED04,28/07/2026 14:48,2026-08-04 08:30,realizada
AG06097,PAC0183,Renata Nascimento Santana,(51) 98027-7698,convenio,MED05,2026-07-28 15:33,02/09/2026 16:00,REALIZADA
AG06098,PAC0431,Wagner  Almeida Cavalcanti,(51) 94751-4485,convenio,MED04,2026-07-28 16:05,2026-08-04 11:30,realizada
AG06099,PAC1301,João Vieira Xavier,+55 51 900149797,convenio,MED04,2026-07-28 16:33,29/07/2026 10:30,REALIZADA
AG06100,PAC1331,Isabela Bittencourt Correia,51969168250,convenio,MED04,2026-07-28 17:48,2026-08-05 09:30,realizada
AG06101,PAC0883,Jéssica Fernandes Lima,+55 51 968657003,convenio,MED03,2026-07-29 08:00,2026-08-10 13:00,realizada
AG06102,PAC0449,José Cavalcanti Pereira,(51) 93438-9935,particular,MED04,2026-07-29 09:48,2026-08-07 08:30,FALTA
AG06103,PAC0342,Fabiana Pires Müller,51914068310,convenio,MED05,2026-07-29 10:33,2026-08-03 17:30,faltou
AG06104,PAC1504,José Nascimento Dias,(51) 93805-6030,particular,MED06,2026-07-29 10:41,2026-09-09 15:00,REALIZADA
AG06105,PAC0417,Gustavo Pinto Correia,+55 54 969381977,particular,MED05,2026-07-29 10:48,2026-08-25 16:30,atendido
AG06106,PAC0315,José Aguiar Carvalho,54982105845,convenio,MED06,2026-07-29 11:20,2026-08-05 16:00,realizada
AG06107,PAC0286,Murilo Borges Siqueira,(51) 97367-8015,particular,MED03,2026-07-29 11:55,2026-08-19 14:00,falta
AG06108,PAC1524,Gisele Vieira Almeida,51911519924,particular,MED02,29/07/2026 11:55,2026-09-15 14:30,realizada
AG06109,PAC1349,Arthur Pereira Bezerra,(51) 93759-5661,convenio,MED03,2026-07-29 12:05,2026-08-07 11:30,falta
AG06110,PAC0706,Ana Gonçalves Moreira,(51) 97646-5161,particular,MED03,2026-07-29 12:05,2026-09-02 14:30,realizada
AG06111,PAC0756,Paulo Araújo Carvalho,54940282625,Convênio,MED06,2026-07-29 12:12,2026-08-05 17:00,no_show
AG06112,PAC0465,César Queiroz Moreira,(51) 93035-4515,convenio,MED01,2026-07-29 12:33,2026-08-12 09:00,realizada
AG06113,PAC1307,João Nascimento Peixoto,(51) 95736-2560,particular,MED04,2026-07-29 13:00,2026-07-30 08:00,realizada
AG00529,PAC0051,Tânia Pinto Rezende,51969124332,convênio,MED05,2025-10-07 13:00,2025-10-08 16:00,realizada
AG06114,PAC0797,Caio Araújo Santos,(51) 90516-9091,particular,MED03,2026-07-29 13:55,2026-07-29 16:00,realizada
AG06115,PAC1409,Fabiana Tomasi Machado,51945202390,convenio,MED06,2026-07-29 13:55,2026-08-20 11:30,falta
AG06116,PAC0109,Jéssica Rodrigues Teixeira,(51) 98625-3999,convenio,MED02,2026-07-29 13:55,2026-09-08 08:30,agendada
AG06117,PAC0685,Renata Pires Siqueira,(51) 93631-7387,convenio,MED02,29/07/2026 15:41,2026-07-30 14:00,realizada
AG06118,PAC0664,Cristina Brandão Miranda,51947321565,convenio,MED04,29/07/2026 16:05,31/07/2026 11:00,realizada
AG06119,PAC0037,Cristina Viana Queiroz,(51) 90307-5736,convenio,MED03,2026-07-29 16:05,2026-08-12 15:00,realizada
AG06120,PAC0362,Carolina Siqueira Gomes,53978143045,convenio,MED03,2026-07-29 16:20,2026-08-05 17:30,realizada
AG06121,PAC0839,Ana Siqueira Silva,+55 51 909720113,Convênio,MED05,2026-07-29 16:33,2026-08-04 17:00,realizada
AG06122,PAC1176,Bianca Lopes Fonseca,,convenio,MED01,2026-07-29 17:05,2026-08-28 13:00,faltou
AG06123,PAC1233,Marcos Sales Viera,,convenio,MED04,2026-07-29 17:33,19/08/2026 09:30,realizada
AG06124,PAC1258,Thiago Miranda Marques,(51) 99138-6084,convenio,MED01,2026-07-30 08:00,2026-09-04 15:30,realizada
AG06125,PAC1159,Bruno Dias Freitas,+55 53 972451071,particular,MED02,2026-07-30 08:22,2026-07-30 09:00,atendido
AG06126,PAC0372,Daniel Kuhn Xavier,(53) 99490-1473,convênio,MED02,2026-07-30 08:49,2026-07-30 10:30,realizada
AG06127,PAC0831,Thiago Aguiar Mendes,+55 51 935297094,convenio,MED03,2026-07-30 08:55,2026-08-03 14:00,cancelada_paciente
AG06128,PAC0058,Paulo Lima Farias,(51) 98437-6481,particular,MED01,2026-07-30 09:06,2026-07-31 15:30,realizada
AG06129,PAC0273,Gisele Pinto Rocha,(53) 98330-4304,particular,MED06,2026-07-30 09:12,2026-08-04 09:00,realizada
AG06130,PAC1007,Natália Moreira Tavares,51993322974,particular,MED04,2026-07-30 10:00,2026-08-06 10:00,atendido
AG06131,PAC0244,Cláudia Schmidt Fernandes,53931902814,convenio,MED01,2026-07-30 10:12,2026-08-12 10:30,faltou
AG06132,PAC0909,Lorena Ribeiro Oliveira,(53) 97985-2780,convenio,MED02,30/07/2026 10:33,2026-08-11 17:00,FALTA
AG06133,PAC1379,Jéssica Rezende Guimarães,53956947087,convenio,MED06,2026-07-30 10:48,2026-08-13 08:30,falta
AG06134,PAC1319,Juliana Gonçalves Araújo,+55 51 966351131,convenio,MED01,2026-07-30 11:20,2026-08-03 10:30,faltou
AG06135,PAC1378,Tânia Moura Bittencourt,(51) 94905-7344,convenio,MED05,2026-07-30 12:20,2026-08-13 14:30,Realizada
AG06136,PAC0474,Luciana Souza Bertoldi,53912986923,convenio,MED03,30/07/2026 12:33,2026-08-03 16:00,realizada
AG06137,PAC0297,Pedro Teixeira Gomes,51904059895,convenio,MED04,2026-07-30 12:48,2026-08-05 08:00,ausente
AG06138,PAC0545,Fernando Martins Coelho,(53) 95042-0565,particular,MED05,2026-07-30 12:48,2026-08-12 16:00,realizada
AG06139,PAC0380,Gisele Bittencourt Duarte,+55 54 902109801,convenio,MED04,2026-07-30 13:41,2026-07-31 09:00,falta
AG06140,PAC0501,Débora Gonçalves Almeida,(51) 93423-0594,Convênio,MED02,30/07/2026 13:41,2026-08-06 09:30,realizada
AG06141,PAC0330,Lorena Oliveira Fernandes,(51) 95700-4516,convenio,MED02,2026-07-30 13:55,2026-08-27 11:00,atendido
AG06142,PAC0682,Renata Carvalho Machado,51960394182,convênio,MED01,30/07/2026 14:12,03/08/2026 08:00,no_show
AG06143,PAC0840,Fábio Ramos Rodrigues,+55 51 924071977,particular,MED02,2026-07-30 14:33,2026-08-11 16:30,realizada
AG06144,PAC0533,Raquel Bertoldi Rezende,+55 54 975416915,CONVENIO,MED02,2026-07-30 14:41,2026-08-04 14:30,falta
AG06145,PAC0650,Marcos Miranda Guimarães,+55 53 920503045,convenio,MED05,2026-07-30 15:05,2026-09-08 14:30,realizada
AG06146,PAC0638,Viviane Schmidt Almeida,(51) 97979-2915,particular,MED04,2026-07-30 15:20,2026-08-31 10:30,realizada
AG06147,PAC1362,Júlia Carvalho Machado,+55 51 968227062,particular,MED04,2026-07-30 15:33,2026-08-11 11:30,REALIZADA
AG06148,PAC1344,Mateus Peixoto Viana,+55 51 952817896,convenio,MED06,2026-07-30 15:55,2026-08-06 08:00,cancelado
AG06149,PAC1431,Bruno Correia Rezende,+55 53 992872763,particular,MED06,2026-07-30 16:12,2026-08-25 10:00,REALIZADA
AG06150,PAC1450,Ana Fonseca Santana,51961279093,convenio,MED03,2026-07-30 16:20,2026-08-28 10:30,FALTA
AG06151,PAC1127,Viviane Ramos Aguiar,+55 51 975746338,convenio,MED01,2026-07-30 16:33,2026-08-24 09:30,ausente
AG06152,PAC0888,Leonardo Schmidt Miranda,(54) 95962-4661,CONVENIO,MED04,2026-07-30 16:48,2026-08-11 10:30,realizada
AG06153,PAC1253,Priscila Coelho Zanella,51986480818,convênio,MED05,2026-07-30 16:55,2026-08-25 15:30,cancelado pelo paciente
AG06154,PAC1238,Pedro Lopes Kuhn,(51) 92450-1750,particular,MED02,2026-07-30 17:20,2026-08-06 10:00,realizada
AG06155,PAC0402,Camila Lorenzi Hoffmann,(51) 94552-7690,particular,MED05,2026-07-30 17:48,2026-09-08 16:00,Realizada
AG06156,PAC0021,Jéssica Hoffmann Coelho,(51) 93213-2241,particular,MED04,2026-07-31 08:12,2026-08-04 10:00,realizada
AG06157,PAC1167,Gisele Ferreira Almeida,51971689432,convenio,MED04,2026-07-31 08:12,2026-08-17 10:30,falta
AG06158,PAC0404,Lorena Duarte Moreira,+55 53 932587913,particular,MED01,2026-07-31 08:33,2026-08-12 10:00,atendido
AG06159,PAC1285,Luciana Soares Cardoso,(51) 94834-0767,CONVENIO,MED04,2026-07-31 09:05,2026-08-05 11:00,falta
AG06160,PAC0262,Otávio Weber Bertoldi,(54) 94440-1595,CONVENIO,MED04,2026-07-31 09:05,2026-08-07 10:30,atendido
AG06161,PAC1371,Fernando Costa Barbosa,(51) 90236-1161,convenio,MED05,2026-07-31 09:48,12/08/2026 16:30,falta
AG06162,PAC1405,Cláudia Monteiro Becker,(53) 92900-5038,convenio,MED04,2026-07-31 09:48,2026-08-20 11:00,cancelado pelo paciente
AG06163,PAC0163,Aline Reis Brandão,+55 51 977816336,particular,MED02,2026-07-31 09:48,2026-09-10 08:00,desmarcou
AG06164,PAC0087,Murilo Bittencourt Carvalho,51906332369,convenio,MED03,2026-07-31 10:05,2026-08-14 08:30,realizada
AG06165,PAC0351,Gisele Bezerra Pereira,(54) 90621-3057,convenio,MED02,2026-07-31 10:12,2026-08-11 08:30,FALTA
AG06166,PAC0669,Paulo Vieira Gomes,(51) 96608-7949,Particular,MED04,2026-07-31 10:48,2026-09-11 08:30,realizada
AG06167,PAC0452,João Gomes Schmidt,(53) 97385-5852,Particular,MED02,2026-07-31 10:55,2026-08-11 14:00,realizada
AG06168,PAC1299,Raquel Campos Almeida,+55 54 999768445,particular,MED01,2026-07-31 11:05,2026-09-02 10:00,no_show
AG06169,PAC1425,Leandro Pinto Freitas,(51) 91555-0582,convenio,MED02,2026-07-31 11:20,2026-08-25 16:30,realizada
AG06170,PAC0180,Jéssica Gomes Siqueira,(54) 91118-2098,particular,MED03,31/07/2026 11:48,2026-08-05 14:00,realizada
AG06171,PAC1333,Emerson Batista Borges,(53) 95611-2044,convenio,MED05,2026-07-31 11:48,2026-08-05 15:30,
AG06172,PAC0881,Priscila Peixoto Cavalcanti,53943884973,convenio,MED05,2026-07-31 11:48,2026-09-01 16:30,falta
AG06173,PAC0853,Leonardo Reis Moreira,51900686089,convenio,MED01,2026-07-31 11:55,05/08/2026 10:30,realizada
AG06174,PAC0360,Alexandre Ramos Souza,(51) 98722-2463,particular,MED01,2026-07-31 12:48,2026-08-05 08:30,Realizada
AG06175,PAC0653,Patrícia Macedo Aguiar,+55 51 903169874,convenio,MED03,2026-07-31 13:00,2026-08-03 14:30,realizada
AG06176,PAC0818,Luiza Peixoto Coelho,51951379142,convenio,MED05,2026-07-31 13:00,2026-08-11 17:00,falta
AG06177,PAC0506,Larissa Tomasi Almeida,51985626038,CONVENIO,MED01,2026-07-31 15:00,2026-08-31 09:00,atendido
AG07070,PAC1448,Elaine Correia Carvalho,(54) 95708-5290,Particular,MED02,15/09/2026 15:05,2026-09-24 15:00,ausente
AG06178,PAC0683,José Farias Sales,53985416916,CONVENIO,MED04,2026-07-31 15:33,2026-08-03 11:30,realizada
AG06179,PAC0854,Maria Correia Correia,+55 53 958083810,particular,MED02,31/07/2026 16:05,2026-08-06 16:00,realizada
AG06180,PAC0128,Aline Oliveira Queiroz,(54) 99381-1787,convenio,MED04,2026-07-31 16:05,2026-09-11 09:00,falta
AG06181,PAC0084,SÉRGIO NUNES MENDES,+55 51 974719531,convenio,MED05,2026-07-31 17:12,2026-08-12 17:00,realizada
AG06182,PAC1410,Raquel Campos Campos,(53) 99107-5407,particular,MED01,2026-07-31 17:33,2026-08-21 16:00,realizada
AG06183,PAC1133,Emerson Queiroz Siqueira,(51) 95605-0776,convenio,MED02,2026-07-31 17:33,2026-08-27 09:30,falta
AG06184,PAC0777,Leonardo Coelho Weber,51964021307,particular,MED02,2026-07-31 17:58,2026-08-04 08:00,realizada
AG06185,PAC0649,Murilo Pires Bezerra,(54) 93130-3097,particular,MED04,2026-08-03 08:12,2026-09-10 09:00,realizada
AG06186,PAC1318,Henrique Miranda Weber,+55 51 908874408,convenio,MED01,03/08/2026 08:16,2026-08-03 09:30,ausente
AG06187,PAC0228,Felipe Bertoldi Ramos,(51) 90044-8991,particular,MED04,2026-08-03 08:27,2026-08-03 09:00,realizada
AG06188,PAC0609,Juliana Marques Duarte,+55 51 972861023,convenio,MED06,03/08/2026 08:33,2026-08-05 17:30,realizada
AG06189,PAC1389,Letícia Alves Teixeira,(51) 94350-4019,convenio,MED02,2026-08-03 08:41,2026-08-18 10:30,realizada
AG06190,PAC1282,Helena Bittencourt Sales,51959461069,convenio,MED01,2026-08-03 08:55,2026-08-05 10:00,realizada
AG06191,PAC1079,Aline Cavalcanti Müller,(53) 94158-6721,convenio,MED04,2026-08-03 09:00,02/09/2026 08:30,realizada
AG06192,PAC1306,Roberto Queiroz Lorenzi,(51) 94825-5731,convenio,MED05,2026-08-03 09:20,2026-08-05 14:30,realizada
AG06193,PAC1363,Vitor Bittencourt Marques,+55 54 936192130,particular,MED06,03/08/2026 09:20,2026-08-11 08:30,realizada
AG06194,PAC0414,Sabrina Müller Costa,(51) 91690-5097,convenio,MED01,2026-08-03 09:48,2026-08-21 14:30,realizada
AG06195,PAC1457,Emerson Reis Santos,(51) 97758-4557,particular,MED02,03/08/2026 09:48,2026-09-01 14:30,realizada
AG06196,PAC0608,Felipe Rezende Lorenzi,(51) 95417-7420,particular,MED04,2026-08-03 09:55,2026-08-14 08:30,cancelado
AG06197,PAC0694,Carolina Costa Macedo,(51) 98057-6942,convênio,MED04,2026-08-03 10:05,2026-08-26 11:30,cancelada_paciente
AG06198,PAC0189,João Becker Borges,92286,convenio,MED03,03/08/2026 10:30,2026-08-03 14:00,realizada
AG06199,PAC1332,Roberto Bittencourt Brandão,(54) 93325-6364,Convênio,MED04,2026-08-03 10:33,2026-08-05 10:30,realizada
AG06200,PAC0108,José Peixoto Schmidt,53944228144,convenio,MED05,2026-08-03 11:30,2026-08-03 17:30,realizada
AG06201,PAC1067,João Coelho Weber,(51) 95185-7544,convenio,MED02,2026-08-03 11:41,2026-09-03 17:00,faltou
AG06202,PAC1119,Tatiane Siqueira Aguiar,+55 51 938641678,convenio,MED02,2026-08-03 12:20,2026-08-04 11:00,realizada
AG06203,PAC0623,Gabriel Müller Mendes,53938920727,convenio,MED01,2026-08-03 12:20,2026-08-07 13:30,Realizada
AG06204,PAC0466,Thiago Pires Weber,51904279785,particular,MED02,2026-08-03 12:41,2026-08-04 17:00,realizada
AG06205,PAC1384,Priscila Ferreira Oliveira,+55 51 976694619,convenio,MED04,2026-08-03 12:41,2026-08-14 09:30,realizada
AG06206,PAC0162,Daniel Aguiar Lima,(51) 93357-2645,PARTICULAR,MED03,2026-08-03 12:48,2026-09-09 17:00,realizada
AG06207,PAC1332,Roberto Bittencourt Brandão,(54) 93325-6364,convenio,MED03,2026-08-03 13:00,2026-09-14 17:30,realizada
AG06208,PAC0186,Camila Freitas Reis,+55 51 975524678,CONVENIO,MED03,03/08/2026 13:05,2026-08-10 16:30,realizada
AG06209,PAC0296,Gisele Xavier Pinto,(54) 95796-1074,particular,MED03,2026-08-03 13:33,2026-08-05 16:00,REALIZADA
AG06210,PAC0730,Carla Oliveira Andrade,0000000000,Particular,MED01,03/08/2026 14:20,2026-08-31 08:30,falta
AG06211,PAC1042,Letícia Hoffmann Tomasi,(51) 92088-3996,CONVENIO,MED05,03/08/2026 14:41,2026-09-03 16:30,realizada
AG06212,PAC0515,Letícia Schmidt Sales,53931178661,convenio,MED05,2026-08-03 15:05,2026-08-11 16:00,confirmada
AG06213,PAC0921,Luiza Macedo Araújo,+55 54 920179126,convenio,MED04,2026-08-03 15:48,2026-09-10 10:00,realizada
AG06214,PAC0641,Igor Batista Correia,(54) 96584-0574,convenio,MED02,2026-08-03 15:55,2026-08-13 08:00,FALTA
AG06215,PAC1424,Letícia Freitas Ferreira,+55 53 969545095,convenio,MED02,2026-08-03 16:12,2026-08-25 15:30,cancelado clinica
AG06216,PAC0554,Camila Ribeiro Andrade,(53) 97699-0981,Convênio,MED06,2026-08-03 16:14,06/08/2026 08:00,atendido
AG06217,PAC0569,Márcio Schmidt Pinto,53921389589,convenio,MED03,2026-08-03 16:55,2026-08-17 15:00,realizada
AG06218,PAC1329,Emerson Hoffmann Ferreira,(51) 93877-3127,convenio,MED03,03/08/2026 17:00,2026-08-05 14:30,realizada
AG06219,PAC0832,Gisele Rocha Moura,+55 51 992381062,convenio,MED03,2026-08-03 17:12,2026-08-07 08:00,REALIZADA
AG06220,PAC0050,Patrícia Correia Brandão,54912341342,convenio,MED04,2026-08-03 17:48,2026-08-12 10:00,Realizada
AG06221,PAC0563,Larissa Kuhn Queiroz,+55 51 951416147,convenio,MED02,2026-08-04 08:12,2026-08-04 10:30,realizada
AG06222,PAC0635,Marcos Weber Hoffmann,53904355545,convenio,MED04,2026-08-04 08:15,04/08/2026 09:30,desmarcou
AG06223,PAC0906,Samuel Martins Batista,(51) 90115-9060,PARTICULAR,MED02,2026-08-04 08:50,2026-08-04 09:30,realizada
AG06224,PAC0450,Ricardo Coelho Schmidt,51992645446,convenio,MED06,2026-08-04 09:12,2026-09-01 11:00,falta
AG06225,PAC0806,Gabriel Moura Bezerra,54906671127,Convênio,MED04,2026-08-04 09:33,2026-09-11 10:30,realizada
AG06226,PAC0492,Carolina  Peixoto Batista,+55 54 902282213,convenio,MED04,2026-08-04 10:05,2026-08-24 11:30,desmarcou
AG06227,PAC0080,Alexandre Lopes Pires,(51) 96893-0854,convenio,MED02,04/08/2026 10:33,2026-08-13 14:30,falta
AG06228,PAC1132,César Zanella Ferreira,51919815917,convenio,MED04,2026-08-04 12:05,2026-08-19 08:00,agendada
AG06229,PAC1350,Diego Tomasi Mendes,(51) 91317-5121,particular,MED04,2026-08-04 12:41,08/09/2026 09:00,realizada
AG06230,PAC1364,Pedro Weber Müller,53965488634,particular,MED06,2026-08-04 13:20,2026-08-20 10:30,falta
AG06231,PAC0328,Wagner Correia Weber,53959455652,convenio,MED06,04/08/2026 13:33,2026-08-12 16:00,realizada
AG06232,PAC0214,Gustavo Moreira Batista,(51) 90353-3899,particular,MED01,2026-08-04 13:48,2026-08-05 09:00,realizada
AG06233,PAC1187,Rafael Becker Carvalho,51991012985,Convênio,MED05,04/08/2026 13:48,2026-08-13 16:00,atendido
AG06234,PAC0928,Roberto Gonçalves Weber,(54) 98979-2737,particular,MED01,2026-08-04 13:48,2026-09-18 15:00,ausente
AG06235,PAC0100,Wagner Gomes Siqueira,(51) 95838-4270,convenio,MED06,2026-08-04 13:55,2026-08-20 08:30,falta
AG06236,PAC0437,Maria Teixeira Bertoldi,0000000000,convenio,MED03,2026-08-04 13:55,2026-08-26 16:30,realizada
AG06237,PAC1359,Gisele Oliveira Fernandes,(51) 93742-7658,particular,MED02,2026-08-04 14:05,11/08/2026 09:30,realizada
AG06238,PAC0147,Ricardo Carvalho Teixeira,(53) 92099-0039,PARTICULAR,MED03,2026-08-04 14:12,2026-08-17 17:30,falta
AG06239,PAC0613,Luciana Nascimento Hoffmann,(51) 98692-7201,convenio,MED04,2026-08-04 14:12,2026-08-17 11:30,no_show
AG06240,PAC0635,Marcos Weber Hoffmann,53904355545,convenio,MED04,2026-08-04 14:48,2026-08-14 11:30,FALTA
AG06241,PAC0731,Daniel Müller Brandão,(51) 96750-3041,convenio,MED02,2026-08-04 14:55,2026-08-27 17:30,realizada
AG06242,PAC1225,Roberto Brandão Fernandes,(51) 97864-3138,Convênio,MED01,04/08/2026 14:55,2026-08-31 07:00,FALTA
AG06243,PAC0735,Marcos Miranda Gonçalves,(51) 98536-3265,PARTICULAR,MED01,2026-09-23 07:30,2026-09-14 07:30,faltou
AG06244,PAC1535,Eduardo Souza Xavier,(51) 96436-6926,convenio,MED02,2026-08-04 15:20,2026-09-17 08:00,realizada
AG06245,PAC0806,Gabriel Moura Bezerra,54906671127,convenio,MED04,2026-08-04 15:33,15/09/2026 09:30,realizada
AG06246,PAC0598,Beatriz Lima Costa,51992287710,Convênio,MED03,2026-08-04 15:48,2026-09-16 14:00,realizada
AG06247,PAC0055,Patrícia Prado Teixeira,51975702934,convenio,MED05,2026-08-04 16:00,2026-08-11 16:30,atendido
AG06248,PAC0837,Alexandre Macedo Gonçalves,(51) 93277-7587,convenio,MED03,2026-08-04 16:55,2026-08-10 15:30,realizada
AG06249,PAC0545,Fernando Martins Coelho,(53) 95042-0565,PARTICULAR,MED04,2026-08-04 17:12,2026-08-05 08:30,realizada
AG06250,PAC0796,Gustavo Cardoso Monteiro,+55 51 982791041,particular,MED06,2026-08-04 17:41,2026-09-09 14:00,cancelado clinica
AG06251,PAC0897,Murilo Vieira Araújo,54965660384,convenio,MED03,2026-08-04 17:48,2026-08-12 17:30,realizada
AG06252,PAC0574,Isabela Fernandes Lima,(51) 99102-8128,PARTICULAR,MED05,2026-08-05 08:05,2026-08-11 14:30,falta
AG06253,PAC1262,Felipe Andrade Ribeiro,54938495243,convenio,MED05,05/08/2026 08:20,2026-08-18 14:00,falta
AG06254,PAC0405,Roberto Viana Silva,539244,particular,MED05,2026-08-05 08:48,2026-08-11 15:00,realizada
AG06255,PAC0459,Ana Silva Tomasi,53940011866,particular,MED02,2026-08-05 09:12,2026-08-06 15:00,realizada
AG06256,PAC1076,João Miranda Carvalho,51989989276,particular,MED02,2026-08-05 09:12,2026-08-18 10:00,FALTA
AG06257,PAC1341,Débora Moura Prado,53989062968,particular,MED05,2026-08-05 09:22,2026-08-06 14:30,realizada
AG06258,PAC0806,Gabriel Moura Bezerra,54906671127,convênio,MED03,2026-08-05 09:55,12/08/2026 15:30,realizada
AG06259,PAC1050,Gabriel Ramos Santos,+55 51 925462254,convenio,MED04,05/08/2026 10:20,2026-08-28 08:30,REALIZADA
AG06260,PAC1338,Gabriel Ramos Lorenzi,51901140371,convenio,MED04,2026-08-05 10:48,2026-08-06 08:00,realizada
AG06261,PAC1294,Larissa Xavier Bittencourt,51962261947,convenio,MED02,05/08/2026 11:00,08/09/2026 10:30,atendido
AG06262,PAC0302,Simone Castro Becker,(54) 90621-7091,convenio,MED03,2026-08-05 11:33,2026-09-02 15:00,realizada
AG06263,PAC0169,Mateus Zanella Freitas,(54) 94611-3087,particular,MED05,2026-08-05 12:55,2026-08-31 16:00,realizada
AG06264,PAC1042,Letícia Hoffmann Tomasi,(51) 92088-3996,convenio,MED02,2026-08-05 13:00,03/09/2026 16:00,faltou
AG06265,PAC0616,Simone Brandão Mendes,(53) 97260-6218,Convênio,MED05,2026-08-05 14:20,2026-08-05 17:00,realizada
AG06266,PAC0487,Leandro Prado Bittencourt,51933084805,convenio,MED03,2026-08-05 15:20,2026-08-12 13:00,cancelado
AG06267,PAC1403,Elaine Guimarães Castro,+55 51 936169569,convenio,MED02,2026-08-05 15:20,2026-08-20 16:00,realizada
AG06268,PAC1025,Jéssica Menezes Lima,(53) 91138-2122,CONVENIO,MED03,2026-08-05 15:50,2026-08-05 17:00,atendido
AG06269,PAC1032,Luiza Oliveira Ribeiro,(51) 96199-9236,particular,MED05,05/08/2026 15:55,20/08/2026 14:00,realizada
AG06270,PAC0506,Larissa Tomasi Almeida,51985626038,convenio,MED03,2026-08-05 16:41,2026-08-14 11:30,falta
AG06271,PAC0542,Leonardo Gonçalves Oliveira,(51) 99590-8222,CONVENIO,MED03,05/08/2026 17:12,2026-08-07 09:00,realizada
AG06272,PAC0468,Raquel Andrade Lorenzi,(54) 93421-5564,particular,MED01,2026-08-05 17:12,24/08/2026 08:30,realizada
AG06273,PAC1380,Leandro Alves Hoffmann,54925969831,particular,MED06,2026-08-05 17:33,2026-08-13 10:00,realizada
AG06274,PAC1160,Alexandre Dias Borges,(51) 96958-6342,convenio,MED05,2026-08-05 17:41,10/09/2026 15:30,falta
AG06275,PAC1113,Gustavo Menezes Moreira,+55 53 922068738,convenio,MED01,2026-08-05 17:48,2026-08-07 14:30,realizada
AG06276,PAC1396,Larissa Moreira Becker,+55 51 949678775,convenio,MED01,2026-08-05 17:48,2026-08-19 07:00,desmarcou
AG06277,PAC1353,Roberto Souza Mendes,(51) 92604-4641,convenio,MED01,2026-08-05 17:55,2026-08-10 09:00,Realizada
AG06278,PAC0104,Natália Hoffmann Dias,92916,Convênio,MED02,2026-08-06 08:00,06/08/2026 15:30,cancelado
AG06279,PAC1518,Caio Prado Bezerra,(51) 97196-3484,convenio,MED03,2026-08-06 08:05,2026-09-14 16:00,Realizada
AG06280,PAC1468,Roberto Lorenzi Pires,(53) 98176-9442,convenio,MED06,2026-08-06 08:20,2026-09-02 16:00,realizada
AG06281,PAC0326,Larissa Tavares Alves,(51) 97675-4716,particular,MED04,2026-08-06 08:22,2026-08-06 11:00,Realizada
AG06282,PAC0784,ALEXANDRE BECKER NUNES,(51) 95607-8833,convenio,MED04,2026-08-06 08:48,10/08/2026 11:00,realizada
AG06283,PAC1084,Lorena Fernandes Bittencourt,51934406262,convenio,MED01,2026-08-06 09:00,2026-08-10 08:00,falta
AG06284,PAC1360,Paulo Ramos Tavares,51993970134,convenio,MED02,06/08/2026 09:05,2026-08-11 11:00,atendido
AG06285,PAC1197,Mariana Becker Martins,+55 51 923338348,particular,MED06,2026-08-06 09:20,2026-08-18 09:30,realizada
AG06286,PAC0419,Leandro Souza Marques,(51) 92308-4663,particular,MED04,2026-08-06 09:33,2026-09-14 10:30,realizada
AG06287,PAC0878,Diego Machado Bertoldi,(51) 98540-9435,particular,MED02,2026-08-06 09:44,2026-08-06 15:30,realizada
AG06288,PAC0342,Fabiana Pires Müller,51914068310,convenio,MED02,06/08/2026 09:48,2026-08-25 17:00,cancelado pelo paciente
AG06289,PAC1041,Débora Costa Bezerra,(51) 95026-0185,convenio,MED05,2026-08-06 10:00,2026-08-19 14:00,realizada
AG06290,PAC1400,Paulo Macedo Barbosa,(51) 95911-1179,convenio,MED06,2026-08-06 10:00,2026-08-19 16:00,Realizada
AG06291,PAC0660,Caio Menezes Ramos,+55 51 914950792,Convênio,MED01,06/08/2026 11:00,2026-08-14 15:00,realizada
AG06292,PAC1492,Alexandre Santana Duarte,51917666285,convênio,MED05,2026-08-06 11:20,2026-09-08 16:30,faltou
AG06293,PAC0870,Júlia Araújo Machado,+55 51 964345419,particular,MED04,2026-08-06 12:55,2026-08-10 09:00,realizada
AG06294,PAC1415,Renata Prado Xavier,+55 51 939682616,convenio,MED01,2026-08-06 12:55,2026-08-24 09:00,falta
AG06295,PAC0920,Tânia Lopes Cavalcanti,(53) 98669-8942,convenio,MED04,2026-08-06 12:55,04/09/2026 10:00,realizada
AG06296,PAC1427,Sônia Reis Nascimento,53970750508,particular,MED03,2026-08-06 13:41,2026-09-04 10:00,realizada
AG06297,PAC0267,Júlia Guimarães Bertoldi,(54) 99800-7067,particular,MED02,2026-08-06 14:12,2026-08-11 16:00,realizada
AG06298,PAC1372,Vanessa Castro Martins,53980572494,Convênio,MED06,2026-08-06 14:33,12/08/2026 16:30,faltou
AG06299,PAC1422,Priscila Tavares Hoffmann,53963931408,convênio,MED02,2026-08-06 14:48,2026-08-25 08:00,falta
AG06300,PAC1111,Felipe Monteiro Aguiar,(51) 97745-1899,convenio,MED01,2026-08-06 14:55,2026-08-17 09:30,cancelado
AG06301,PAC1391,Luiza Ribeiro Araújo,(51) 92872-4836,particular,MED05,2026-08-06 15:55,18/08/2026 14:30,realizada
AG06302,PAC0877,Daniel Moreira Alves,(51) 95678-9545,Convênio,MED03,2026-08-06 16:05,2026-08-17 13:30,faltou
AG06303,PAC0986,Felipe Santana Weber,(51) 99502-7818,convenio,MED01,2026-08-06 16:33,14/09/2026 11:00,faltou
AG06304,PAC1373,Lucas Rocha Pereira,(54) 97396-9384,convenio,MED06,06/08/2026 16:48,2026-08-12 17:00,falta
AG06305,PAC0965,Leandro Sales Lorenzi,(51) 96433-1552,Convênio,MED04,2026-08-06 16:48,2026-09-10 10:30,falta
AG06306,PAC0151,Roberto Bittencourt Araújo,51907015223,particular,MED04,2026-08-06 17:33,2026-08-07 10:00,realizada
AG06307,PAC0666,Thiago Santos Bittencourt,(51) 90578-8718,particular,MED04,2026-08-06 17:41,10/08/2026 11:30,realizada
AG06308,PAC1358,Márcio Guimarães Miranda,(51) 97716-7126,convenio,MED05,07/08/2026 08:00,2026-08-10 16:30,Realizada
AG06309,PAC0506,Larissa Tomasi Almeida,51985626038,convenio,MED03,2026-08-07 08:48,2026-09-11 09:30,falta
AG06310,PAC1053,Pedro Vieira Souza,(54) 99306-4882,particular,MED02,2026-08-07 08:55,2026-09-10 09:30,realizada
AG06311,PAC1501,José Batista Queiroz,,convenio,MED04,2026-08-07 09:00,2026-09-09 11:30,realizada
AG06312,PAC1008,Carolina Xavier Zanella,(51) 90966-7199,particular,MED05,2026-08-07 09:12,2026-08-19 15:00,realizada
AG06313,PAC0277,Murilo Nascimento Becker,(51) 99703-2481,convenio,MED04,07/08/2026 09:41,2026-08-17 08:30,realizada
AG06314,PAC1332,Roberto Bittencourt Brandão,(54) 93325-6364,convenio,MED01,2026-08-07 09:48,2026-09-21 10:00,no_show
AG06315,PAC0095,Vanessa Dias Hoffmann,53934170837,particular,MED01,2026-08-07 09:53,2026-08-07 17:00,realizada
AG06316,PAC1442,Gustavo Bezerra Castro,54912154374,convenio,MED02,2026-08-07 10:05,2026-08-27 10:00,realizada
AG06317,PAC1354,Patrícia Lima Dias,(53) 92011-2758,Particular,MED01,2026-08-07 11:55,2026-08-10 09:30,cancelado pelo paciente
AG06318,PAC1412,César Batista Ribeiro,+55 51 983148212,Convênio,MED03,07/08/2026 12:05,2026-08-21 09:00,realizada
AG06319,PAC0811,Murilo Aguiar Kuhn,51968925394,Convênio,MED03,2026-08-07 13:00,2026-08-14 10:30,faltou
AG06320,PAC0410,Viviane Kuhn Schmidt,(51) 92893-1543,particular,MED05,2026-08-07 13:05,2026-09-01 14:30,falta
AG06321,PAC0326,Larissa Tavares Alves,(51) 97675-4716,particular,MED02,2026-08-07 13:20,2026-08-18 09:30,realizada
AG06322,PAC1406,Cláudia Costa Coelho,(51) 98033-1353,particular,MED05,2026-08-07 13:33,2026-08-20 14:30,realizada
AG06323,PAC1173,Roberto Rodrigues Lorenzi,51904067999,particular,MED04,2026-08-07 13:48,2026-09-11 08:00,atendido
AG06324,PAC1381,Rafael Freitas Zanella,51969283094,convenio,MED01,2026-08-07 13:55,2026-08-14 14:00,realizada
AG06325,PAC0699,Rafael Xavier Rezende,(54) 98019-9901,convenio,MED06,2026-08-07 14:05,2026-08-18 11:00,confirmado
AG06326,PAC0877,Daniel Moreira Alves,(51) 95678-9545,convenio,MED01,2026-08-07 14:41,2026-08-31 08:00,ausente
AG06327,PAC0698,Sabrina Peixoto Gonçalves,+55 54 900762578,CONVENIO,MED02,2026-08-07 15:41,2026-08-11 10:00,atendido
AG06328,PAC0637,Diego Andrade Fonseca,54934321413,PARTICULAR,MED01,2026-08-07 16:12,2026-08-19 09:30,realizada
AG06329,PAC0763,Júlia Fernandes Castro,54901633224,Convênio,MED01,07/08/2026 16:12,2026-09-23 07:00,faltou
AG06330,PAC0248,Cristina Pinto Santos,(51) 92292-6093,convenio,MED01,2026-08-07 16:48,2026-08-17 10:00,atendido
AG06331,PAC0880,João Borges Mendes,+55 53 995409851,particular,MED04,07/08/2026 17:41,2026-08-17 09:30,realizada
AG06332,PAC1429,Murilo Pinto Aguiar,53989089251,convenio,MED05,2026-08-07 17:55,2026-08-25 16:00,atendido
AG06333,PAC0922,Vanessa Pires Machado,54943700262,convenio,MED01,10/08/2026 08:12,2026-08-26 10:00,falta
AG06334,PAC0243,Carla Costa Marques,+55 53 993331080,convenio,MED03,2026-08-10 08:20,2026-09-14 13:00,REALIZADA
AG06335,PAC1355,Gabriel Reis Peixoto,53959194365,convenio,MED01,10/08/2026 08:24,2026-08-10 09:30,realizada
AG06336,PAC0403,Sabrina Duarte Souza,51907833323,convenio,MED04,2026-08-10 08:41,23/09/2026 10:00,realizada
AG06337,PAC1397,Sérgio Ribeiro Freitas,(51) 99977-4053,particular,MED01,2026-08-10 08:55,19/08/2026 08:00,realizada
AG06338,PAC1432,César Nunes Pires,+55 54 958066673,convenio,MED04,2026-08-10 09:05,2026-09-24 10:30,falta
AG06339,PAC0235,Caio Ramos Macedo,(51) 99887-7612,particular,MED04,2026-08-10 09:12,03/09/2026 11:30,falta
AG06340,PAC0208,Caio Santos Costa,+55 53 990845581,convenio,MED02,2026-08-10 09:12,2026-09-24 08:30,desmarcou
AG06341,PAC1467,Cláudia Moura Lima,(54) 95664-4894,particular,MED05,2026-08-10 09:20,2026-09-02 15:00,realizada
AG06342,PAC0897,Murilo Vieira Araújo,54965660384,convenio,MED01,2026-08-10 09:20,2026-09-14 10:30,realizada
AG06343,PAC0049,Marcos Xavier Marques,(51) 95673-4341,convenio,MED04,2026-08-10 09:31,2026-08-11 11:00,realizada
AG06344,PAC0179,Fabiana Xavier Carvalho,(51) 91659-2857,convenio,MED05,2026-08-10 09:33,2026-08-18 16:30,realizada
AG06345,PAC0233,Rafael Andrade Alves,+55 51 998902976,Convênio,MED04,2026-08-10 09:33,2026-08-27 09:30,FALTA
AG06346,PAC0235,Caio Ramos Macedo,(51) 99887-7612,particular,MED03,2026-08-10 09:41,2026-09-09 13:00,falta
AG06347,PAC0578,Vanessa Prado Zanella,(53) 92274-4827,convenio,MED04,2026-08-10 10:20,2026-09-17 09:30,atendido
AG06348,PAC1049,Júlia Bertoldi Siqueira,+55 51 939335605,particular,MED04,2026-08-10 10:26,2026-08-11 08:30,Realizada
AG06349,PAC1001,Jéssica Nascimento Cavalcanti,+55 51 945690650,particular,MED02,10/08/2026 10:52,2026-08-11 09:00,realizada
AG06350,PAC0236,Vanessa Gomes Machado,53973730780,particular,MED04,2026-08-10 11:05,2026-08-18 09:00,Realizada
AG06351,PAC1519,Fábio Lopes Hoffmann,(51) 92819-4828,particular,MED04,2026-08-10 11:05,2026-09-14 08:30,realizada
AG06352,PAC0120,Samuel Hoffmann Pires,+55 51 982666130,particular,MED02,2026-08-10 11:12,2026-09-17 09:30,realizada
AG06353,PAC1351,Renata Lopes Menezes,51920863277,Particular,MED04,10/08/2026 11:20,2026-08-12 08:30,realizada
AG06354,PAC1068,Gisele Martins Cavalcanti,(51) 93038-1582,convenio,MED02,2026-08-10 12:05,2026-08-11 17:30,faltou
AG06355,PAC0442,Maria Batista Duarte,+55 51 924529736,convenio,MED04,2026-08-10 12:12,2026-08-21 10:30,ausente
AG06356,PAC0859,Marcos Peixoto Rezende,(53) 90288-8234,particular,MED04,2026-08-10 13:00,18/09/2026 10:30,realizada
AG06357,PAC1413,Caio Moreira Cavalcanti,(51) 98357-1187,particular,MED04,2026-08-10 13:33,2026-08-21 11:00,faltou
AG06358,PAC0224,Márcio Marques Borges,(53) 90872-5646,convenio,MED05,2026-08-10 13:33,2026-09-21 15:30,falta
AG06359,PAC1019,Renata Cavalcanti Nunes,+55 51 944051585,convenio,MED04,2026-08-10 14:48,18/08/2026 10:30,realizada
AG06360,PAC1197,Mariana Becker Martins,+55 51 923338348,Particular,MED06,10/08/2026 15:12,11/08/2026 10:30,REALIZADA
AG06361,PAC0828,Emerson Araújo Barbosa,(51) 97706-3059,convenio,MED05,2026-08-10 15:20,2026-08-13 17:00,realizada
AG06362,PAC0679,João Andrade Weber,+55 51 973652906,Convênio,MED03,10/08/2026 15:33,2026-09-23 14:30,atendido
AG06363,PAC0301,Sérgio Sales Batista,+55 53 955389383,convenio,MED01,2026-08-10 15:41,17/08/2026 07:30,faltou
AG06364,PAC0171,Fábio Gonçalves Macedo,+55 51 919138398,convenio,MED02,2026-08-10 15:55,2026-09-03 15:30,realizada
AG06365,PAC1407,Sabrina Fonseca Tomasi,+55 51 948590855,convênio,MED06,2026-08-10 16:41,20/08/2026 09:00,faltou
AG06366,PAC1387,Lorena Silva Nascimento,51951128561,particular,MED04,2026-08-10 16:41,2026-08-21 09:30,faltou
AG06367,PAC0810,Roberto Siqueira Brandão,(51) 97403-4681,convenio,MED01,2026-08-10 17:00,2026-08-17 11:30,falta
AG06368,PAC1357,Débora Schmidt Schmidt,(54) 97678-3582,convenio,MED06,2026-08-10 17:21,12/08/2026 15:00,realizada
AG06369,PAC1212,Bruno Miranda Nunes,(53) 90258-0268,particular,MED04,11/08/2026 08:15,2026-08-11 09:00,realizada
AG06370,PAC1377,Sônia Araújo Soares,+55 51 958740320,particular,MED05,2026-08-11 08:20,2026-08-13 14:00,cancelada_paciente
AG06371,PAC0346,Wagner Bertoldi Menezes,(53) 93057-9056,convenio,MED01,2026-08-11 08:41,2026-08-21 15:30,falta
AG06372,PAC1383,Adriana Lorenzi Bittencourt,(51) 94289-8861,convenio,MED03,2026-08-11 08:55,2026-08-14 09:00,cancelado pelo paciente
AG06373,PAC0638,Viviane Schmidt Almeida,(51) 97979-2915,particular,MED01,2026-08-11 09:20,2026-08-14 17:30,realizada
AG06374,PAC0052,Daniel Araújo Coelho,(51) 98488-8292,Particular,MED04,2026-08-11 09:25,2026-08-11 10:00,realizada
AG06375,PAC0804,Marcos Lopes Nascimento,51911277802,particular,MED02,2026-08-11 09:33,25/08/2026 09:00,falta
AG06376,PAC0043,Fábio Sales Vieira,53938390312,particular,MED02,2026-08-11 09:48,2026-08-27 16:00,REALIZADA
AG06377,PAC1361,Letícia Silva Duarte,(53) 99042-8528,Particular,MED02,2026-08-11 10:19,2026-08-11 15:00,falta
AG06378,PAC0714,Gabriel Rezende Nascimento,(54) 94727-1455,convenio,MED04,2026-08-11 10:20,2026-08-13 11:30,falta
AG06379,PAC1305,Renata Martins Costa,51915963911,convenio,MED01,2026-08-11 11:00,2026-08-21 16:30,realizada
AG06380,PAC0213,Tatiane Farias Pinto,54914807463,convenio,MED04,2026-08-11 11:05,2026-09-25 10:30,agendada
AG06381,PAC0465,César Queiroz Moreira,(51) 93035-4515,convenio,MED04,11/08/2026 11:41,2026-08-21 08:30,falta
AG06382,PAC1401,Pedro Carvalho Monteiro,54920477927,convenio,MED02,2026-08-11 12:12,20/08/2026 09:30,faltou
AG06383,PAC1427,Sônia Reis Nascimento,53970750508,particular,MED05,2026-08-11 13:05,2026-08-25 14:30,realizada
AG06384,PAC1365,Eduardo Tomasi Castro,51957707084,convenio,MED01,11/08/2026 14:12,2026-08-12 08:30,falta
AG06385,PAC0575,Juliana Miranda Teixeira,(51) 90481-6241,particular,MED04,2026-08-11 14:41,2026-08-31 11:30,realizada
AG06386,PAC0567,Larissa Nunes Hoffmann,51985022370,particular,MED01,11/08/2026 15:05,2026-08-24 10:30,ausente
AG06387,PAC0787,Ana Santana Araújo,51964575548,convenio,MED04,2026-08-11 15:41,2026-08-21 08:00,faltou
AG06388,PAC0368,Otávio Rodrigues Peixoto,(54) 94468-8287,convenio,MED06,2026-08-11 15:48,2026-08-12 14:00,cancelado pelo paciente
AG06389,PAC1394,Felipe Ribeiro Becker,(51) 91211-0609,convenio,MED05,11/08/2026 16:05,2026-08-18 17:30,falta
AG06390,PAC1367,Jéssica Fonseca Cavalcanti,(51) 94304-2526,convenio,MED03,11/08/2026 16:12,2026-08-12 16:00,realizada
AG06391,PAC0153,João Brandão Xavier,(51) 92374-5251,particular,MED06,2026-08-11 16:41,2026-08-18 10:30,atendido
AG06392,PAC0583,Elaine Schmidt Mendes,54972519643,convenio,MED04,2026-08-11 16:48,2026-08-12 08:00,realizada
AG06393,PAC0738,Helena Zanella Aguiar,(51) 98601-3499,Particular,MED01,2026-08-11 17:00,2026-08-12 07:30,realizada
AG06394,PAC1080,Murilo Duarte Mendes,(51) 90673-2276,convenio,MED04,2026-08-11 17:00,2026-09-10 11:30,Realizada
AG06395,PAC1460,Cristina Silva Santana,54992571681,particular,MED04,2026-08-11 17:33,2026-09-01 11:00,realizada
AG00595,PAC0074,Priscila Farias Zanella,54944868202,Particular,MED01,2025-10-10 09:03,2025-10-15 08:30,falta
AG06396,PAC0115,Carla Souza Lopes,(51) 93283-0302,particular,MED05,2026-08-12 08:05,2026-08-25 17:30,realizada
AG02543,PAC0603,Otávio Batista Rezende,(54) 92942-6162,convenio,MED01,2026-01-22 11:20,2026-02-18 07:30,faltou
AG06397,PAC0286,Murilo Borges Siqueira,(51) 97367-8015,particular,MED03,2026-08-12 08:33,24/08/2026 13:00,realizada
AG06398,PAC0981,Beatriz  Lopes Santana,54976404703,convenio,MED03,2026-08-12 08:41,2026-08-14 10:00,falta
AG06399,PAC0513,Caio Bertoldi Bertoldi,(51) 94281-3339,convenio,MED02,2026-08-12 08:41,2026-08-20 10:30,realizada
AG06400,PAC1386,Eduardo Prado Farias,(51) 90861-5084,convenio,MED01,2026-08-12 09:13,17/08/2026 09:30,faltou
AG06401,PAC0377,Fernando Hoffmann Peixoto,54910618587,convenio,MED03,2026-08-12 09:41,2026-08-17 14:30,realizada
AG06402,PAC1132,César Zanella Ferreira,51919815917,convenio,MED06,2026-08-12 10:28,2026-08-12 14:00,realizada
AG06403,PAC0297,Pedro Teixeira Gomes,51904059895,convenio,MED04,2026-08-12 10:33,2026-09-25 08:30,agendada
AG06404,PAC0237,Sérgio Carvalho Reis,(53) 91921-6641,Particular,MED06,2026-08-12 10:53,2026-08-13 10:30,realizada
AG06405,PAC1072,Rodrigo Santos Rezende,(51) 91573-6126,particular,MED03,2026-08-12 11:33,2026-08-12 13:30,Realizada
AG06406,PAC1018,Camila Almeida Bezerra,(51) 90103-5473,particular,MED05,12/08/2026 11:33,2026-09-02 17:30,REALIZADA
AG06407,PAC1404,Renata Cardoso Mendes,53942838254,particular,MED02,12/08/2026 11:48,2026-09-17 17:30,desmarcou
AG06408,PAC0988,Leonardo Freitas Teixeira,(51) 92170-5626,convenio,MED03,2026-08-12 11:55,2026-08-17 17:00,falta
AG06409,PAC1041,Débora Costa Bezerra,(51) 95026-0185,convenio,MED04,2026-08-12 11:55,17/08/2026 11:00,cancelado clinica
AG06410,PAC1408,Lorena Soares Aguiar,(51) 90975-9626,convenio,MED06,12/08/2026 12:00,2026-08-20 10:00,realizada
AG06411,PAC1529,Luiza Moura Gonçalves,(51) 94507-5202,convenio,MED04,12/08/2026 12:00,2026-09-16 09:00,realizada
AG06412,PAC1312,Camila Macedo Duarte,+55 53 912200132,convenio,MED01,2026-08-12 12:41,2026-08-28 15:30,realizada
AG06413,PAC0958,Viviane Correia Pires,(51) 90968-5762,particular,MED05,2026-08-12 12:48,23/09/2026 17:00,FALTA
AG06414,PAC1130,Carla Moura Gomes,+55 54 983301766,Particular,MED03,12/08/2026 13:20,2026-09-09 17:30,no_show
AG06415,PAC1482,Eduardo Macedo Queiroz,(51) 95322-6129,PARTICULAR,MED03,12/08/2026 13:33,2026-09-04 11:00,Realizada
AG06416,PAC1528,Sabrina Tavares Hoffmann,53925650464,CONVENIO,MED01,2026-08-12 13:48,2026-09-18 13:00,atendido
AG06417,PAC1414,Arthur Teixeira Macedo,51970269045,particular,MED04,12/08/2026 13:55,21/08/2026 11:30,cancelado pelo paciente
AG06418,PAC1141,Thiago Batista Carvalho,(51) 94365-6641,convenio,MED04,2026-08-12 14:12,2026-08-14 11:00,falta
AG06419,PAC0131,Daniel Dias Barbosa,(51) 94668-3286,convenio,MED03,2026-08-12 14:12,2026-08-21 08:00,realizada
AG06420,PAC1444,Felipe Tomasi Schmidt,51909761906,convenio,MED02,12/08/2026 15:05,2026-08-27 16:30,realizada
AG06421,PAC1390,Jéssica Peixoto Pereira,51985423118,convenio,MED02,2026-08-12 15:33,18/08/2026 17:30,atendido
AG06422,PAC0082,Raquel Andrade Tomasi,519405,Convênio,MED06,2026-08-12 17:41,13/08/2026 11:00,REALIZADA
AG06423,PAC1192,Leandro Miranda Rodrigues,(51) 90760-0530,convenio,MED05,2026-08-12 17:48,17/08/2026 14:00,realizada
AG06424,PAC1259,Gabriel Guimarães Rezende,54926872174,CONVENIO,MED04,12/08/2026 17:55,2026-08-24 10:00,falta
AG06425,PAC0985,Cristina Carvalho Schmidt,(54) 97596-5985,convenio,MED05,2026-08-13 08:33,2026-09-08 17:30,falta
AG06426,PAC1387,Lorena Silva Nascimento,51951128561,particular,MED04,2026-08-13 08:48,2026-08-17 10:00,falta
AG06427,PAC0796,Gustavo Cardoso Monteiro,+55 51 982791041,particular,MED03,2026-08-13 08:55,2026-08-19 14:30,cancelado pelo paciente
AG06428,PAC0757,Fábio Batista Bittencourt,(54) 92603-1526,convênio,MED01,2026-08-13 09:20,2026-09-02 08:30,Realizada
AG06429,PAC1290,Elaine Correia Rodrigues,(51) 90373-9213,convenio,MED02,2026-08-13 09:41,2026-09-17 14:30,realizada
AG06430,PAC1436,Carolina Aguiar Silva,,convenio,MED01,2026-08-13 09:48,2026-08-26 09:30,faltou
AG06431,PAC0001,Tânia Moreira Andrade,+55 53 979217421,convenio,MED01,13/08/2026 10:00,17/08/2026 11:00,FALTA
AG06432,PAC1419,Eduardo Oliveira Tomasi,51946098608,convenio,MED05,2026-08-13 10:33,2026-08-24 15:00,cancelado
AG06433,PAC0572,Sérgio Correia Viana,53985967782,convenio,MED06,2026-08-13 10:48,2026-09-01 10:00,FALTA
AG06434,PAC0156,Patrícia Moura Castro,(51) 93069-9847,convenio,MED01,2026-08-13 10:55,2026-09-04 14:00,atendido
AG01011,PAC0007,Juliana Soares Fretas,(54) 98991-4330,convenio,MED02,2025-11-03 13:41,2025-11-27 14:00,FALTA
AG06435,PAC0435,Isabela Macedo Rocha,(51) 91647-9621,particular,MED03,2026-08-13 12:05,2026-08-21 10:30,falta
AG06436,PAC0510,Daniel Correia Bittencourt,(51) 96305-6340,convenio,MED04,2026-08-13 12:20,2026-09-03 10:00,realizada
AG06437,PAC1321,Murilo Santana Rodrigues,51968916794,Particular,MED06,2026-08-13 12:41,25/08/2026 09:00,cancelado clinica
AG06438,PAC0597,Júlia Santos Mendes,(51) 97989-3010,particular,MED03,2026-08-13 12:41,26/08/2026 17:30,Realizada
AG06439,PAC1561,Letícia Becker Silva,(53) 91028-3073,particular,MED05,2026-08-13 12:41,2026-09-23 16:00,ausente
AG06440,PAC0112,Rafael Becker Santana,+55 51 997116675,convenio,MED06,2026-08-13 13:05,2026-08-25 08:30,FALTA
AG06441,PAC0440,Aline Lorenzi Ramos,(51) 91588-2256,convenio,MED02,2026-08-13 13:20,2026-09-15 16:30,faltou
AG06442,PAC1268,Letícia Schmidt Duarte,53982734324,convenio,MED06,2026-08-13 14:41,2026-08-27 10:00,REALIZADA
AG06443,PAC0585,Luciana Weber Weber,51989625516,convenio,MED04,2026-08-13 15:34,2026-08-14 08:30,
AG06444,PAC1398,Henrique Gonçalves Castro,+55 51 925623244,Convênio,MED01,2026-08-13 16:00,2026-08-19 10:30,falta
AG06445,PAC0365,Thiago Cavalcanti Cavalcanti,+55 53 902986033,convenio,MED02,13/08/2026 16:05,25/08/2026 14:30,realizada
AG06446,PAC1355,Gabriel Reis Peixoto,53959194365,Convênio,MED02,2026-08-13 16:55,2026-08-18 14:30,no_show
AG06447,PAC1570,Vanessa Pires Becker,54957657554,particular,MED01,2026-08-13 17:05,2026-09-25 16:30,cancelado pelo paciente
AG06448,PAC0971,Bianca Farias Weber,(54) 91477-4242,convenio,MED01,14/08/2026 08:41,2026-09-25 14:30,confirmada
AG06449,PAC0174,Leandro Lopes Costa,+55 51 940373326,convenio,MED01,14/08/2026 08:48,2026-08-21 13:00,realizada
AG06450,PAC0344,Luciana Duarte Andrade,51953130703,convenio,MED03,2026-08-14 10:12,2026-09-14 15:30,faltou
AG06451,PAC0519,Wagner Dias Duarte,53974696355,convenio,MED01,2026-08-14 10:41,2026-08-24 11:30,realizada
AG06452,PAC1393,Leonardo Nunes Xavier,51943624018,convenio,MED05,2026-08-14 10:55,2026-09-08 17:00,realizada
AG06453,PAC0397,Lorena Hoffmann Cardoso,(51) 94432-8919,convenio,MED04,2026-08-14 11:20,15/09/2026 10:00,realizada
AG06454,PAC0245,Juliana Bezerra Duarte,54992501078,particular,MED04,2026-08-14 11:33,2026-08-17 08:00,ausente
AG06455,PAC1123,Emerson Sales Gomes,54974084952,convenio,MED04,2026-08-14 11:33,2026-08-28 09:30,REALIZADA
AG06456,PAC0228,Felipe Bertoldi Ramos,(51) 90044-8991,particular,MED02,2026-08-14 11:33,17/09/2026 08:30,Realizada
AG06457,PAC1399,César Costa Aguiar,51906651804,convenio,MED01,2026-08-14 12:00,2026-08-19 11:30,atendido
AG06458,PAC1211,Vanessa Cavalcanti Campos,51962232922,Particular,MED01,14/08/2026 12:00,2026-09-02 09:00,no_show
AG06459,PAC1158,Patrícia Castro Araújo,53929420046,convenio,MED06,2026-08-14 12:20,2026-08-20 11:00,falta
AG06460,PAC0367,Murilo Reis Aguiar,(51) 91615-2545,Convênio,MED06,2026-08-14 13:05,2026-08-26 17:30,realizada
AG06461,PAC1542,Murilo Lorenzi Farias,(53) 95042-8576,convenio,MED03,2026-08-14 13:05,2026-09-18 08:00,Realizada
AG06462,PAC0403,Sabrina Duarte Souza,51907833323,convenio,MED01,2026-08-14 13:33,2026-08-26 08:00,falta
AG06463,PAC0434,Wagner Viana Soares,(51) 97774-4715,convenio,MED01,2026-08-14 13:48,2026-08-28 16:30,realizada
AG06464,PAC1126,Bianca Santana Schmidt,+55 51 900064040,Particular,MED04,2026-08-14 13:48,2026-09-17 11:30,realizada
AG06465,PAC1438,Wagner Peixoto Sales,(53) 96004-8392,convenio,MED03,14/08/2026 14:00,2026-08-26 15:00,no_show
AG06466,PAC0065,Aline Barbosa Pinto,51907069182,Convênio,MED04,2026-08-14 14:48,2026-09-18 09:00,realizada
AG06467,PAC0877,Daniel Moreira Alves,(51) 95678-9545,convênio,MED06,14/08/2026 15:05,08/09/2026 08:30,realizada
AG06468,PAC0002,Felipe Bertoldi Souza,,convenio,MED05,2026-08-14 15:12,24/08/2026 16:30,falta
AG06469,PAC1331,Isabela Bittencourt Correia,51969168250,convenio,MED04,14/08/2026 15:55,20/08/2026 10:30,atendido
AG06470,PAC1447,Beatriz Brandão Rocha,51909962034,particular,MED04,14/08/2026 15:55,2026-08-27 10:00,realizada
AG06471,PAC0363,Vitor Bertoldi Araújo,(51) 98541-7765,particular,MED05,14/08/2026 16:41,2026-08-17 17:30,realizada
AG06472,PAC0446,Igor Vieira Lima,54912854671,convenio,MED03,2026-08-14 17:20,2026-08-24 14:00,falta
AG06473,PAC0590,Rafael Batista Moura,+55 54 952877334,convenio,MED05,2026-08-14 17:33,2026-08-24 17:00,falta
AG06474,PAC1496,Thiago Becker Müller,53978166871,convenio,MED03,2026-08-14 17:48,2026-09-09 14:00,falta
AG06475,PAC0327,Simone Hoffmann Fernandes,+55 54 945806949,PARTICULAR,MED01,2026-08-17 08:00,2026-09-09 08:30,realizada
AG06476,PAC1046,Marcio Brandao Weber,+55 53 935980031,particular,MED01,2026-08-17 08:12,2026-08-21 13:30,realizada
AG06477,PAC0874,Larissa Brandão Alves,(53) 90753-9282,convenio,MED04,2026-08-17 08:15,2026-08-17 09:00,realizada
AG06478,PAC0970,Márcio Correia Lorenzi,53978400546,convenio,MED06,17/08/2026 09:12,2026-09-08 10:00,faltou
AG06479,PAC0622,Vitor Macedo Campos,51910335335,convenio,MED03,2026-08-17 09:21,2026-08-19 17:30,ausente
AG06480,PAC0332,Júlia Costa Guimarães,53914597490,convenio,MED06,2026-08-17 09:48,2026-08-26 14:30,REALIZADA
AG06481,PAC0815,Emerson Bittencourt Soares,(51) 90991-3162,convenio,MED02,2026-08-17 09:55,2026-09-10 14:00,realizada
AG06482,PAC1126,Bianca Santana Schmidt,+55 51 900064040,particular,MED03,17/08/2026 10:05,2026-09-28 17:30,confirmada
AG06483,PAC0015,Pedro Brandão Batista,(53) 96470-3160,convenio,MED03,2026-08-17 10:50,2026-08-17 14:00,Realizada
AG06484,PAC1418,Samuel Rodrigues Gomes,(53) 92955-4216,convenio,MED03,2026-08-17 11:05,21/09/2026 16:30,falta
AG06485,PAC1567,Patrícia Bittencourt Ribeiro,+55 54 986570957,convenio,MED05,2026-08-17 11:41,2026-09-24 15:00,realizada
AG06486,PAC0372,Daniel Kuhn Xavier,(53) 99490-1473,convenio,MED05,2026-08-17 12:20,2026-09-14 15:00,Realizada
AG06487,PAC0932,Júlia Vieira Santos,54967882476,particular,MED03,17/08/2026 12:21,2026-08-17 13:00,cancelado pelo paciente
AG06488,PAC0784,Alexandre Becker Nunes,(51) 95607-8833,convenio,MED01,2026-08-17 12:41,2026-09-11 16:30,atendido
AG06489,PAC1358,Márcio Guimarães Miranda,(51) 97716-7126,convenio,MED02,2026-08-17 13:20,2026-08-20 17:00,realizada
AG06490,PAC0052,Daniel Araújo Coelho,(51) 98488-8292,PARTICULAR,MED04,2026-08-17 14:12,2026-08-25 11:00,atendido
AG06491,PAC1461,Bruno Lima Xavier,(51) 99811-8716,Particular,MED02,2026-08-17 15:05,01/10/2026 17:00,agendada
AG06492,PAC0524,Adriana Castro Brandão,(53) 94389-9153,convenio,MED04,2026-08-17 15:12,2026-08-19 10:30,realizada
AG06493,PAC1402,Sérgio Schmidt Bertoldi,,convenio,MED02,2026-08-17 15:41,2026-08-20 15:00,cancelada_paciente
AG06494,PAC1124,César Duarte Martins,(53) 90403-5588,particular,MED04,2026-08-17 15:41,2026-08-24 08:00,realizada
AG06495,PAC1583,Camila Xavier Correia,51958355794,particular,MED04,2026-08-17 16:33,2026-09-30 08:30,agendada
AG06496,PAC0020,Beatriz Tavares Borges,+55 53 923601395,convenio,MED06,2026-08-17 16:41,18/08/2026 10:00,cancelado
AG06497,PAC1572,André Silva Siqeira,+55 51 986034848,Convênio,MED01,2026-08-17 16:48,2026-09-28 07:30,confirmada
AG06498,PAC1417,Fernando Pereira Marques,(51) 90859-1507,convenio,MED05,17/08/2026 17:00,2026-09-17 14:00,FALTA
AG06499,PAC1163,Samuel Siqueira Soares,(51) 90417-5249,particular,MED06,2026-08-17 17:33,2026-08-19 17:30,realizada
AG06500,PAC0573,Henrique Schmidt Hoffmann,53909092292,PARTICULAR,MED03,2026-08-17 17:33,2026-08-28 08:00,realizada
AG06501,PAC0136,Paulo Marques Duarte,+55 51 970089778,convenio,MED04,2026-08-18 08:05,2026-08-19 11:00,realizada
AG06502,PAC0325,Wagner Lopes Barbosa,(51) 99648-0281,CONVENIO,MED04,2026-08-18 08:33,2026-08-26 10:30,realizada
AG06503,PAC1327,Tatiane Coelho Guimarães,(51) 99036-8146,particular,MED02,2026-08-18 08:41,2026-08-20 16:30,realizada
AG06504,PAC0872,Wagner Tavares Castro,(51) 90415-5565,convenio,MED06,2026-08-18 08:41,2026-09-17 10:00,atendido
AG06505,PAC1089,César Pereira Araújo,(54) 99906-0836,convenio,MED05,2026-08-18 08:55,2026-08-20 16:30,realizada
AG06506,PAC1388,Murilo Gomes Rezende,51945803065,convenio,MED02,18/08/2026 09:11,2026-08-18 10:00,realizada
AG06507,PAC1212,Bruno Miranda Nunes,(53) 90258-0268,particular,MED05,18/08/2026 09:12,2026-08-26 14:30,realizada
AG06508,PAC1499,José Nascimento Tavares,,convenio,MED03,18/08/2026 09:48,2026-09-09 16:00,realizada
AG06509,PAC0352,Letícia Ribeiro Oliveira,+55 51 985574996,convenio,MED02,2026-08-18 10:05,01/09/2026 08:00,realizada
AG06510,PAC1528,Sabrina Tavares Hoffmann,53925650464,convenio,MED03,2026-08-18 10:05,2026-09-16 16:30,faltou
AG06511,PAC0762,Isabela Souza Carvalho,(53) 97705-4766,Particular,MED02,2026-08-18 10:48,2026-08-20 09:00,atendido
AG06512,PAC0309,Felipe Carvalho Becker,(53) 90135-6843,Convênio,MED01,2026-08-18 10:51,19/08/2026 10:30,realizada
AG06513,PAC1186,Wagner Schmidt Barbosa,(51) 95973-6442,particular,MED02,2026-08-18 10:55,2026-08-20 17:30,cancelada_clinica
AG06514,PAC1251,Priscila Freitas Bertoldi,(54) 92861-2461,convenio,MED06,2026-08-18 11:05,17/09/2026 09:30,REALIZADA
AG06515,PAC1330,Diego Weber Vieira,53915331539,convenio,MED06,2026-08-18 11:55,2026-09-02 17:00,realizada
AG06516,PAC0146,Júlia Moreira Souza,(51) 93874-9982,Particular,MED04,2026-08-18 12:05,2026-08-28 11:30,realizada
AG06517,PAC0552,Vitor Hoffmann Teixeira,51960092109,convenio,MED02,2026-08-18 12:12,2026-09-17 17:00,Realizada
AG06518,PAC1459,Felipe Alves Costa,54939770947,convenio,MED04,2026-08-18 12:33,2026-09-01 10:30,realizada
AG06519,PAC1471,Gisele Müller Menezes,51919955892,convenio,MED02,2026-08-18 12:41,2026-09-03 15:00,desmarcou
AG06520,PAC0846,Vitor Correia Correia,51941423912,particular,MED03,2026-08-18 13:12,2026-08-31 15:00,realizada
AG06521,PAC1558,Sabrina Alves Prado,53907452976,convenio,MED04,2026-08-18 13:12,2026-09-23 11:30,desmarcou
AG06522,PAC0727,Ricardo Tavares Rodrigues,(51) 99536-1415,particular,MED01,2026-08-18 14:12,2026-08-28 17:30,falta
AG06523,PAC0301,Sérgio Sales Batista,+55 53 955389383,convenio,MED04,2026-08-18 14:55,2026-09-24 09:30,Realizada
AG06524,PAC0157,Isabela Peixoto Lopes,51933483757,convenio,MED02,2026-08-18 15:00,2026-09-08 11:30,realizada
AG06525,PAC0457,Eduardo Queiroz Gomes,54965257649,convenio,MED01,2026-08-18 15:05,2026-09-30 07:00,agendada
AG06526,PAC1019,Renata Cavalcanti Nunes,+55 51 944051585,convenio,MED03,2026-08-18 15:12,2026-08-19 16:30,realizada
AG06527,PAC1099,Jéssica Ferreira Farias,51936424869,particular,MED04,18/08/2026 15:20,2026-08-21 09:00,FALTA
AG06528,PAC1510,André Siqueira Costa,(53) 94331-2423,Particular,MED05,18/08/2026 15:20,2026-09-10 14:30,realizada
AG06529,PAC1577,Igor Almeida Müller,54908643909,convenio,MED05,2026-08-18 15:48,2026-09-29 14:30,agendada
AG06530,PAC0096,Débora Bezerra Castro,(51) 98563-5074,particular,MED06,2026-08-18 16:12,2026-08-26 17:00,falta
AG06531,PAC0252,Patrícia Sales Almeida,+55 51 976043292,Convênio,MED01,18/08/2026 16:18,2026-08-19 07:00,faltou
AG06532,PAC0065,Aline Barbosa Pinto,51907069182,convenio,MED06,2026-08-18 16:33,2026-08-19 14:30,realizada
AG06533,PAC0554,Camila Ribeiro Andrade,(53) 97699-0981,convenio,MED01,2026-08-18 17:00,2026-08-24 08:00,falta
AG06534,PAC1211,Vanessa Cavalcanti Campos,51962232922,particular,MED04,2026-08-18 17:00,02/09/2026 10:00,no_show
AG06535,PAC0524,Adriana Castro Brandão,(53) 94389-9153,convenio,MED04,2026-08-18 17:41,09/09/2026 11:00,realizada
AG06536,PAC1477,Débora Fonseca Pinto,(53) 95024-4858,particular,MED01,19/08/2026 08:41,2026-09-23 10:30,falta
AG06537,PAC0935,Helena Alves Menezes,(51) 96641-0201,Convênio,MED05,2026-08-19 08:41,2026-10-01 16:00,agendada
AG06538,PAC1477,Débora Fonseca Pinto,(53) 95024-4858,particular,MED06,2026-08-19 08:48,2026-09-03 09:00,REALIZADA
AG06539,PAC0197,Carolina Lorenzi Souza,(51) 94236-2099,convenio,MED01,2026-08-19 09:08,19/08/2026 10:00,realizada
AG06540,PAC0653,Patrícia Macedo Aguiar,+55 51 903169874,convenio,MED03,2026-08-19 09:20,2026-09-28 15:00,agendada
AG06541,PAC1434,Patrícia Menezes Campos,(51) 92983-3356,particular,MED06,19/08/2026 09:41,25/08/2026 11:30,atendido
AG06542,PAC0384,Otávio Duarte Bezerra,(53) 92118-3929,convenio,MED03,19/08/2026 09:48,2026-09-23 16:00,realizada
AG06543,PAC0063,Vitor Xavier Lopes,54972055015,particular,MED04,2026-08-19 10:05,2026-08-28 08:00,Realizada
AG06544,PAC0872,Wagner Tavares Castro,(51) 90415-5565,convenio,MED04,19/08/2026 10:12,2026-08-24 09:30,faltou
AG06545,PAC1580,Luiza Rocha Rezende,54944586393,convenio,MED01,2026-08-19 11:33,2026-09-30 09:00,Agendada
AG06546,PAC1132,César Zanella Ferreira,51919815917,Convênio,MED04,2026-08-19 11:48,2026-09-22 10:00,realizada
AG06547,PAC1512,Arthur Pinto Aguiar,(51) 95586-1830,particular,MED04,2026-08-19 12:48,2026-09-11 11:30,realizada
AG06548,PAC0199,Aline Pereira Fernandes,+55 51 917035851,convenio,MED01,2026-08-19 12:55,2026-09-09 11:00,realizada
AG06549,PAC1338,Gabriel Ramos Lorenzi,51901140371,Convênio,MED05,2026-08-19 13:20,2026-09-29 14:00,agendada
AG06550,PAC1290,Elaine Correia Rodrigues,(51) 90373-9213,convenio,MED03,2026-08-19 14:12,2026-08-24 17:00,realizada
AG06551,PAC1437,Júlia Weber Duarte,(51) 90766-5982,particular,MED03,2026-08-19 14:12,2026-08-26 13:30,realizada
AG06552,PAC1051,Felipe Souza Tavares,(54) 95441-6907,convenio,MED03,2026-08-19 14:20,2026-09-02 17:00,Realizada
AG06553,PAC0265,Júlia Duarte Kuhn,51955576440,convenio,MED03,2026-08-19 14:20,2026-09-14 14:30,no_show
AG06554,PAC1088,Pedro Prado Bezerra,53965415777,convenio,MED04,2026-08-19 14:41,2026-09-24 10:00,realizada
AG06555,PAC1462,Fernando Bertoldi Ferreira,(51) 99404-0128,convenio,MED01,2026-08-19 15:41,2026-09-02 08:00,faltou
AG06556,PAC1072,Rodrigo Santos Rezende,(51) 91573-6126,particular,MED04,2026-08-19 16:12,2026-10-01 10:30,agendada
AG06557,PAC1417,Fernando Pereira Marques,(51) 90859-1507,convenio,MED04,2026-08-19 16:20,2026-08-24 09:00,desmarcou
AG06558,PAC0184,Tânia Santos Carvalho,51916335247,particular,MED02,2026-08-19 17:05,08/09/2026 17:00,falta
AG06559,PAC1328,Alexandre Duarte Correia,51969112515,particular,MED05,2026-08-19 17:20,2026-09-01 15:00,realizada
AG06560,PAC0612,Caio Almeida Barbosa,(51) 98152-2675,convenio,MED06,2026-08-19 17:20,2026-09-01 09:30,falta
AG05050,PAC1101,Beatriz Lorenzi Carvalho,+55 51 952469981,particular,MED05,03/06/2026 17:20,2026-06-16 15:00,realizada
AG06561,PAC1315,Marcos Tomasi Marques,(51) 91769-1709,convenio,MED04,2026-08-20 08:04,2026-08-20 09:30,realizada
AG06562,PAC1551,Igor Schmidt Correia,+55 53 964481069,particular,MED06,20/08/2026 08:12,2026-09-22 08:00,realizada
AG06563,PAC0607,Henrique Fonseca Kuhn,519880,convenio,MED06,2026-08-20 08:20,2026-08-27 08:00,realizada
AG06564,PAC0085,Emerson Reis Macedo,51972488125,convenio,MED04,2026-08-20 08:33,2026-09-17 08:00,ausente
AG06565,PAC0437,Maria Teixeira Bertoldi,0000000000,convenio,MED04,2026-08-20 08:48,2026-08-28 10:00,REALIZADA
AG06566,PAC0993,Simone Macedo Tavares,51981096678,convenio,MED06,2026-08-20 09:12,2026-08-26 16:30,Realizada
AG06567,PAC1413,Caio Moreira Cavalcanti,(51) 98357-1187,particular,MED03,2026-08-20 10:00,2026-09-21 15:30,FALTA
AG06568,PAC0329,Thiago Rodrigues Alves,+55 54 973325354,convenio,MED03,2026-08-20 10:41,11/09/2026 10:30,realizada
AG06569,PAC0843,Priscila Guimarães Castro,+55 51 935962772,convenio,MED02,2026-08-20 11:00,2026-09-08 15:00,REALIZADA
AG06570,PAC1546,Murilo Castro Becker,(51) 92601-9484,Convênio,MED03,20/08/2026 12:00,2026-09-21 17:30,falta
AG06571,PAC0881,Priscila Peixoto Cavalcanti,53943884973,convenio,MED02,2026-08-20 12:20,2026-09-29 16:00,agendada
AG06572,PAC1005,Emerson Santos Kuhn,51919238277,Convênio,MED04,2026-08-20 12:33,27/08/2026 10:30,realizada
AG06573,PAC0887,Vitor Fernandes Rodrigues,(54) 99040-5408,convenio,MED03,2026-08-20 12:48,2026-08-26 17:00,realizada
AG06574,PAC1423,Júlia Pires Zanella,54990353081,Convênio,MED02,2026-08-20 13:00,2026-08-25 14:00,realizada
AG06575,PAC1124,César Duarte Martins,(53) 90403-5588,particular,MED03,2026-08-20 13:55,2026-09-16 13:00,falta
AG06576,PAC1416,Letícia Becker Ferreira,53951046069,convenio,MED03,2026-08-20 14:12,2026-08-24 15:30,realizada
AG06577,PAC0714,Gabriel Rezende Nascimento,(54) 94727-1455,convenio,MED01,2026-08-20 14:33,31/08/2026 10:30,realizada
AG06578,PAC0149,Lucas Cavalcanti Correia,51955318507,particular,MED06,2026-08-20 14:48,2026-08-26 15:00,atendido
AG06579,PAC0141,Rodrigo Tomasi Brandão,(51) 91828-0393,convenio,MED04,20/08/2026 16:05,2026-09-15 08:30,ausente
AG06580,PAC1440,Natália Santos Mendes,(54) 98886-3691,Particular,MED05,20/08/2026 17:00,2026-08-26 16:30,realizada
AG06581,PAC1372,Vanessa Castro Martins,53980572494,CONVENIO,MED03,2026-08-20 17:05,24/08/2026 17:30,realizada
AG06582,PAC1432,César Nunes Pires,+55 54 958066673,convenio,MED06,2026-08-20 17:12,2026-08-25 10:30,realizada
AG06583,PAC1046,Márcio Brandão Weber,+55 53 935980031,Particular,MED01,2026-08-20 17:41,2026-08-31 09:30,atendido
AG06584,PAC0119,Samuel Nunes Reis,,convênio,MED03,2026-08-20 17:55,2026-09-16 15:30,REALIZADA
AG06585,PAC0906,Samuel Martins Batista,(51) 90115-9060,particular,MED04,2026-08-21 09:12,2026-08-25 09:30,REALIZADA
AG06586,PAC1301,João Vieira Xavier,+55 51 900149797,CONVENIO,MED05,21/08/2026 09:33,2026-08-25 15:00,realizada
AG06587,PAC0510,Daniel Correia Bittencourt,(51) 96305-6340,Convênio,MED04,2026-08-21 10:20,2026-09-23 09:00,atendido
AG06588,PAC0346,Wagner Bertoldi Menezes,(53) 93057-9056,convenio,MED04,2026-08-21 10:33,2026-08-28 11:00,realizada
AG06589,PAC1367,Jéssica Fonseca Cavalcanti,(51) 94304-2526,convenio,MED04,2026-08-21 10:48,2026-08-24 11:00,REALIZADA
AG06590,PAC0363,Vitor Bertoldi Araújo,(51) 98541-7765,particular,MED05,2026-08-21 10:55,2026-08-24 14:00,Realizada
AG06591,PAC1448,Elaine Correia Carvalho,(54) 95708-5290,particular,MED06,2026-08-21 12:48,27/08/2026 09:00,cancelada_paciente
AG06592,PAC0157,Isabela Peixoto Lopes,51933483757,convenio,MED06,2026-08-21 13:00,2026-09-30 14:30,agendada
AG06593,PAC0770,Márcio Ramos Tomasi,(51) 91369-5018,Particular,MED05,2026-08-21 13:33,2026-08-26 14:00,realizada
AG06594,PAC1124,César Duarte Martins,(53) 90403-5588,particular,MED04,2026-08-21 13:33,2026-09-03 09:00,faltou
AG06595,PAC0426,Thiago Rocha Nascimento,(53) 95286-6673,Particular,MED04,21/08/2026 14:33,2026-09-04 11:30,cancelado pelo paciente
AG06596,PAC1257,Camila Almeida Marques,+55 53 998276290,convênio,MED01,2026-08-21 14:41,31/08/2026 11:00,falta
AG06597,PAC0194,Gabriel Miranda Weber,+55 51 956700171,convenio,MED04,2026-08-21 15:33,2026-09-08 08:00,REALIZADA
AG06598,PAC1433,Ricardo Lorenzi Carvalho,(53) 91051-0569,convenio,MED06,2026-08-21 16:00,2026-08-25 11:00,realizada
AG06599,PAC0986,Felipe Santana Weber,(51) 99502-7818,Convênio,MED03,2026-08-21 16:05,2026-08-31 13:30,REALIZADA
AG06600,PAC1078,Henrique Ramos Menezes,53950402764,convenio,MED02,2026-08-21 16:20,2026-09-17 16:00,no_show
AG06601,PAC0604,Otávio Tomasi Siqueira,(51) 98883-5242,particular,MED01,2026-08-21 16:55,2026-08-24 07:00,falta
AG06602,PAC0614,Daniel Aguiar Tomasi,(54) 95772-9851,convenio,MED03,2026-08-24 08:33,2026-09-02 17:30,realizada
AG06603,PAC1420,Wagner Schmidt Cardoso,51978370196,particular,MED05,2026-08-24 08:39,2026-08-24 15:00,realizada
AG06604,PAC1556,Sônia Fonseca Gomes,(51) 99975-4956,convenio,MED03,2026-08-24 08:48,2026-09-23 16:30,cancelada_paciente
AG06605,PAC0448,Vanessa Ramos Silva,53917303945,convenio,MED04,2026-08-24 08:55,24/08/2026 11:30,realizada
AG06606,PAC1155,Tatiane Marques Kuhn,51984041753,particular,MED04,2026-08-24 09:00,2026-08-25 09:00,realizada
AG06607,PAC0798,Eduardo Santana Siqueira,(53) 95210-9558,convenio,MED02,2026-08-24 09:41,2026-09-10 16:30,falta
AG02365,PAC0091,Murilo Martins Santana,(54) 91396-4088,Convênio,MED02,2026-01-14 09:55,2026-02-10 08:30,falta
AG06608,PAC0145,Diego Gonçalves Peixoto,+55 51 936594709,convenio,MED01,24/08/2026 09:48,2026-09-21 07:30,no_show
AG06609,PAC0897,Murilo Vieira Araújo,54965660384,Convênio,MED02,2026-08-24 09:55,2026-09-03 14:30,FALTA
AG06610,PAC1129,Alexandre Tavares Müller,(54) 97943-3941,convenio,MED03,2026-08-24 10:01,2026-08-24 15:00,realizada
AG06611,PAC0933,Sabrina Dias Vieira,54964725602,convenio,MED06,2026-08-24 10:55,2026-08-27 11:30,realizada
AG06612,PAC0682,Renata Carvalho Machado,51960394182,convenio,MED03,2026-08-24 10:55,2026-09-04 10:30,falta
AG06613,PAC0267,Júlia Guimarães Bertoldi,(54) 99800-7067,particular,MED01,2026-08-24 11:00,2026-09-21 08:30,FALTA
AG06614,PAC1421,Rodrigo Hoffmann Siqueira,53932196539,convenio,MED05,2026-08-24 11:09,2026-08-24 17:00,realizada
AG06615,PAC0138,Caio Dias Miranda,(51) 95753-1987,CONVENIO,MED05,24/08/2026 11:12,2026-09-29 16:30,agendada
AG06616,PAC1018,Camila Almeida Bezerra,(51) 90103-5473,particular,MED01,24/08/2026 11:20,2026-08-28 16:00,FALTA
AG06617,PAC1318,Henrique Miranda Weber,+55 51 908874408,convenio,MED06,2026-08-24 11:33,2026-08-26 14:00,cancelado pelo paciente
AG06618,PAC0089,Emerson Gomes Coelho,51982389020,particular,MED03,2026-08-24 11:48,2026-08-26 15:30,realizada
AG06619,PAC0206,Thiago Queiroz Zanella,(53) 97519-4745,convenio,MED05,2026-08-24 12:12,2026-08-24 16:00,desmarcou
AG06620,PAC1514,Diego Oliveira Viana,,convenio,MED03,2026-08-24 12:12,2026-09-16 16:00,realizada
AG06621,PAC1332,Roberto Bittencourt Brandão,(54) 93325-6364,convenio,MED04,2026-08-24 12:33,2026-09-04 09:00,atendido
AG06622,PAC0425,Henrique Guimarães Coelho,+55 51 908505423,particular,MED01,2026-08-24 12:48,2026-08-28 17:00,realizada
AG06623,PAC0163,Aline Reis Brandão,+55 51 977816336,particular,MED02,24/08/2026 13:00,2026-08-25 11:30,REALIZADA
AG06624,PAC1446,Márcio Dias Teixeira,+55 51 918809944,convenio,MED04,2026-08-24 13:42,2026-08-27 09:30,faltou
AG06625,PAC0678,Thiago Silva Castro,53927535023,convenio,MED01,2026-08-24 13:55,2026-08-26 11:00,realizada
AG06626,PAC1422,Priscila Tavares Hoffmann,53963931408,convenio,MED04,2026-08-24 14:48,2026-09-10 09:30,falta
AG06627,PAC1042,Letícia Hoffmann Tomasi,(51) 92088-3996,convenio,MED04,2026-08-24 15:55,2026-08-25 08:30,REALIZADA
AG06628,PAC1026,Maria Coelho Monteiro,(51) 95704-5713,particular,MED04,2026-08-24 16:00,2026-08-26 11:30,realizada
AG06629,PAC0592,Isabela Ramos Ribeiro,(51) 93995-0677,convenio,MED04,2026-08-24 16:05,2026-08-27 08:30,Realizada
AG06630,PAC0143,Raquel Pereira Macedo,(54) 98269-0375,convenio,MED02,2026-08-24 16:41,2026-09-15 10:30,realizada
AG06631,PAC1284,Júlia Teixeira Pinto,(51) 98945-7011,CONVENIO,MED04,2026-08-24 16:41,2026-09-16 10:00,falta
AG06632,PAC0096,Débora Bezerra Castro,(51) 98563-5074,particular,MED03,2026-08-24 16:48,2026-09-28 17:00,confirmada
AG06633,PAC1428,Otávio Viana Cardoso,(54) 95875-1253,particular,MED05,24/08/2026 17:43,2026-08-25 15:30,falta
AG06634,PAC0678,Thiago Silva Castro,53927535023,convênio,MED02,25/08/2026 08:00,2026-09-29 10:00,agendada
AG06635,PAC0561,André Oliveira Batista,(51) 95826-3572,particular,MED06,2026-08-25 08:12,2026-08-27 08:30,realizada
AG06636,PAC0271,Marcos Weber Rezende,53957925052,convenio,MED06,2026-08-25 08:12,2026-09-08 09:30,falta
AG06637,PAC1073,Gustavo Lima Bezerra,(53) 97159-7409,particular,MED03,2026-08-25 08:48,26/08/2026 16:00,realizada
AG06638,PAC1249,Emerson Hoffmann Campos,53932232332,particular,MED06,2026-08-25 08:48,2026-08-27 09:30,realizada
AG06639,PAC0625,Isabela Souza Müller,51966769278,convenio,MED06,2026-08-25 09:12,2026-09-23 16:00,realizada
AG06640,PAC1328,Alexandre Duarte Correia,51969112515,particular,MED02,2026-08-25 09:55,2026-09-01 14:00,REALIZADA
AG06641,PAC1135,Leonardo Pires Cavalcanti,(51) 97121-6832,Convênio,MED01,2026-08-25 10:04,2026-08-26 09:30,realizada
AG06642,PAC0581,Sérgio Vieira Tomasi,51936556966,particular,MED04,2026-08-25 10:05,2026-09-01 09:00,falta
AG06643,PAC0506,Larissa Tomasi Almeida,51985626038,convenio,MED06,2026-08-25 10:12,2026-09-23 17:00,realizada
AG06644,PAC1538,Leandro Vieira Sales,51950488886,convenio,MED02,2026-08-25 10:33,2026-09-17 15:00,no_show
AG06645,PAC0572,Sérgio Correia Viana,53985967782,convenio,MED05,2026-08-25 12:05,2026-09-08 15:30,atendido
AG06646,PAC1604,Bruno Nascimento Pinto,+55 53 933596268,convenio,MED03,2026-08-25 12:12,2026-10-09 11:00,cancelado clinica
AG06647,PAC1409,Fabiana Tomasi Machado,51945202390,convenio,MED05,2026-08-25 12:41,2026-09-01 17:30,faltou
AG06648,PAC1470,Priscila Souza Pereira,(54) 94029-2722,Particular,MED02,2026-08-25 12:41,2026-09-03 11:00,realizada
AG06649,PAC0941,Lucas Batista Correia,51972822371,particular,MED04,2026-08-25 13:12,2026-08-27 08:00,cancelado clinica
AG06650,PAC1449,Luiza Monteiro Tavares,(51) 97673-2201,convenio,MED03,2026-08-25 13:20,2026-08-28 09:30,atendido
AG06651,PAC1188,Patrícia Campos Borges,51915174267,particular,MED05,2026-08-25 13:33,27/08/2026 16:30,realizada
AG06652,PAC1359,Gisele Oliveira Fernandes,(51) 93742-7658,particular,MED03,2026-08-25 13:33,2026-09-18 10:30,no_show
AG06653,PAC1426,Priscila Ramos Ferreira,51969285049,particular,MED02,25/08/2026 13:46,2026-08-25 17:00,realizada
AG06654,PAC0647,Mariana Silva Reis,(54) 99910-2953,convenio,MED02,2026-08-25 13:55,2026-09-03 14:00,realizada
AG06655,PAC0726,Fernando Guimarães Silva,+55 53 931742746,particular,MED01,25/08/2026 14:12,26/08/2026 08:30,Realizada
AG06656,PAC0534,Bianca Gonçalves Duarte,(53) 90296-5984,particular,MED01,2026-08-25 15:00,2026-08-28 14:30,realizada
AG06657,PAC0297,Pedro Teixeira Gomes,51904059895,convenio,MED04,2026-08-25 15:05,2026-08-27 09:00,realizada
AG06658,PAC1123,Emerson Sales Gomes,54974084952,convenio,MED05,25/08/2026 15:12,2026-10-07 17:00,desmarcou
AG06659,PAC0226,Luciana Bezerra Castro,,CONVENIO,MED01,2026-08-25 15:33,09/09/2026 11:30,realizada
AG06660,PAC0843,Priscila Guimarães Castro,+55 51 935962772,convenio,MED05,2026-08-25 15:48,2026-09-30 17:30,agendada
AG06661,PAC0724,Pedro Araújo Vieira,+55 51 913571720,Particular,MED05,2026-08-25 15:55,2026-09-17 14:30,faltou
AG06662,PAC1452,Paulo Queiroz Pereira,(51) 95092-0594,convenio,MED01,2026-08-25 16:00,2026-08-31 11:30,faltou
AG06663,PAC1486,Vitor Cavalcanti Cavalcanti,51982951705,convenio,MED02,2026-08-25 16:00,2026-09-08 14:00,REALIZADA
AG06664,PAC0709,Fernando Castro Rezende,(53) 92508-4285,convenio,MED04,2026-08-25 16:12,2026-08-26 11:00,realizada
AG06665,PAC0633,Lorena Lima Peixoto,51976626522,particular,MED01,2026-08-25 16:48,2026-09-25 15:30,confirmada
AG06666,PAC0013,Sônia Nunes Xavier,51920780234,particular,MED01,2026-08-25 16:55,2026-09-23 11:00,realizada
AG06667,PAC1523,André Araújo Freitas,51900858102,particular,MED02,25/08/2026 17:05,2026-09-15 14:00,realizada
AG06668,PAC1589,Igor Becker Kuhn,53948059216,convenio,MED03,2026-08-25 17:55,2026-10-02 10:00,agendada
AG06669,PAC0089,Emerson Gomes Coelho,51982389020,particular,MED04,2026-08-26 08:48,2026-08-31 09:30,realizada
AG06670,PAC0779,Letícia Coelho Monteiro,51961970860,particular,MED02,2026-08-26 09:05,2026-10-01 17:30,agendada
AG06671,PAC0158,Diego Viana Souza,(51) 91172-2760,convenio,MED04,2026-08-26 09:29,2026-08-26 10:00,realizada
AG06672,PAC0328,Wagner Correia Weber,53959455652,convenio,MED05,2026-08-26 09:33,2026-08-27 14:00,realizada
AG06673,PAC1540,Fernando Ribeiro Pereira,(53) 98910-6919,Particular,MED04,2026-08-26 09:33,2026-09-17 10:30,falta
AG06674,PAC1522,Isabela Cardoso Araújo,+55 54 982809308,convenio,MED05,2026-08-26 10:00,2026-09-28 14:00,confirmada
AG06675,PAC0552,Vitor Hoffmann Teixeira,51960092109,Convênio,MED04,2026-08-26 10:00,01/10/2026 11:00,agendada
AG06676,PAC0291,Leandro Cardoso Almeida,53985473747,convenio,MED04,26/08/2026 10:12,2026-09-04 09:30,Realizada
AG06677,PAC0080,Alexandre Lopes Pires,(51) 96893-0854,convenio,MED05,2026-08-26 11:05,2026-09-03 16:00,REALIZADA
AG06678,PAC0235,Caio Ramos Macedo,(51) 99887-7612,particular,MED02,2026-08-26 11:33,2026-09-10 16:00,realizada
AG06679,PAC1094,Elaine Hoffmann Rodrigues,(51) 98237-0547,Convênio,MED02,26/08/2026 11:41,2026-09-01 08:30,realizada
AG06680,PAC1550,Marcos Ribeiro Rodrigues,+55 51 916115104,convenio,MED05,2026-08-26 11:41,2026-09-22 15:00,realizada
AG06681,PAC1261,Ricardo Marques Pinto,(51) 96919-9834,convenio,MED04,26/08/2026 12:05,08/09/2026 11:30,Realizada
AG06682,PAC1475,Lucas Miranda Moura,(51) 99810-9257,Particular,MED05,2026-08-26 12:20,2026-09-03 14:00,FALTA
AG06683,PAC0016,Murilo Viana Kuhn,+55 51 982888446,CONVENIO,MED04,2026-08-26 12:33,2026-09-08 11:00,desmarcou
AG06684,PAC1074,Leonardo Almeida Mendes,(54) 95918-0964,convenio,MED01,2026-08-26 13:05,2026-10-02 15:00,agendada
AG06685,PAC1001,Jéssica Nascimento Cavalcanti,+55 51 945690650,particular,MED03,2026-08-26 13:12,2026-08-28 08:30,atendido
AG06686,PAC1491,Cláudia Prado Cavalcanti,(51) 91652-5428,particular,MED05,2026-08-26 13:33,2026-09-08 14:00,REALIZADA
AG06687,PAC1455,Fabiana Carvalho Farias,53961593005,particular,MED05,2026-08-26 13:55,2026-08-31 15:00,faltou
AG06688,PAC1194,Maria Schmidt Rezende,(51) 90711-0578,convenio,MED05,2026-08-26 14:05,2026-09-09 14:30,cancelada_clinica
AG06689,PAC1328,Alexandre Duarte Correia,51969112515,particular,MED04,2026-08-26 14:46,2026-08-27 08:00,Realizada
AG06690,PAC1593,André Müller Rocha,(51) 95568-1947,CONVENIO,MED02,2026-08-26 15:55,2026-10-06 08:00,agendada
AG06691,PAC1476,Carolina Prado Duarte,(51) 98127-4476,convenio,MED02,26/08/2026 16:20,06/10/2026 09:30,agendada
AG06692,PAC0807,Mariana Hoffmann Guimarães,(51) 90671-8302,convenio,MED01,2026-08-26 16:20,09/10/2026 13:00,agendada
AG06693,PAC1489,Maria Correia Coelho,51953479457,Convênio,MED04,26/08/2026 16:33,2026-09-08 10:00,cancelado pelo paciente
AG06694,PAC0044,Tatiane Dias Correia,(53) 92104-5395,Particular,MED05,2026-08-26 17:05,02/09/2026 16:30,realizada
AG06695,PAC1176,Bianca Lopes Fonseca,,convenio,MED03,26/08/2026 17:41,11/09/2026 11:00,falta
AG06696,PAC0543,Emerson Reis Tomasi,(53) 95635-2734,convenio,MED04,26/08/2026 17:55,2026-09-14 11:00,realizada
AG06697,PAC1557,Raquel Gomes Zanella,(51) 90657-8873,particular,MED03,2026-08-27 08:00,2026-09-23 17:00,faltou
AG06698,PAC1131,Simone Tomasi Santos,(53) 93719-7445,convenio,MED03,2026-08-27 08:00,2026-10-02 11:30,agendada
AG06699,PAC0898,Luiza Bezerra Hoffmann,+55 54 919450890,convenio,MED06,2026-08-27 08:12,2026-09-16 15:30,realizada
AG06700,PAC1497,Igor Bittencourt Prado,(51) 91417-7706,particular,MED03,2026-08-27 08:20,2026-09-09 15:00,REALIZADA
AG06701,PAC1505,Felipe Schmidt Miranda,(53) 99614-6522,particular,MED06,27/08/2026 08:33,2026-09-09 15:30,FALTA
AG06702,PAC1065,Carolina Guimarães Mendes,51911442952,particular,MED04,27/08/2026 08:46,2026-08-27 11:30,REALIZADA
AG06703,PAC1438,Wagner Peixoto Sales,(53) 96004-8392,convenio,MED02,2026-08-27 08:48,2026-08-27 11:30,realizada
AG06704,PAC1461,Bruno Lima Xavier,(51) 99811-8716,particular,MED05,27/08/2026 08:48,2026-09-01 16:00,realizada
AG06705,PAC1472,Juliana Viana Almeida,+55 53 958740878,convenio,MED02,2026-08-27 09:00,03/09/2026 17:30,faltou
AG06706,PAC1562,Jéssica Fonseca Bezerra,+55 53 969666461,Particular,MED06,2026-08-27 09:12,2026-09-23 14:30,realizada
AG06707,PAC0318,Débora Santana Schmidt,(51) 96825-0575,convenio,MED06,27/08/2026 09:55,2026-09-08 09:00,faltou
AG06708,PAC0877,Daniel Moreira Alves,(51) 95678-9545,convenio,MED04,2026-08-27 10:00,01/09/2026 11:30,atendido
AG06709,PAC0089,Emerson Gomes Coelho,51982389020,Particular,MED03,2026-08-27 10:05,2026-09-11 11:30,realizada
AG06710,PAC1606,Patrícia Moreira Soares,(51) 91387-7541,particular,MED02,2026-08-27 10:05,2026-10-13 14:30,agendada
AG06711,PAC0411,Vanessa Silva Araújo,(51) 90447-3141,particular,MED03,2026-08-27 10:33,31/08/2026 15:30,realizada
AG06712,PAC0594,Débora Barbosa Bertoldi,(53) 93803-6979,particular,MED04,2026-08-27 10:55,2026-08-31 09:00,realizada
AG06713,PAC0225,Rodrigo Farias Brandão,+55 51 962322121,particular,MED03,2026-08-27 11:00,2026-09-25 10:00,confirmada
AG06714,PAC1241,João Becker Lopes,53937637512,convenio,MED03,2026-08-27 11:20,2026-09-02 16:00,REALIZADA
AG06715,PAC0566,Rafael Correia Andrade,51930539995,convenio,MED02,2026-08-27 11:41,22/09/2026 15:00,falta
AG06716,PAC1536,Sérgio Macedo Araújo,+55 51 952893660,particular,MED03,2026-08-27 11:48,2026-10-05 16:30,agendada
AG06717,PAC0578,Vanessa Prado Zanella,(53) 92274-4827,convênio,MED04,27/08/2026 11:55,29/09/2026 08:30,agendada
AG06718,PAC1443,Sônia Mendes Lima,+55 54 977261365,convenio,MED02,2026-08-27 12:05,2026-08-27 15:00,realizada
AG06719,PAC0098,Ana Fernandes Castro,54958716908,particular,MED02,2026-08-27 12:33,2026-09-01 09:30,realizada
AG06720,PAC0942,Diego Pinto Guimarães,53956260084,convenio,MED03,2026-08-27 13:05,2026-09-09 14:30,faltou
AG06721,PAC1480,César Batista Moreira,+55 51 922243079,PARTICULAR,MED01,2026-08-27 13:48,2026-09-04 16:00,realizada
AG06722,PAC1553,Felipe Prado Carvalho,+55 51 916848595,convenio,MED01,2026-08-27 14:00,2026-09-23 08:30,falta
AG00470,PAC0015,Pedro Brandão Batista,(53) 96470-3160,particular,MED03,2025-10-03 14:48,2025-10-29 14:30,falta
AG06723,PAC1324,Gisele Fonsea Silva,(51) 92342-6031,CONVENIO,MED04,27/08/2026 14:12,2026-09-01 09:30,cancelado pelo paciente
AG04714,PAC0973,Diego Müller Queiroz,(51) 96978-5201,convenio,MED01,2026-05-19 11:00,2026-05-29 16:00,falta
AG06724,PAC0521,Carolina Queiroz Ferreira,+55 51 936108645,convênio,MED04,2026-08-27 14:20,2026-08-31 10:00,FALTA
AG06725,PAC0048,Beatriz Queiroz Soares,(51) 98970-4340,particular,MED05,2026-08-27 14:48,2026-09-10 16:30,Realizada
AG06726,PAC0273,Gisele Pinto Rocha,(53) 98330-4304,particular,MED03,2026-08-27 14:55,2026-09-28 16:00,confirmado
AG06727,PAC1483,Samuel Ferreira Campos,,particular,MED04,2026-08-27 16:00,04/09/2026 10:30,realizada
AG06728,PAC0361,Bruno Sales Kuhn,51974002028,convenio,MED01,2026-08-27 16:00,2026-09-16 07:00,ausente
AG06729,PAC0787,Ana Santana Araújo,51964575548,convenio,MED01,27/08/2026 16:05,2026-09-28 11:00,agendada
AG06730,PAC0447,Lorena Ramos Cavalcanti,+55 51 954937099,particular,MED04,2026-08-27 16:12,2026-08-31 08:30,realizada
AG06731,PAC1464,Vanessa Martins Weber,+55 51 900327340,particular,MED03,2026-08-27 16:12,2026-09-02 15:30,cancelado
AG06732,PAC0195,Fernando Bezerra Freitas,(54) 97553-3852,particular,MED01,2026-08-27 16:20,2026-09-02 07:30,realizada
AG06733,PAC1443,Sônia Mendes Lima,+55 54 977261365,convenio,MED04,27/08/2026 16:33,2026-09-02 11:30,falta
AG06734,PAC1516,Roberto Farias Santana,(54) 94756-8649,convenio,MED03,2026-08-27 17:12,2026-09-14 14:00,realizada
AG06248,PAC0837,Alexandre Macedo Gonçalves,(51) 93277-7587,convenio,MED03,2026-08-04 16:55,2026-08-10 15:30,realizada
AG06735,PAC0571,Viviane Dias Batista,,convenio,MED06,2026-08-27 17:55,2026-09-10 09:00,realizada
AG06736,PAC1533,Raquel Carvalho Brandão,(54) 91848-9385,Convênio,MED05,2026-08-27 17:55,2026-09-16 17:00,FALTA
AG06737,PAC0504,Mateus Ferreira Nascimento,54910420195,particular,MED04,28/08/2026 08:13,2026-08-28 09:00,realizada
AG06738,PAC1454,Maria Viana Müller,(51) 93890-1542,PARTICULAR,MED05,2026-08-28 09:20,2026-08-31 14:00,cancelado
AG06739,PAC1469,Daniel Mendes Macedo,(51) 97034-4174,convenio,MED06,2026-08-28 09:33,2026-09-02 17:30,desmarcou
AG06740,PAC1029,Gabriel Silva Pereira,,PARTICULAR,MED01,2026-08-28 10:55,2026-09-04 15:00,realizada
AG06741,PAC1595,Priscila Becker Barbosa,+55 54 960318917,convenio,MED02,2026-08-28 11:12,2026-10-06 15:00,agendada
AG06742,PAC0962,Daniel Sales Santana,51987312844,convenio,MED01,2026-08-28 11:33,2026-09-30 10:00,agendada
AG06743,PAC1584,Jéssica Freitas Ferreira,53901659115,particular,MED04,2026-08-28 12:00,2026-09-30 09:30,agendada
AG06744,PAC1318,Henrique Miranda Weber,+55 51 908874408,convenio,MED01,2026-08-28 12:48,05/10/2026 11:30,agendada
AG06745,PAC1476,Carolina Prado Duarte,(51) 98127-4476,convenio,MED05,28/08/2026 13:05,2026-09-03 17:30,realizada
AG06746,PAC0243,Carla Costa Marques,+55 53 993331080,convenio,MED05,2026-08-28 13:20,2026-08-31 15:00,realizada
AG06747,PAC1600,Wagner Pereira Schmidt,53930985938,convênio,MED03,2026-08-28 14:05,2026-10-07 13:00,agendada
AG06748,PAC0431,Wagner Almeida Cavalcanti,(51) 94751-4485,convenio,MED03,2026-08-28 14:20,2026-08-31 17:00,realizada
AG06749,PAC1184,Paulo Silva Duarte,(53) 93980-1751,convenio,MED04,2026-08-28 15:00,2026-09-01 10:00,realizada
AG06750,PAC1506,Lorena Gonçalves Müller,51934828610,convenio,MED03,2026-08-28 15:20,2026-09-16 17:30,realizada
AG06751,PAC1291,Leonardo Menezes Farias,53973124158,convenio,MED01,28/08/2026 15:33,11/09/2026 17:00,realizada
AG06752,PAC0752,José Rocha Teixeira,(51) 97432-7801,convenio,MED04,2026-08-28 15:33,2026-09-29 10:30,agendada
AG06753,PAC0527,Luciana Monteiro Guimarães,(51) 95202-0347,convenio,MED01,2026-08-28 16:05,09/09/2026 09:30,realizada
AG06754,PAC1248,Larissa Queiroz Tomasi,(51) 97080-8822,particular,MED01,2026-08-28 16:12,2026-09-04 13:30,realizada
AG06755,PAC1525,Igor Carvalho Xavier,(51) 92696-3485,convenio,MED06,2026-08-28 16:41,2026-09-15 09:00,realizada
AG06756,PAC0175,Jéssica Ramos Menezes,+55 53 941425285,particular,MED02,28/08/2026 16:55,2026-09-22 10:00,realizada
AG06757,PAC0357,Fernando Hoffmann Tomasi,54982332956,Convênio,MED04,2026-08-28 17:05,2026-09-04 11:00,realizada
AG06758,PAC1473,Luiza Nascimento Andrade,(51) 99436-1107,convenio,MED04,2026-08-28 17:55,2026-09-03 09:30,realizada
AG06759,PAC1390,Jéssica Peixoto Pereira,51985423118,convenio,MED05,2026-08-31 08:00,2026-09-23 17:30,Realizada
AG06760,PAC0360,Alexandre Ramos Souza,(51) 98722-2463,particular,MED04,2026-08-31 08:01,2026-09-01 09:30,realizada
AG06761,PAC0471,Emerson Viana Lorenzi,(54) 98537-3289,convenio,MED05,2026-08-31 08:12,2026-09-10 16:00,realizada
AG06762,PAC1266,Alexandre Alves Costa,549095,convenio,MED04,2026-08-31 08:41,2026-09-08 08:30,realizada
AG06763,PAC0254,Juliana Monteiro Dias,+55 53 932153346,Particular,MED01,2026-08-31 08:42,31/08/2026 10:00,atendido
AG06764,PAC1484,Viviane Rezende Nascimento,51955677432,convenio,MED02,2026-08-31 09:05,2026-09-08 09:30,realizada
AG06765,PAC1463,Arthur Pereira Nascimento,(54) 99056-0035,particular,MED01,2026-08-31 09:33,02/09/2026 11:00,realizada
AG06766,PAC0101,César Almeida Campos,(54) 95435-8456,Particular,MED06,2026-08-31 09:41,2026-09-03 10:30,realizada
AG06767,PAC0909,Lorena Ribeiro Oliveira,(53) 97985-2780,Convênio,MED04,2026-08-31 09:55,2026-09-04 08:00,confirmado
AG06768,PAC1399,César Costa Aguiar,51906651804,convenio,MED02,31/08/2026 10:33,2026-10-06 16:30,Agendada
AG06769,PAC1456,Mateus Pinto Fonseca,(51) 98470-3827,particular,MED02,2026-08-31 11:12,2026-09-01 10:00,FALTA
AG06770,PAC0768,Murilo Viana Martins,51991122654,convenio,MED05,31/08/2026 11:12,2026-09-17 16:00,REALIZADA
AG06771,PAC0499,Sabrina Barbosa Schmidt,51908155496,Convênio,MED03,2026-08-31 11:23,2026-08-31 14:00,realizada
AG06690,PAC1593,André Müller Rocha,(51) 95568-1947,CONVENIO,MED02,2026-08-26 15:55,2026-10-06 08:00,falta
AG06772,PAC0242,Henrique Rodrigues Ferreira,(51) 94312-2975,convenio,MED03,2026-08-31 11:48,2026-08-31 17:30,realizada
AG06773,PAC0834,Wagner Pereira Xavier,+55 51 911909058,convenio,MED04,2026-08-31 11:55,09/09/2026 10:30,REALIZADA
AG06774,PAC1481,Arthur Campos Dias,(51) 98046-0863,convênio,MED01,2026-08-31 12:00,2026-09-04 16:30,realizada
AG06775,PAC1520,Bruno Bezerra Campos,(51) 94335-3020,convenio,MED04,2026-08-31 13:00,14/09/2026 11:30,realizada
AG06776,PAC1458,Leonardo Ramos Macedo,(53) 90226-9736,convenio,MED04,2026-08-31 13:05,2026-09-01 08:00,realizada
AG06777,PAC0955,Marcos Castro Guimarães,51903328597,convenio,MED05,2026-08-31 13:23,2026-08-31 14:00,realizada
AG06778,PAC1118,Arthur Teixeira Tavares,(51) 92401-7697,convênio,MED06,2026-08-31 13:41,2026-09-01 08:00,cancelado clinica
AG06779,PAC1453,Carolina Campos Lorenzi,51907936732,CONVENIO,MED03,2026-08-31 13:47,2026-08-31 14:30,cancelada_paciente
AG06780,PAC1386,Eduardo Prado Farias,(51) 90861-5084,CONVENIO,MED03,2026-08-31 14:00,2026-09-02 16:30,falta
AG06781,PAC1150,Ana Menezes Machado,(53) 99560-0817,Convênio,MED04,2026-08-31 14:20,2026-09-14 09:00,realizada
AG06782,PAC0758,Wagner Barbosa Cavalcanti,(51) 98617-3685,convenio,MED01,2026-08-31 15:00,2026-09-14 09:30,ausente
AG06783,PAC0335,Igor Prado Siqueira,(53) 96937-9487,convênio,MED02,2026-08-31 15:00,2026-09-15 16:00,Realizada
AG06784,PAC0631,Wagner Lorenzi Schmidt,(51) 93699-5814,Convênio,MED04,2026-08-31 15:20,2026-09-28 10:30,confirmado
AG06785,PAC1402,Sérgio Schmidt Bertoldi,,Convênio,MED06,2026-08-31 17:05,01/09/2026 08:30,falta
AG07063,PAC1299,Raquel Campos Almeida,+55 54 999768445,particular,MED01,2026-09-15 12:12,2026-10-07 11:30,agendada
AG06786,PAC0783,Gisele Freitas Farias,(53) 94079-6617,convenio,MED02,2026-08-31 17:12,2026-10-08 15:00,agendada
AG06787,PAC0593,Jéssica Miranda Vieira,51966104182,convenio,MED06,2026-08-31 17:23,2026-09-01 08:00,realizada
AG06788,PAC0118,Natália Miranda Batista,(53) 91252-8676,convenio,MED02,31/08/2026 17:40,2026-09-01 11:00,realizada
AG06789,PAC0010,Rafael Coelho Oliveira,51917974054,convenio,MED05,2026-08-31 17:41,2026-09-28 15:30,agendada
AG06790,PAC1479,Murilo Coelho Ferreira,(51) 94956-4761,convenio,MED01,2026-09-01 08:00,2026-09-04 14:30,realizada
AG06791,PAC0826,Juliana Cardoso Pereira,51984567456,particular,MED05,01/09/2026 08:33,2026-09-10 14:00,realizada
AG06792,PAC0430,André Lopes Monteiro,(51) 91822-6521,particular,MED04,2026-09-01 09:05,2026-09-22 09:30,realizada
AG06793,PAC0166,Letícia Borges Sales,53973820040,convenio,MED05,01/09/2026 09:05,2026-09-30 17:00,agendada
AG06794,PAC1251,Priscila Freitas Bertoldi,(54) 92861-2461,convenio,MED02,2026-09-01 09:48,2026-09-01 16:00,Realizada
AG01606,PAC0180,Jéssica Gomes Siqueira,(54) 91118-2098,particular,MED06,2025-12-03 10:05,2025-12-11 08:00,realizada
AG06795,PAC1420,Wagner Schmidt Cardoso,51978370196,PARTICULAR,MED04,2026-09-01 09:55,2026-09-02 11:00,realizada
AG06796,PAC0600,Aline Silva Alves,(51) 97924-4581,convênio,MED04,2026-09-01 09:55,2026-09-10 08:00,realizada
AG06797,PAC1106,Sérgio Xavier Ribeiro,(51) 94805-6133,particular,MED01,2026-09-01 10:05,2026-10-05 07:00,agendada
AG06798,PAC0774,Tânia Cardoso Almeida,+55 54 932679878,particular,MED02,2026-09-01 10:20,2026-09-03 09:30,realizada
AG06799,PAC0155,César Peixoto Moreira,51959800742,convenio,MED01,2026-09-01 10:20,2026-09-04 17:30,realizada
AG06800,PAC0827,Letícia Rocha Santos,(54) 90077-7994,particular,MED01,2026-09-01 11:05,2026-10-09 16:30,agendada
AG06801,PAC1485,Thiago Prado Cardoso,51954678678,convenio,MED02,2026-09-01 11:41,08/09/2026 11:00,atendido
AG06802,PAC0022,Samuel Farias Pires,54939218051,particular,MED01,2026-09-01 11:55,2026-10-09 14:00,agendada
AG06803,PAC0315,José Aguiar Carvalho,54982105845,CONVENIO,MED03,2026-09-01 12:00,2026-09-14 17:00,realizada
AG06804,PAC1548,Vitor Miranda Lorenzi,(51) 99356-3517,particular,MED04,2026-09-01 12:20,2026-09-22 11:30,realizada
AG06805,PAC0310,Priscila Siqueira Mendes,+55 51 909096391,Particular,MED03,01/09/2026 12:33,2026-09-09 16:30,realizada
AG06806,PAC1465,Ricardo Fonseca Queiroz,51922929947,Convênio,MED04,2026-09-01 13:48,2026-09-02 09:30,REALIZADA
AG06807,PAC1306,Roberto Queiroz Lorenzi,(51) 94825-5731,convenio,MED04,2026-09-01 14:02,2026-09-04 11:30,realizada
AG06808,PAC1403,Elaine Guimarães Castro,+55 51 936169569,convenio,MED01,01/09/2026 14:20,2026-09-14 08:30,realizada
AG06809,PAC1357,Débora Schmidt Schmidt,(54) 97678-3582,convenio,MED01,2026-09-01 14:20,2026-10-14 10:30,agendada
AG06810,PAC0269,Natália Soares Borges,51903422457,particular,MED02,2026-09-01 15:55,2026-09-10 08:30,realizada
AG06811,PAC0056,Juliana Weber Brandão,+55 51 936962963,convenio,MED04,2026-09-01 16:05,2026-09-04 08:30,realizada
AG06812,PAC0356,Felipe Reis Dias,(51) 99318-4244,convenio,MED05,2026-09-01 16:05,09/09/2026 16:00,realizada
AG06813,PAC0169,Mateus Zanella Freitas,(54) 94611-3087,particular,MED04,2026-09-01 17:00,2026-09-02 09:00,desmarcou
AG06814,PAC1487,Daniel Xavier Dias,51917920283,convenio,MED02,2026-09-01 17:00,2026-09-08 15:30,realizada
AG06815,PAC0935,Helena Alves Menezes,(51) 96641-0201,convenio,MED04,2026-09-01 17:12,2026-09-02 10:30,falta
AG06816,PAC0734,Letícia Andrade Costa,(51) 97244-3696,convenio,MED04,01/09/2026 17:36,2026-09-02 09:00,REALIZADA
AG06817,PAC0947,Bruno Rocha Pereira,+55 51 928267226,convenio,MED06,2026-09-02 08:55,2026-09-16 16:30,realizada
AG06818,PAC1466,Eduardo Andrade Kuhn,51970155900,convenio,MED04,2026-09-02 09:09,02/09/2026 10:30,faltou
AG06819,PAC0254,Juliana Monteiro Dias,+55 53 932153346,particular,MED03,2026-09-02 09:12,2026-09-16 13:30,realizada
AG06820,PAC1370,Juliana Silva Freitas,(51) 95822-6699,convenio,MED06,2026-09-02 09:41,02/09/2026 16:30,realizada
AG06821,PAC0230,João Ribeiro Moreira,(51) 91971-1250,convenio,MED06,2026-09-02 10:05,2026-10-08 10:30,agendada
AG06822,PAC1361,Letícia Silva Duarte,(53) 99042-8528,particular,MED03,2026-09-02 10:18,2026-10-09 11:00,agendada
AG06823,PAC0710,Débora Gonçalves Pereira,(54) 93092-7346,convenio,MED03,2026-09-02 10:41,2026-09-04 11:30,realizada
AG06824,PAC1196,Fabiana Soares Cardoso,53924721084,Particular,MED02,2026-09-02 10:41,2026-10-08 17:00,agendada
AG06825,PAC1248,Larissa Queiroz Tomasi,(51) 97080-8822,Particular,MED01,2026-09-02 10:48,2026-09-11 15:00,realizada
AG06826,PAC0531,Leonardo Rezende Martins,(51) 93164-3025,convenio,MED02,2026-09-02 11:05,2026-10-06 08:30,Agendada
AG06827,PAC1398,Henrique Gonçalves Castro,+55 51 925623244,convenio,MED02,2026-09-02 11:12,2026-09-08 17:30,realizada
AG06828,PAC0975,Isabela Hoffmann Bertoldi,54917055749,convenio,MED04,02/09/2026 11:20,2026-09-28 08:00,agendada
AG06829,PAC1500,Beatriz Moura Monteiro,(51) 91725-5922,convenio,MED04,2026-09-02 13:00,09/09/2026 08:00,REALIZADA
AG06830,PAC0484,Samuel Nascimento Carvalho,+55 51 963034175,convenio,MED04,2026-09-02 13:12,2026-10-05 11:30,agendada
AG06831,PAC0531,Leonardo Rezende Martins,(51) 93164-3025,convenio,MED05,2026-09-02 14:00,2026-10-14 16:00,Agendada
AG06832,PAC0763,Júlia Fernandes Castro,54901633224,convenio,MED05,2026-09-02 14:12,03/09/2026 17:00,realizada
AG06833,PAC0498,Henrique Rocha Pereira,54912251398,convenio,MED02,2026-09-02 14:33,2026-10-13 09:30,agendada
AG06834,PAC1598,Rodrigo Bertoldi Xavier,51998708563,convenio,MED06,2026-09-02 14:55,2026-10-06 09:00,cancelado
AG06835,PAC0345,Mateus Bittencourt Tavares,(54) 93463-2858,particular,MED06,2026-09-02 15:00,2026-09-15 11:00,Realizada
AG06836,PAC1574,Débora Correia Borges,sem telefone,particular,MED02,2026-09-02 15:12,2026-09-29 10:30,agendada
AG06837,PAC1531,Maria Castro Moreira,(51) 96585-7779,particular,MED05,2026-09-02 15:20,2026-09-16 14:00,faltou
AG06838,PAC0701,Aline Correia Campos,+55 51 954606774,convenio,MED05,2026-09-02 15:33,2026-10-07 14:00,agendada
AG06839,PAC0866,Vitor Aguiar Rodrigues,(53) 94600-4341,CONVENIO,MED04,02/09/2026 16:05,03/09/2026 10:30,realizada
AG06840,PAC1513,Leandro Mendes Aguiar,,particular,MED01,02/09/2026 17:33,14/09/2026 08:00,Realizada
AG06841,PAC1509,Leonardo Bittencourt Xavier,51923638865,convenio,MED02,2026-09-02 17:48,2026-09-10 14:30,ausente
AG06842,PAC0404,Lorena Duarte Moreira,+55 53 932587913,particular,MED01,2026-09-02 17:48,11/09/2026 17:30,Realizada
AG06843,PAC0082,Raquel Andrade Tomasi,519405,convenio,MED01,2026-09-03 08:00,09/10/2026 15:00,agendada
AG06844,PAC0729,Maria Prado Viana,+55 54 980265623,Particular,MED01,03/09/2026 08:05,2026-09-09 07:30,falta
AG06845,PAC0806,Gabriel Moura Bezerra,54906671127,convenio,MED04,2026-09-03 08:05,14/09/2026 10:00,atendido
AG06846,PAC1012,Marcos Silva Lopes,51949510387,Particular,MED04,03/09/2026 08:48,2026-10-07 08:30,agendada
AG06847,PAC0483,Júlia Cardoso Reis,(51) 94515-0834,CONVENIO,MED04,2026-09-03 09:48,2026-09-14 08:00,realizada
AG06848,PAC0742,Henrique Correia Rocha,(51) 94322-8386,particular,MED06,2026-09-03 10:41,2026-10-01 09:30,agendada
AG06849,PAC0333,Beatriz Santana Kuhn,(51) 92907-9609,convenio,MED06,2026-09-03 11:05,2026-10-15 10:30,agendada
AG06850,PAC0951,Wagner Weber Macedo,(53) 90243-8019,particular,MED05,2026-09-03 11:12,2026-09-14 17:00,no_show
AG06851,PAC0584,Gisele Rodrigues Cavalcanti,51937281309,convenio,MED03,2026-09-03 11:12,25/09/2026 11:30,agendada
AG06852,PAC0489,Gustavo Dias Oliveira,51955043318,convenio,MED02,2026-09-03 11:14,2026-09-03 15:00,Realizada
AG06853,PAC0457,Eduardo Queiroz Gomes,54965257649,convenio,MED02,2026-09-03 11:20,2026-09-10 10:30,Realizada
AG06854,PAC1462,Fernando Bertoldi Ferreira,(51) 99404-0128,convenio,MED05,2026-09-03 12:12,2026-09-03 15:00,atendido
AG06855,PAC0327,Simone Hoffmann Fernandes,+55 54 945806949,Particular,MED02,2026-09-03 13:00,2026-09-10 11:00,realizada
AG06856,PAC0992,Luiza Pereira Bertoldi,51902031948,Particular,MED06,2026-09-03 13:33,10/09/2026 10:00,atendido
AG06857,PAC1555,Bianca Tavares Tavares,+55 51 914926708,convenio,MED04,2026-09-03 14:00,2026-10-01 08:00,agendada
AG06858,PAC0153,João Brandão Xavier,(51) 92374-5251,particular,MED02,2026-09-03 14:05,2026-09-15 17:00,falta
AG06859,PAC1508,Elaine Tomasi Bittencourt,51935902535,convenio,MED02,03/09/2026 14:20,2026-09-10 09:00,falta
AG06860,PAC1611,João Santana Carvalho,53993749473,Particular,MED02,03/09/2026 14:33,2026-10-15 10:00,agendada
AG06861,PAC1498,Simone Barbosa Weber,(51) 96033-3632,convenio,MED03,2026-09-03 14:41,2026-09-09 15:30,faltou
AG06862,PAC1452,Paulo Queiroz Pereira,(51) 95092-0594,convenio,MED06,2026-09-03 15:33,2026-09-17 10:30,realizada
AG06863,PAC1313,Ricardo Coelho Batista,(51) 96852-8105,convenio,MED02,2026-09-03 16:20,2026-09-08 10:00,realizada
AG06864,PAC0774,Tânia Cardoso Almeida,+55 54 932679878,Particular,MED05,2026-09-03 16:33,2026-09-17 17:00,faltou
AG06865,PAC0045,Henrique Macedo Rodrigues,(51) 98619-6258,particular,MED01,2026-09-03 16:41,25/09/2026 15:00,agendada
AG06866,PAC1365,Eduardo Tomasi Castro,51957707084,convenio,MED02,2026-09-03 16:48,2026-09-15 09:30,realizada
AG06867,PAC0596,Natália Aguiar Soares,+55 51 997643463,CONVENIO,MED03,2026-09-03 17:05,2026-09-11 08:30,cancelada_clinica
AG06868,PAC0445,Elaine Weber Ramos,51968878923,CONVENIO,MED03,2026-09-03 17:05,2026-09-21 15:00,falta
AG06869,PAC1457,Emerson Reis Santos,(51) 97758-4557,particular,MED06,2026-09-03 17:20,2026-09-10 11:00,realizada
AG06870,PAC0018,Rodrigo Oliveira Rodrigues,(51) 92304-5539,convenio,MED05,2026-09-03 17:33,2026-09-16 16:00,faltou
AG06871,PAC1544,Diego Borges Vieira,(54) 96835-1146,Particular,MED04,04/09/2026 08:05,18/09/2026 08:00,realizada
AG06872,PAC1020,Márcio Gonçalves Silva,(54) 96229-2382,particular,MED04,2026-09-04 08:33,2026-09-16 10:30,Realizada
AG06873,PAC1478,Aline Fernandes Bezerra,(51) 97474-2729,CONVENIO,MED02,2026-09-04 08:55,2026-10-08 17:30,agendada
AG06874,PAC1182,Sabrina Bezerra Xavier,(51) 96617-3248,convenio,MED02,2026-09-04 09:05,2026-10-20 14:00,agendada
AG06875,PAC1232,Thiago Tavares Cardoso,(53) 99489-5611,particular,MED04,2026-09-04 10:00,2026-09-17 10:00,realizada
AG06876,PAC1279,Mateus Tomasi Rezende,(51) 91856-0349,particular,MED06,2026-09-04 10:12,2026-09-15 08:30,Realizada
AG06877,PAC1501,José Batista Queiroz,,convenio,MED01,2026-09-04 10:20,2026-09-18 14:00,REALIZADA
AG06878,PAC1478,Aline Fernandes Bezerra,(51) 97474-2729,convenio,MED01,04/09/2026 10:41,2026-09-04 13:00,Realizada
AG06879,PAC0042,Henrique Santos Miranda,53953980453,CONVENIO,MED04,2026-09-04 11:20,2026-09-18 11:30,faltou
AG06880,PAC1493,Cristina Zanella Coelho,,particular,MED01,2026-09-04 11:33,2026-09-09 09:00,realizada
AG06881,PAC1494,Ana Nascimento Guimarães,(51) 97634-6913,particular,MED01,2026-09-04 11:48,2026-09-09 10:30,falta
AG06882,PAC1521,Bruno Guimarães Araújo,51906478293,Convênio,MED05,2026-09-04 12:00,14/09/2026 15:30,realizada
AG06883,PAC0104,Natália Hoffmann Dias,92916,convenio,MED01,2026-09-04 12:00,2026-09-18 14:30,falta
AG06884,PAC1289,Thiago Costa Lima,(51) 96007-3509,convênio,MED03,2026-09-04 12:00,2026-09-18 09:00,realizada
AG06885,PAC1578,Roberto Bezerra Brandão,,convenio,MED05,2026-09-04 12:12,2026-09-29 17:00,agendada
AG06886,PAC1229,Priscila Moura Campos,(51) 94547-4551,convenio,MED05,2026-09-04 12:20,2026-10-20 15:30,agendada
AG06887,PAC1375,Viviane Tavares Santos,(51) 90434-7678,convenio,MED05,2026-09-04 12:48,2026-09-15 16:00,Realizada
AG06888,PAC1575,Priscila Pereira Becker,+55 51 959462729,convenio,MED02,2026-09-04 12:48,2026-09-29 14:30,agendada
AG06889,PAC1573,Júlia Hoffmann Pinto,51921579592,Convênio,MED02,2026-09-04 12:48,2026-10-01 15:30,agendada
AG06890,PAC0104,Natália Hoffmann Dias,92916,convenio,MED06,04/09/2026 12:55,2026-09-10 11:30,cancelada_clinica
AG06891,PAC0411,Vanessa Silva Araújo,(51) 90447-3141,particular,MED03,2026-09-04 12:55,2026-09-18 08:30,realizada
AG06892,PAC1585,Natália Pinto Almeida,54953229045,particular,MED06,2026-09-04 13:00,2026-09-30 17:30,agendada
AG06893,PAC0479,Fábio Gonçalves Miranda,54972212022,particular,MED02,2026-09-04 13:12,2026-09-15 17:30,realizada
AG06894,PAC0301,Sérgio Sales Batista,+55 53 955389383,convenio,MED05,2026-09-04 13:12,2026-09-15 15:30,realizada
AG06895,PAC1290,Elaine Correia Rodrigues,(51) 90373-9213,convenio,MED04,2026-09-04 13:20,2026-10-22 11:00,agendada
AG06896,PAC0725,Gabriel Santos Ferreira,53901493685,convenio,MED04,2026-09-04 13:55,2026-09-09 08:30,realizada
AG06897,PAC1064,Caio Freitas Campos,+55 54 950402968,convenio,MED03,2026-09-04 14:33,2026-09-18 11:30,realizada
AG06898,PAC1412,César Batista Ribeiro,+55 51 983148212,convenio,MED05,2026-09-04 14:33,2026-10-14 15:00,Agendada
AG06899,PAC0581,Sérgio Vieira Tomasi,51936556966,particular,MED01,2026-09-04 14:33,21/10/2026 11:00,agendada
AG06900,PAC0676,Samuel Monteiro Almeida,(51) 99540-0658,convenio,MED04,2026-09-04 16:00,2026-09-30 11:00,agendada
AG06901,PAC0847,Simone Moura Miranda,53923078317,convenio,MED04,2026-09-04 16:41,2026-09-29 11:30,agendada
AG06902,PAC0241,José Andrade Vieira,(51) 96462-9066,particular,MED04,2026-09-04 16:48,2026-09-09 09:00,realizada
AG06903,PAC1347,Luciana Pires Marques,+55 51 985591422,particular,MED04,2026-09-04 16:55,08/10/2026 09:30,agendada
AG06904,PAC1199,Márcio Tomasi Brandão,(51) 91648-9796,convenio,MED03,2026-09-04 17:05,2026-09-11 09:00,falta
AG06905,PAC1340,André Fonseca Duarte,51940541086,particular,MED05,04/09/2026 17:48,2026-09-09 17:00,realizada
AG06906,PAC0222,César Ramos Rodrigues,+55 51 978169928,convenio,MED01,2026-09-08 08:10,2026-09-09 07:30,realizada
AG06907,PAC0519,Wagner Dias Duarte,53974696355,convenio,MED02,2026-09-08 08:20,2026-09-08 09:00,FALTA
AG06908,PAC1490,Gabriel Martins Kuhn,(53) 94023-9647,particular,MED04,2026-09-08 08:38,2026-09-08 11:00,realizada
AG06909,PAC0129,Larissa Pereira Dias,(51) 93595-3803,convenio,MED05,2026-09-08 09:41,2026-09-14 16:30,realizada
AG06910,PAC0235,Caio Ramos Macedo,(51) 99887-7612,PARTICULAR,MED05,08/09/2026 10:00,2026-09-09 14:30,Realizada
AG06911,PAC1488,Mateus Teixeira Ribeiro,+55 51 924547137,Particular,MED02,2026-09-08 10:12,2026-09-08 16:00,realizada
AG06912,PAC1536,Sérgio Macedo Araújo,+55 51 952893660,PARTICULAR,MED02,2026-09-08 10:12,2026-09-17 10:00,desmarcou
AG06913,PAC0442,Maria Batista Duarte,+55 51 924529736,Convênio,MED05,08/09/2026 10:20,2026-09-17 16:30,cancelado pelo paciente
AG06914,PAC1268,Letícia Schmidt Duarte,53982734324,convenio,MED05,2026-09-08 10:48,2026-10-01 17:00,agendada
AG06915,PAC0913,Jéssica Souza Ferreira,+55 51 938167798,convenio,MED02,2026-09-08 10:55,08/09/2026 14:30,Realizada
AG06916,PAC0109,Jéssica Rodrigues Teixeira,(51) 98625-3999,Convênio,MED05,2026-09-08 11:55,2026-09-14 14:00,REALIZADA
AG06917,PAC0353,Elaine Campos Santana,53990673944,convenio,MED05,2026-09-08 13:20,2026-09-23 15:00,realizada
AG06918,PAC1545,Júlia Dias Moura,(51) 9999-,particular,MED02,2026-09-08 13:48,2026-09-22 16:30,atendido
AG06919,PAC0669,Paulo Vieira Gomes,(51) 96608-7949,particular,MED04,2026-09-08 14:05,2026-09-21 08:30,falta
AG06920,PAC0012,Pedro Moura Tomasi,(51) 94954-9026,particular,MED05,2026-09-08 15:48,2026-10-20 14:30,agendada
AG06921,PAC1503,Henrique Miranda Guimarães,(51) 97644-1467,convenio,MED06,2026-09-08 15:50,2026-09-09 14:00,Realizada
AG06922,PAC1507,Márcio Duarte Costa,,particular,MED06,08/09/2026 16:41,2026-09-09 16:00,realizada
AG06923,PAC0297,Pedro Teixeira Gomes,51904059895,convenio,MED02,2026-09-08 16:41,2026-09-15 10:00,falta
AG06924,PAC0812,César Pires Weber,(54) 97086-8597,convenio,MED02,08/09/2026 16:41,2026-10-22 14:00,agendada
AG06925,PAC0753,Felipe Kuhn Ramos,(51) 91410-7173,particular,MED06,2026-09-08 17:55,2026-10-13 09:30,Agendada
AG06926,PAC1000,Emerson Lopes Machado,(51) 91698-4990,convenio,MED04,2026-09-09 08:17,2026-09-09 09:30,realizada
AG06927,PAC1522,Isabela Cardoso Araújo,+55 54 982809308,convenio,MED02,2026-09-09 08:20,2026-09-15 09:00,falta
AG06928,PAC0120,Samuel Hoffmann Pires,+55 51 982666130,particular,MED02,09/09/2026 08:48,2026-10-13 11:00,agendada
AG06929,PAC0273,Gisele Pinto Rocha,(53) 98330-4304,particular,MED06,2026-09-09 09:05,2026-09-10 11:30,Realizada
AG06930,PAC0621,Caio Lorenzi Correia,54965025129,convenio,MED03,2026-09-09 09:20,2026-10-05 13:00,agendada
AG06931,PAC0584,Gisele Rodrigues Cavalcanti,51937281309,convenio,MED06,2026-09-09 10:00,09/09/2026 17:00,realizada
AG06932,PAC0822,Vanessa Correia Bertoldi,(53) 94258-7434,Convênio,MED02,2026-09-09 10:00,2026-09-15 11:00,realizada
AG06933,PAC1397,Sérgio Ribeiro Freitas,(51) 99977-4053,particular,MED06,2026-09-09 10:20,2026-09-23 15:30,REALIZADA
AG06934,PAC1495,Vanessa Costa Duarte,(51) 94329-8147,CONVENIO,MED03,2026-09-09 10:33,2026-09-09 13:30,FALTA
AG06935,PAC1395,Wagner Duarte Araújo,(54) 93771-6571,convenio,MED02,09/09/2026 11:00,2026-09-22 17:30,Realizada
AG06936,PAC1556,Sônia Fonseca Gomes,(51) 99975-4956,convenio,MED03,2026-09-09 11:41,2026-09-28 13:00,confirmado
AG06937,PAC1058,Tânia Araújo Coelho,(53) 92805-0812,convenio,MED06,2026-09-09 11:41,2026-10-01 08:00,agendada
AG06938,PAC1404,Renata Cardoso Mendes,53942838254,particular,MED06,2026-09-09 11:48,2026-09-09 14:30,realizada
AG06939,PAC0835,Pedro Tomasi Pires,51974066455,convenio,MED02,09/09/2026 11:48,2026-10-20 09:00,agendada
AG06940,PAC0328,Wagner Correia Weber,53959455652,convenio,MED06,2026-09-09 12:05,2026-09-09 16:30,realizada
AG06941,PAC1511,Gisele Dias Lorenzi,(51) 94167-0502,convenio,MED04,09/09/2026 12:12,2026-09-11 11:00,REALIZADA
AG06942,PAC1201,Rodrigo Siqueira Bittencourt,(51) 90453-2638,Particular,MED04,2026-09-09 12:12,23/10/2026 10:30,agendada
AG06943,PAC1506,Lorena Gonçalves Müller,51934828610,convenio,MED06,2026-09-09 13:01,2026-09-09 15:30,REALIZADA
AG06944,PAC0915,Rodrigo Moreira Zanela,51921242963,particular,MED01,2026-09-09 14:05,2026-10-16 15:00,agendada
AG06945,PAC0804,Marcos Lopes Nascimento,51911277802,particular,MED05,2026-09-09 14:33,10/09/2026 15:00,FALTA
AG06946,PAC0127,Lucas Fonseca Martins,+55 51 955329550,convenio,MED06,2026-09-09 14:33,2026-09-17 11:30,Realizada
AG06947,PAC1100,Henrique Gomes Prado,(51) 95426-8384,convenio,MED03,2026-09-09 14:33,2026-09-21 13:00,realizada
AG06948,PAC1579,Patrícia Moreira Dias,51979756086,particular,MED06,09/09/2026 14:33,2026-09-29 11:00,agendada
AG06949,PAC1425,Leandro Pinto Freitas,(51) 91555-0582,CONVENIO,MED02,2026-09-09 14:48,2026-09-17 10:30,FALTA
AG06950,PAC1576,Natália Peixoto Almeida,51998879091,convenio,MED04,2026-09-09 15:00,2026-09-29 11:00,agendada
AG06951,PAC1086,César Soares Teixeira,(51) 95209-9619,convenio,MED04,2026-09-09 15:05,2026-09-15 10:30,realizada
AG06952,PAC1506,Lorena Gonçalves Müller,51934828610,convenio,MED01,2026-09-09 15:33,2026-09-16 09:30,falta
AG06953,PAC0099,Arthur Zanella Borges,(51) 94316-0876,convenio,MED06,2026-09-09 15:41,2026-09-15 09:30,faltou
AG06954,PAC0953,Diego Mendes Kuhn,(54) 95525-7027,particular,MED04,2026-09-09 15:55,2026-10-08 08:30,agendada
AG06955,PAC0505,Pedro Guimarães Cardoso,+55 51 910653702,convenio,MED01,09/09/2026 16:05,2026-09-16 07:30,realizada
AG06956,PAC1568,Vanessa Marques Ramos,51936173055,convenio,MED06,2026-09-09 16:12,07/10/2026 17:00,agendada
AG06957,PAC0663,Ricardo Miranda Cavalcanti,(51) 97402-1179,convenio,MED04,2026-09-09 16:48,2026-09-21 11:00,Realizada
AG06958,PAC1537,César Oliveira Bezerra,54956629561,Convênio,MED02,2026-09-09 16:55,2026-09-17 11:30,falta
AG06959,PAC1354,Patrícia Lima Dias,(53) 92011-2758,particular,MED03,2026-09-09 17:00,2026-10-05 17:30,agendada
AG06960,PAC0100,Wagner Gomes Siqueira,(51) 95838-4270,convenio,MED03,2026-09-09 17:12,2026-09-14 15:00,cancelado pelo paciente
AG06961,PAC0192,Gabriel Soares Müller,(54) 96672-6448,particular,MED05,2026-09-09 17:33,2026-10-21 15:30,agendada
AG06962,PAC0082,Raquel Andrade Tomasi,519405,convenio,MED02,2026-09-10 08:05,2026-09-17 16:30,REALIZADA
AG06963,PAC0004,Maria Pereira Macedo,(54) 92837-8326,convenio,MED04,2026-09-10 08:18,2026-09-10 11:00,realizada
AG06964,PAC1541,Jéssica Dias Andrade,+55 54 942116359,convenio,MED01,2026-09-10 08:33,18/09/2026 15:30,realizada
AG06965,PAC0241,José Andrade Vieira,(51) 96462-9066,particular,MED04,2026-09-10 08:41,09/10/2026 10:30,agendada
AG06966,PAC0242,Henrique Rodrigues Ferreira,(51) 94312-2975,convenio,MED01,2026-09-10 09:00,2026-09-23 08:00,realizada
AG06967,PAC0895,Felipe Souza Hoffmann,+55 51 909818763,convenio,MED03,2026-09-10 09:55,2026-09-14 16:30,REALIZADA
AG06968,PAC1362,Júlia Carvalho Machado,+55 51 968227062,particular,MED05,2026-09-10 10:00,2026-09-14 14:30,cancelada_clinica
AG06969,PAC0630,Ana Bezerra Duarte,54922141180,convenio,MED04,10/09/2026 10:33,2026-10-16 10:30,agendada
AG06970,PAC1196,Fabiana Soares Cardoso,53924721084,Particular,MED05,2026-09-10 11:00,2026-09-10 15:00,Realizada
AG06971,PAC1609,Fábio Gomes Coelho,(51) 90701-7528,convenio,MED05,2026-09-10 12:41,2026-10-14 17:30,agendada
AG06972,PAC1422,Priscila Tavares Hoffmann,53963931408,convenio,MED01,2026-09-10 12:48,2026-09-21 07:00,realizada
AG06973,PAC1547,Eduardo  Sales Machado,(51) 91256-7513,particular,MED04,2026-09-10 12:48,2026-09-22 10:30,FALTA
AG06974,PAC1321,Murilo Santana Rodrigues,51968916794,particular,MED04,2026-09-10 12:55,2026-09-30 10:00,agendada
AG06975,PAC1554,Thiago Lopes Monteiro,(51) 94796-1710,PARTICULAR,MED01,2026-09-10 13:12,2026-09-23 10:00,realizada
AG06976,PAC0764,Júlia Souza Alves,+55 51 920815493,convênio,MED04,10/09/2026 13:55,2026-10-21 11:30,agendada
AG06977,PAC0186,Camila Freitas Reis,+55 51 975524678,convenio,MED06,10/09/2026 14:00,2026-09-24 10:00,falta
AG06978,PAC0350,Tânia Fernandes Monteiro,51946014833,convenio,MED05,2026-09-10 14:33,2026-09-28 17:00,agendada
AG06979,PAC0703,Leonardo Prado Menezes,+55 54 973000486,convenio,MED01,2026-09-10 14:48,2026-10-16 14:30,agendada
AG06980,PAC0528,Lorena Pinto Pinto,,convenio,MED05,2026-09-10 14:55,16/09/2026 15:30,falta
AG06981,PAC0544,Bianca Lopes Soares,51996806182,particular,MED02,2026-09-10 15:00,2026-10-01 15:00,agendada
AG06982,PAC0814,Helena Nunes Müller,(53) 97624-9150,convenio,MED02,2026-09-10 15:55,2026-10-01 11:30,cancelada_paciente
AG06983,PAC1547,Eduardo Sales Machado,(51) 91256-7513,particular,MED01,2026-09-10 15:55,2026-10-07 07:00,Agendada
AG06984,PAC0646,Cláudia Nunes Alves,51915241495,CONVENIO,MED01,2026-09-10 16:00,2026-09-23 11:30,realizada
AG06985,PAC0471,Emerson Viana Lorenzi,(54) 98537-3289,convenio,MED04,2026-09-10 16:05,2026-09-14 09:30,cancelada_paciente
AG06986,PAC1098,Vanessa Ribeiro Nunes,(51) 95518-2725,convenio,MED01,2026-09-10 16:05,2026-10-14 07:00,agendada
AG06987,PAC0733,Lucas Silva Freitas,(54) 91756-1611,particular,MED04,2026-09-10 16:33,2026-09-16 11:00,realizada
AG06988,PAC1163,Samuel Siqueira Soares,(51) 90417-5249,particular,MED04,2026-09-10 16:48,22/10/2026 08:30,agendada
AG06989,PAC0207,Murilo Reis Vieira,(53) 97026-9795,convenio,MED01,2026-09-10 17:00,2026-09-11 14:00,Realizada
AG06990,PAC1338,Gabriel Ramos Lorenzi,51901140371,convenio,MED06,2026-09-10 17:33,2026-09-15 10:30,realizada
AG06991,PAC1581,Luiza Rodrigues Hoffmann,(53) 91780-2284,convenio,MED01,10/09/2026 17:33,2026-09-30 11:30,desmarcou
AG06992,PAC0305,Leandro Freitas Ferreira,(51) 93387-6106,particular,MED02,2026-09-11 08:00,2026-09-24 15:30,realizada
AG06993,PAC0962,Daniel Sales Santana,51987312844,Convênio,MED01,2026-09-11 08:05,2026-09-11 14:30,realizada
AG06994,PAC1290,Elaine Correia Rodrigues,(51) 90373-9213,Convênio,MED01,2026-09-11 08:20,2026-09-11 13:00,atendido
AG06995,PAC0418,Mateus Bezerra Ferreira,(53) 92619-2381,particular,MED03,2026-09-11 08:55,2026-10-09 10:00,Agendada
AG06996,PAC1488,Mateus Teixeira Ribeiro,+55 51 924547137,particular,MED04,11/09/2026 09:05,2026-09-16 08:00,realizada
AG06997,PAC0351,Gisele Bezerra Pereira,(54) 90621-3057,convenio,MED06,2026-09-11 09:12,2026-10-14 15:30,agendada
AG06998,PAC1596,Larissa Reis Martins,+55 51 921460623,convenio,MED04,2026-09-11 10:12,2026-10-06 08:00,agendada
AG06999,PAC1526,Natália Correia Castro,(51) 90627-7727,CONVENIO,MED06,2026-09-11 10:29,2026-09-15 09:30,agendada
AG07000,PAC0576,Beatriz Rocha Castro,(51) 99631-7672,particular,MED05,2026-09-11 11:05,14/09/2026 16:00,ausente
AG07001,PAC0709,Fernando Castro Rezende,(53) 92508-4285,convenio,MED04,2026-09-11 11:05,2026-09-25 11:00,confirmado
AG07002,PAC0855,Mateus Barbosa Barbosa,51997707378,CONVENIO,MED02,2026-09-11 11:05,2026-09-29 08:30,agendada
AG07003,PAC1379,Jéssica Rezende Guimarães,53956947087,convenio,MED05,2026-09-11 11:33,2026-09-21 14:00,falta
AG07004,PAC1605,Renata Carvalho Fernandes,(51) 92172-1503,particular,MED04,2026-09-11 12:05,2026-10-09 10:00,agendada
AG07005,PAC1601,Letícia Oliveira Castro,+55 51 987607077,convenio,MED06,11/09/2026 12:33,2026-10-07 15:00,agendada
AG07006,PAC1384,Priscila Ferreira Oliveira,+55 51 976694619,convenio,MED01,2026-09-11 12:48,2026-09-14 07:00,falta
AG07007,PAC0844,Larissa Bittencourt Weber,51961300595,convenio,MED01,2026-09-11 13:00,2026-10-16 14:00,agendada
AG07008,PAC1444,Felipe Tomasi Schmidt,51909761906,convênio,MED05,2026-09-11 13:00,2026-10-22 16:00,agendada
AG07009,PAC0235,Caio Ramos Macedo,(51) 99887-7612,particular,MED04,2026-09-11 13:33,2026-09-29 10:00,agendada
AG07010,PAC1271,Isabela Martins Ferreira,54976606541,particular,MED04,11/09/2026 13:48,2026-09-15 11:00,realizada
AG07011,PAC1303,Tatiane Fernandes Barbosa,53974042394,convenio,MED04,2026-09-11 14:33,2026-10-21 10:30,agendada
AG07012,PAC1387,Lorena Silva Nascimento,51951128561,Particular,MED01,11/09/2026 14:41,2026-10-16 16:00,agendada
AG07013,PAC0667,Sérgio Sales Freitas,(51) 96471-8020,convenio,MED01,2026-09-11 15:05,2026-10-07 08:00,agendada
AG07014,PAC1565,Paulo Campos Costa,(51) 91261-3405,convenio,MED04,2026-09-11 16:12,24/09/2026 08:00,realizada
AG07015,PAC0493,Tânia Viana Bezerra,(51) 91489-7980,convenio,MED05,2026-09-11 16:33,15/09/2026 14:00,atendido
AG07016,PAC1362,Júlia Carvalho Machado,+55 51 968227062,particular,MED05,2026-09-11 16:41,2026-09-22 14:30,falta
AG07017,PAC0228,Felipe Bertoldi Ramos,(51) 90044-8991,particular,MED02,2026-09-11 16:41,2026-10-15 15:30,agendada
AG07018,PAC0420,Fábio Castro Macedo,51978209975,particular,MED05,2026-09-14 08:12,2026-09-15 15:00,atendido
AG07019,PAC1046,Márcio Brandão Weber,+55 53 935980031,particular,MED05,2026-09-14 08:12,2026-09-24 17:30,desmarcou
AG07020,PAC1527,Igor Oliveira Reis,(51) 97451-4729,Convênio,MED01,14/09/2026 08:33,2026-09-16 11:30,realizada
AG07021,PAC1143,Sabrina Hoffmann Dias,+55 51 932173548,convenio,MED05,2026-09-14 08:34,2026-09-14 14:30,REALIZADA
AG07022,PAC1490,Gabriel Martins Kuhn,(53) 94023-9647,particular,MED04,2026-09-14 08:53,2026-09-14 09:30,realizada
AG07023,PAC1514,Diego Oliveira Viana,,convenio,MED03,2026-09-14 08:55,2026-09-14 13:30,cancelada_paciente
AG07024,PAC1153,Maria Reis Kuhn,(51) 98828-3506,Particular,MED05,2026-09-14 09:00,2026-09-23 15:30,Realizada
AG07025,PAC1162,Thiago Menezes Monteiro,(51) 96709-0801,particular,MED04,14/09/2026 09:05,2026-09-15 09:00,realizada
AG07026,PAC1032,Luiza Oliveira Ribeiro,(51) 96199-9236,Particular,MED05,2026-09-14 09:05,22/09/2026 14:00,FALTA
AG07027,PAC0448,Vanessa Ramos Silva,53917303945,convenio,MED05,2026-09-14 09:12,22/09/2026 16:30,atendido
AG07028,PAC1515,Otávio Viana Macedo,(53) 92796-2001,particular,MED03,14/09/2026 09:25,14/09/2026 13:30,realizada
AG07029,PAC1517,José Dias Lima,(53) 90747-9420,convenio,MED03,2026-09-14 09:37,2026-09-14 15:00,realizada
AG07030,PAC1518,Caio Prado Bezerra,(51) 97196-3484,convenio,MED04,2026-09-14 10:33,2026-09-24 11:30,faltou
AG07031,PAC0199,Aline Pereira Fernandes,+55 51 917035851,convenio,MED06,2026-09-14 10:41,2026-09-15 11:30,Realizada
AG07032,PAC1209,Juliana Lima Viana,(54) 96156-2322,convenio,MED05,2026-09-14 11:00,2026-09-28 16:30,agendada
AG07033,PAC0291,Leandro Cardoso Almeida,53985473747,convenio,MED02,2026-09-14 11:20,2026-09-15 11:30,cancelado pelo paciente
AG07034,PAC1586,Henrique Alves Martins,+55 53 980709783,Particular,MED02,2026-09-14 11:41,2026-10-01 14:00,agendada
AG07035,PAC0533,Raquel Bertoldi Rezende,+55 54 975416915,convenio,MED01,2026-09-14 11:48,2026-09-16 11:00,realizada
AG07036,PAC0178,Felipe Pires Reis,54996725726,particular,MED02,14/09/2026 12:12,2026-09-15 08:00,REALIZADA
AG07037,PAC1608,Murilo Zanella Mendes,(51) 94530-7813,convenio,MED04,2026-09-14 12:41,2026-10-13 09:30,agendada
AG07038,PAC0384,Otávio Duarte Bezerra,(53) 92118-3929,convenio,MED01,2026-09-14 12:55,2026-09-28 08:00,agendada
AG07039,PAC1532,Elaine Ribeiro Kuhn,51983151815,particular,MED05,2026-09-14 12:57,2026-09-16 14:00,REALIZADA
AG07040,PAC1534,Vanessa Lorenzi Freitas,+55 51 901928420,convenio,MED06,2026-09-14 13:41,2026-09-16 14:00,realizada
AG07041,PAC0248,Cristina Pinto Santos,(51) 92292-6093,Convênio,MED04,2026-09-14 13:41,2026-10-08 08:00,agendada
AG07042,PAC0935,Helena Alves Menezes,(51) 96641-0201,convenio,MED05,2026-09-14 13:55,2026-10-15 16:30,agendada
AG07043,PAC1566,João Costa Lopes,(53) 97909-8710,particular,MED04,14/09/2026 14:05,2026-09-24 11:00,realizada
AG07044,PAC1607,Bianca Almeida Hoffmann,(54) 96515-6595,particular,MED02,2026-09-14 14:41,13/10/2026 17:30,agendada
AG07045,PAC1313,Ricardo Coelho Batista,(51) 96852-8105,convenio,MED02,2026-09-14 14:55,2026-09-24 16:30,realizada
AG07046,PAC0862,Arthur Macedo Soares,51975898471,convenio,MED05,2026-09-14 15:20,2026-09-16 15:00,atendido
AG07047,PAC1169,Leandro Cardoso Vieira,,PARTICULAR,MED01,2026-09-14 16:00,2026-09-18 17:30,realizada
AG07048,PAC1603,Tânia Tavares Rodrigues,(51) 99794-5870,particular,MED01,2026-09-14 17:41,2026-10-09 17:30,agendada
AG07049,PAC0743,João Pinto Fernandes,(54) 94644-4586,particular,MED01,2026-09-14 17:48,2026-09-16 10:00,faltou
AG07050,PAC1568,Vanessa Marques Ramos,51936173055,convenio,MED06,2026-09-14 17:55,2026-09-24 09:30,falta
AG07051,PAC1602,César Fernandes Borges,(51) 90948-8927,convenio,MED06,2026-09-15 08:12,2026-10-08 09:30,Agendada
AG07052,PAC0834,Wagner Pereira Xavier,+55 51 911909058,convenio,MED02,2026-09-15 08:14,2026-09-15 11:30,Realizada
AG07053,PAC1620,Murilo Teixeira Ferreira,51915520297,convenio,MED04,2026-09-15 09:00,2026-10-30 10:00,agendada
AG07054,PAC1564,Larissa Müller Bezerra,+55 51 926719046,convenio,MED02,2026-09-15 09:33,2026-09-24 11:30,realizada
AG07055,PAC1013,Bruno Almeida Santana,+55 54 905126206,convenio,MED04,15/09/2026 10:00,16/09/2026 11:30,realizada
AG07056,PAC1132,César Zanella Ferreira,51919815917,convênio,MED02,2026-09-15 10:15,2026-09-15 15:30,Realizada
AG07057,PAC1011,Patrícia Silva Sales,+55 51 939006572,convenio,MED01,2026-09-15 11:00,2026-09-21 11:00,agendada
AG07058,PAC1456,Mateus Pinto Fonseca,(51) 98470-3827,particular,MED01,2026-09-15 11:20,2026-09-30 09:30,agendada
AG07059,PAC1612,Beatriz Andrade Brandão,53968199072,convenio,MED04,2026-09-15 11:20,2026-10-15 10:00,cancelado
AG07060,PAC0720,Larissa Vieira Bertoldi,+55 53 942920865,convênio,MED05,15/09/2026 11:41,2026-09-16 16:30,realizada
AG07061,PAC0784,Alexandre Becker Nunes,(51) 95607-8833,convenio,MED04,2026-09-15 12:05,2026-09-16 09:30,realizada
AG07062,PAC0495,Otávio Fernandes Pinto,(51) 95333-7758,convenio,MED03,2026-09-15 12:05,2026-09-23 15:30,REALIZADA
AG07063,PAC1299,Raquel Campos Almeida,+55 54 999768445,particular,MED01,2026-09-15 12:12,2026-10-07 11:00,agendada
AG07064,PAC1539,Felipe Weber Barbosa,(54) 94750-9580,convenio,MED02,15/09/2026 12:55,2026-09-17 15:30,atendido
AG07065,PAC1370,Juliana Silva Freitas,(51) 95822-6699,convenio,MED02,2026-09-15 13:42,2026-09-17 10:00,realizada
AG07066,PAC0841,Caio Martins Barbosa,53995559487,convenio,MED04,2026-09-15 14:33,2026-09-21 09:00,Realizada
AG07067,PAC0635,Marcos Weber Hoffmann,53904355545,convenio,MED04,2026-09-15 14:41,2026-09-30 09:00,agendada
AG07068,PAC0801,Márcio Hoffmann Fernandes,+55 51 920643434,convenio,MED05,2026-09-15 14:48,2026-09-17 15:00,realizada
AG07069,PAC0642,Emerson Monteiro Schmidt,+55 51 913621239,convenio,MED05,2026-09-15 14:48,2026-10-06 16:30,agendada
AG07070,PAC1448,Elaine Correia Carvalho,(54) 95708-5290,Particular,MED02,15/09/2026 15:05,2026-09-24 14:30,ausente
AG07071,PAC0663,Ricardo Miranda Cavalcanti,(51) 97402-1179,CONVENIO,MED04,2026-09-15 15:33,2026-10-20 09:00,agendada
AG07072,PAC1530,Mateus Nascimento Vieira,(51) 92127-2021,particular,MED04,2026-09-15 16:11,2026-09-16 10:00,falta
AG07073,PAC0495,Otávio Fernandes Pinto,(51) 95333-7758,convenio,MED04,2026-09-15 16:33,2026-09-25 08:00,agendada
AG07074,PAC0125,Roberto Zanella Viana,(53) 94844-1761,particular,MED01,2026-09-15 17:12,2026-09-18 13:30,realizada
AG07075,PAC1569,Roberto Costa Castro,51946215271,convenio,MED06,2026-09-15 17:12,2026-09-24 10:30,REALIZADA
AG07076,PAC1462,Fernando Bertoldi Ferreira,(51) 99404-0128,convenio,MED02,2026-09-15 17:12,2026-09-29 15:00,agendada
AG07077,PAC1463,Arthur Pereira Nascimento,(54) 99056-0035,particular,MED02,2026-09-15 17:20,2026-09-17 14:00,realizada
AG07078,PAC0598,Beatriz Lima Costa,51992287710,convenio,MED04,2026-09-15 17:20,2026-09-23 08:00,realizada
AG07079,PAC0541,Samuel Batista Soares,+55 54 953572529,CONVENIO,MED03,2026-09-15 17:33,2026-10-21 13:00,agendada
AG07080,PAC0109,Jéssica Rodrigues Teixeira,(51) 98625-3999,convenio,MED01,2026-09-15 17:55,2026-09-28 09:00,confirmada
AG07081,PAC1028,Sônia Duarte Guimarães,(51) 92756-6429,convenio,MED05,2026-09-16 08:00,2026-09-29 17:30,agendada
AG07082,PAC1080,Murilo Duarte Mendes,(51) 90673-2276,convenio,MED04,2026-09-16 08:12,27/10/2026 09:00,agendada
AG07083,PAC0590,Rafael Batista Moura,+55 54 952877334,convenio,MED05,2026-09-16 08:33,27/10/2026 15:00,agendada
AG07084,PAC1507,Márcio Duarte Costa,,particular,MED03,2026-09-16 08:41,2026-10-26 15:30,agendada
AG07085,PAC0188,Leonardo Gomes Guimarães,51988024838,particular,MED04,2026-09-16 09:05,2026-10-22 10:00,agendada
AG07086,PAC0834,Wagner Pereira Xavier,+55 51 911909058,convenio,MED04,2026-09-16 09:12,2026-09-17 11:00,realizada
AG07087,PAC0136,Paulo Marques Duarte,+55 51 970089778,Convênio,MED01,2026-09-16 09:12,2026-09-23 09:00,realizada
AG07088,PAC0968,Ricardo Lopes Alves,+55 54 962726712,particular,MED03,16/09/2026 09:12,2026-09-25 08:00,agendada
AG07089,PAC1486,Vitor Cavalcanti Cavalcanti,51982951705,CONVENIO,MED06,16/09/2026 09:41,2026-10-14 14:00,agendada
AG07090,PAC1035,Wagner Castro Silva,(51) 91699-0226,convenio,MED05,2026-09-16 10:05,2026-09-28 16:00,agendada
AG07091,PAC0019,Eduardo Rezende Marques,53938389923,convenio,MED04,2026-09-16 10:33,2026-10-22 08:00,agendada
AG07092,PAC1218,Viviane Tavares Nunes,(54) 95737-7733,convenio,MED01,2026-09-16 11:05,2026-09-25 13:00,confirmada
AG07093,PAC0427,Wagner Andrade Miranda,519172,particular,MED05,16/09/2026 11:12,2026-09-22 16:00,falta
AG07094,PAC0389,Emerson Miranda Freitas,(51) 99860-1981,convenio,MED06,16/09/2026 11:48,2026-10-29 08:00,
AG07095,PAC0793,Cláudia Santana Martins,+55 54 958007977,convenio,MED04,2026-09-16 12:05,2026-09-23 11:00,cancelado pelo paciente
AG07096,PAC0057,Arthur Santana Kuhn,+55 51 921041025,convenio,MED04,2026-09-16 12:20,2026-09-28 11:00,confirmado
AG07097,PAC0364,Aline Duarte Menezes,53945494295,convenio,MED03,2026-09-16 13:00,2026-10-14 14:30,agendada
AG07098,PAC0488,Emerson Machado Miranda,(51) 95399-1941,particular,MED02,2026-09-16 13:12,2026-09-29 15:30,agendada
AG07099,PAC0632,Bruno Macedo Sales,,particular,MED01,2026-09-16 13:33,2026-09-18 16:30,realizada
AG07100,PAC1552,Isabela Fernandes Duarte,+55 54 962695854,convenio,MED01,2026-09-16 13:33,2026-09-23 07:30,faltou
AG07101,PAC1246,Alexandre Siqueira Carvalho,54927574965,particular,MED01,16/09/2026 14:12,2026-10-09 13:30,agendada
AG07102,PAC1447,Beatriz Brandão Rocha,51909962034,particular,MED05,2026-09-16 14:20,2026-09-21 14:30,Realizada
AG07103,PAC1055,Daniel Moura Monteiro,(54) 90344-4823,particular,MED01,2026-09-16 14:20,2026-09-25 17:00,confirmado
AG07104,PAC1554,Thiago Lopes Monteiro,(51) 94796-1710,particular,MED05,2026-09-16 14:48,2026-10-29 14:00,Agendada
AG07105,PAC0827,Letícia Rocha Santos,(54) 90077-7994,particular,MED04,2026-09-16 15:00,2026-10-26 10:30,Agendada
AG07106,PAC0627,Felipe Monteiro Marques,51974530523,particular,MED06,2026-09-16 15:48,17/09/2026 09:00,realizada
AG07107,PAC1186,Wagner Schmidt Barbosa,(51) 95973-6442,particular,MED05,2026-09-16 16:05,2026-10-27 16:30,agendada
AG07108,PAC0293,Patrícia Rezende Campos,51921292420,convenio,MED04,2026-09-16 16:55,2026-09-17 08:30,confirmado
AG07109,PAC1092,Débora Rodrigues Pinto,51939009847,convenio,MED04,2026-09-16 17:27,2026-10-15 10:00,agendada
AG07110,PAC1582,Samuel Monteiro Carvalho,(53) 91250-7444,particular,MED03,2026-09-16 17:55,2026-09-30 14:00,agendada
AG07111,PAC0124,Márcio Castro Teixeira,+55 53 944047803,particular,MED03,17/09/2026 08:00,2026-09-28 13:30,confirmada
AG07112,PAC0877,Daniel Moreira Alves,(51) 95678-9545,convenio,MED05,2026-09-17 08:00,2026-10-08 16:00,agendada
AG07113,PAC0326,Larissa Tavares Alves,(51) 97675-4716,particular,MED01,2026-09-17 08:00,2026-10-26 09:30,agendada
AG07114,PAC1543,Débora Weber Pires,+55 51 985651226,particular,MED03,2026-09-17 08:05,2026-09-18 10:00,atendido
AG07115,PAC1619,Felipe Xavier Lorenzi,+55 51 949088595,Convênio,MED03,2026-09-17 08:20,2026-10-30 11:00,agendada
AG07116,PAC0430,André Lopes Monteiro,(51) 91822-6521,particular,MED04,2026-09-17 08:24,2026-09-17 09:00,REALIZADA
AG07117,PAC0179,Fabiana Xavier Carvalho,(51) 91659-2857,convenio,MED01,2026-09-17 08:33,07/10/2026 07:30,agendada
AG07118,PAC0889,Bianca Siqueira Tavares,+55 53 932133759,convenio,MED05,2026-09-17 08:41,2026-09-22 17:30,ausente
AG07119,PAC1568,Vanessa Marques Ramos,51936173055,Convênio,MED06,2026-09-17 08:48,2026-09-29 08:30,agendada
AG07120,PAC0904,Letícia Fonseca Fonseca,(54) 97364-8771,convenio,MED04,17/09/2026 09:33,2026-10-06 08:30,agendada
AG07121,PAC0372,Daniel Kuhn Xavier,(53) 99490-1473,convenio,MED06,2026-09-17 11:12,2026-10-29 11:30,agendada
AG07122,PAC0430,André Lopes Monteiro,(51) 91822-6521,particular,MED01,2026-09-17 11:55,2026-09-30 08:30,agendada
AG07123,PAC1168,Leandro Freitas Campos,+55 54 979425331,particular,MED01,2026-09-17 12:05,25/09/2026 14:00,agendada
AG07124,PAC0864,Priscila Marques Sales,53959356888,convenio,MED04,2026-09-17 12:05,04/11/2026 11:00,agendada
AG06949,PAC1425,Leandro Pinto Freitas,(51) 91555-0582,CONVENIO,MED02,2026-09-09 14:48,2026-09-17 11:00,FALTA
AG07125,PAC0609,Juliana Marques Duarte,+55 51 972861023,convenio,MED05,2026-09-17 12:13,2026-09-17 14:00,realizada
AG07126,PAC1064,Caio Freitas Campos,+55 54 950402968,convenio,MED02,2026-09-17 12:55,2026-10-01 08:30,cancelado clinica
AG07127,PAC0039,Eduardo Weber Castro,(51) 96184-7151,convênio,MED03,2026-09-17 13:12,28/09/2026 15:30,agendada
AG07128,PAC1573,Júlia Hoffmann Pinto,51921579592,convenio,MED04,2026-09-17 13:48,2026-09-28 10:00,agendada
AG07129,PAC0933,Sabrina Dias Vieira,54964725602,convenio,MED06,2026-09-17 14:05,2026-09-29 09:30,agendada
AG07130,PAC1308,Simone Nunes Santana,(53) 92279-3612,convênio,MED02,2026-09-17 14:12,2026-09-24 09:00,realizada
AG07131,PAC0533,Raquel Bertoldi Rezende,+55 54 975416915,convenio,MED04,17/09/2026 14:41,2026-09-22 11:00,realizada
AG07132,PAC0417,Gustavo Pinto Correia,+55 54 969381977,Particular,MED04,2026-09-17 16:48,2026-09-18 11:00,realizada
AG07133,PAC1587,Larissa Castro Monteiro,(51) 94976-2960,Particular,MED06,2026-09-17 17:12,2026-10-01 11:00,agendada
AG07134,PAC1496,Thiago Becker Müller,53978166871,convenio,MED01,2026-09-17 17:20,2026-10-05 09:30,agendada
AG07135,PAC0170,Caio Nunes Santana,+55 51 994753655,convenio,MED04,17/09/2026 17:41,2026-09-22 08:30,realizada
AG07136,PAC0439,Murilo Freitas Rezende,(53) 97951-1835,particular,MED01,2026-09-18 08:05,2026-09-21 11:30,realizada
AG07137,PAC1042,Letícia Hoffmann Tomasi,(51) 92088-3996,convenio,MED06,2026-09-18 08:12,2026-09-24 11:00,realizada
AG07138,PAC1360,Paulo Ramos Tavares,51993970134,convenio,MED03,2026-09-18 08:41,18/09/2026 09:30,atendido
AG07139,PAC1368,André Bittencourt Xavier,(51) 91192-0094,convenio,MED04,18/09/2026 08:48,2026-09-18 09:30,realizada
AG07140,PAC0831,Thiago Aguiar Mendes,+55 51 935297094,convenio,MED06,2026-09-18 08:48,2026-09-22 11:00,cancelado clinica
AG07141,PAC0869,Simone Guimarães Teixeira,(53) 93371-8501,convenio,MED02,18/09/2026 08:48,2026-10-27 10:00,Agendada
AG07142,PAC1614,Alexandre Viana Gonçalves,(54) 92668-5005,convenio,MED03,2026-09-18 09:00,2026-10-16 09:00,agendada
AG07143,PAC0676,Samuel Monteiro Almeida,(51) 99540-0658,convenio,MED02,2026-09-18 09:05,2026-10-15 09:00,agendada
AG07144,PAC0892,Luciana Teixeira Hoffmann,(51) 92093-5679,convenio,MED04,2026-09-18 09:20,13/10/2026 11:00,agendada
AG07145,PAC1354,Patrícia Lima Dias,(53) 92011-2758,particular,MED03,2026-09-18 09:40,2026-09-18 11:00,falta
AG07146,PAC1022,Maria Santana Rocha,51950511123,Convênio,MED05,2026-09-18 09:55,2026-10-14 16:30,agendada
AG07147,PAC0013,Sônia Nunes Xavier,51920780234,particular,MED05,2026-09-18 09:55,2026-10-19 16:00,agendada
AG07148,PAC0794,César Souza Becker,(51) 90457-6598,convenio,MED02,2026-09-18 10:00,29/10/2026 11:30,agendada
AG07149,PAC0410,Viviane Kuhn Schmidt,(51) 92893-1543,particular,MED06,2026-09-18 10:48,24/09/2026 09:00,ausente
AG07150,PAC1132,César Zanella Ferreira,51919815917,convenio,MED04,2026-09-18 11:41,2026-10-20 11:30,agendada
AG07151,PAC0172,Márcio Bertoldi Guimarães,(54) 99040-9724,convenio,MED01,2026-09-18 11:55,2026-09-30 10:30,agendada
AG07152,PAC1594,Letícia Reis Lima,+55 54 964805330,particular,MED02,2026-09-18 11:55,2026-10-06 10:30,agendada
AG07153,PAC0695,Vanessa Brandão Viana,(51) 98227-2922,PARTICULAR,MED04,2026-09-18 12:12,2026-09-22 09:00,ausente
AG07154,PAC1214,Priscila Teixeira Teixeira,(53) 91594-9296,Convênio,MED02,2026-09-18 12:12,2026-09-29 17:30,agendada
AG07155,PAC0339,Fábio Siqueira Müller,(51) 98536-0434,particular,MED01,18/09/2026 12:48,2026-09-30 11:00,agendada
AG07156,PAC1198,Vanessa Tomasi Rezende,+55 54 987268491,convenio,MED01,2026-09-18 13:05,2026-09-28 10:00,desmarcou
AG07157,PAC1341,Débora  Moura Prado,53989062968,particular,MED01,2026-09-18 14:33,2026-10-02 14:30,agendada
AG07158,PAC1297,Otávio Silva Soares,(54) 92523-2293,convenio,MED04,2026-09-18 14:55,15/10/2026 08:00,agendada
AG07159,PAC1072,Rodrigo Santos Rezende,(51) 91573-6126,particular,MED02,18/09/2026 15:48,2026-09-22 09:30,realizada
AG07160,PAC0407,Ana Freitas Bertoldi,+55 51 944722327,convenio,MED05,18/09/2026 15:55,2026-10-26 17:30,agendada
AG07161,PAC0247,Lucas Batista Santos,(53) 91830-5408,convenio,MED04,2026-09-18 16:20,2026-09-23 10:30,realizada
AG07162,PAC1141,Thiago Batista Carvalho,(51) 94365-6641,convenio,MED05,2026-09-18 16:41,2026-09-24 17:00,realizada
AG07163,PAC0221,Ricardo Teixeira Xavier,(51) 93465-8074,convenio,MED05,2026-09-21 08:33,2026-09-21 17:30,realizada
AG07164,PAC1588,Tânia Castro Martins,53947285194,particular,MED01,2026-09-21 08:41,2026-10-02 15:30,agendada
AG07165,PAC1555,Bianca Tavares Tavares,+55 51 914926708,convenio,MED03,2026-09-21 08:48,2026-09-23 13:30,realizada
AG07166,PAC1545,Júlia Dias Moura,(51) 9999-,particular,MED01,2026-09-21 08:54,2026-09-21 09:30,Realizada
AG07167,PAC1549,Jéssica Soares Araújo,(53) 91547-8896,convenio,MED05,2026-09-21 09:10,22/09/2026 14:00,realizada
AG07168,PAC1560,Mariana Viana Silva,(51) 92103-5320,convênio,MED05,2026-09-21 09:12,2026-09-23 14:00,realizada
AG07169,PAC0766,Rafael Pires Ribeiro,54951206596,convenio,MED04,2026-09-21 09:48,2026-09-22 08:00,realizada
AG07170,PAC1239,Ricardo Queiroz Santana,+55 51 900934469,convenio,MED04,21/09/2026 10:12,2026-10-20 08:30,agendada
AG07171,PAC0804,Marcos Lopes Nascimento,51911277802,particular,MED06,21/09/2026 11:00,08/10/2026 11:00,agendada
AG07172,PAC1616,Diego Freitas Correia,+55 53 957522923,convenio,MED05,2026-09-21 11:00,2026-10-21 14:30,agendada
AG07173,PAC0353,Elaine Campos Santana,53990673944,convenio,MED06,2026-09-21 11:12,2026-10-01 10:30,Agendada
AG07174,PAC1098,Vanessa Ribeiro Nunes,(51) 95518-2725,convenio,MED04,2026-09-21 13:00,2026-10-30 08:30,agendada
AG07175,PAC0128,Aline Oliveira Queiroz,(54) 99381-1787,convenio,MED01,2026-09-21 14:05,2026-10-23 15:30,agendada
AG07176,PAC0051,Tânia Pinto Rezende,51969124332,convenio,MED05,2026-09-21 14:12,2026-10-01 17:30,Agendada
AG07177,PAC1130,Carla Moura Gomes,+55 54 983301766,particular,MED06,2026-09-21 14:29,2026-09-22 11:00,falta
AG07178,PAC1131,Simone Tomasi Santos,(53) 93719-7445,convenio,MED01,2026-09-21 14:41,2026-09-25 17:30,confirmada
AG07179,PAC0136,Paulo Marques Duarte,+55 51 970089778,convenio,MED05,2026-09-21 15:05,2026-10-08 17:00,agendada
AG07180,PAC1262,Felipe Andrade Ribeiro,54938495243,convenio,MED04,2026-09-21 15:48,2026-10-05 10:00,Agendada
AG07181,PAC0251,Tânia Ribeiro Cavalcanti,(51) 93341-6083,particular,MED03,21/09/2026 16:20,2026-10-16 08:00,agendada
AG07182,PAC0824,Wagner Farias Queiroz,(51) 92867-8893,particular,MED05,2026-09-21 16:48,2026-10-26 15:30,agendada
AG07183,PAC0092,Maria Fernandes Pinto,(51) 90949-2947,convenio,MED06,2026-09-21 17:55,2026-09-24 08:30,desmarcou
AG07184,PAC1386,Eduardo Prado Farias,(51) 90861-5084,convenio,MED02,2026-09-22 08:20,15/10/2026 16:30,agendada
AG07185,PAC0740,Mateus Zanella Campos,(51) 95562-3210,Convênio,MED02,2026-09-22 08:33,2026-09-29 11:00,agendada
AG07186,PAC0611,Daniel Kuhn Borges,51907488787,convenio,MED06,2026-09-22 08:40,2026-09-22 09:30,realizada
AG07187,PAC0121,Helena Araújo Freitas,(54) 90376-5305,convenio,MED02,2026-09-22 08:48,2026-10-06 09:00,agendada
AG07188,PAC0161,Lorena Ramos Machado,(54) 93359-2298,particular,MED02,2026-09-22 08:53,2026-10-01 08:30,agendada
AG07189,PAC0236,Vanessa Gomes Machado,53973730780,Particular,MED02,2026-09-22 09:00,2026-09-24 14:00,realizada
AG07190,PAC0917,Felipe Pires Gomes,+55 51 908911629,particular,MED01,2026-09-22 09:00,2026-09-28 10:30,agendada
AG07191,PAC1563,Carolina Freitas Rezende,+55 51 939859038,particular,MED02,2026-09-22 10:05,2026-09-24 10:30,falta
AG07192,PAC1618,Murilo Rodrigues Zanella,51950158124,convenio,MED04,2026-09-22 11:05,2026-10-28 10:30,agendada
AG07193,PAC0381,João Mendes Santos,(51) 97271-4685,particular,MED02,2026-09-22 11:48,2026-10-01 11:00,agendada
AG07194,PAC0424,Lorena Araújo Hoffmann,54923746072,convênio,MED01,2026-09-22 12:33,05/10/2026 08:00,agendada
AG07195,PAC0976,Raquel Mendes Brandão,(51) 90874-1812,convenio,MED01,2026-09-22 12:41,2026-09-28 09:30,agendada
AG07196,PAC0398,Adriana Gomes Siqueira,+55 51 906050640,Particular,MED02,2026-09-22 12:48,2026-09-22 14:00,cancelada_paciente
AG07197,PAC0516,Adriana Souza Kuhn,51965149065,convenio,MED05,2026-09-22 12:55,2026-10-06 16:00,cancelada_paciente
AG07198,PAC1285,Luciana Soares Cardoso,(51) 94834-0767,convenio,MED01,2026-09-22 13:05,2026-10-05 11:00,cancelada_paciente
AG07199,PAC0601,Isabela Dias Müller,+55 51 944281085,convenio,MED04,2026-09-22 13:20,2026-09-23 09:30,realizada
AG07200,PAC0269,Natália Soares Borges,51903422457,Particular,MED06,2026-09-22 13:48,2026-09-30 16:30,agendada
AG07201,PAC0616,Simone Brandão Mendes,(53) 97260-6218,convenio,MED02,2026-09-22 13:55,2026-10-27 08:00,agendada
AG07202,PAC1590,Mariana Cardoso Oliveira,(51) 90392-7942,particular,MED04,2026-09-22 14:00,2026-10-02 08:00,agendada
AG07203,PAC0130,Débora Becker Correia,(54) 91064-5965,particular,MED01,2026-09-22 14:05,05/10/2026 10:30,agendada
AG07204,PAC1307,João Nascimento Peixoto,(51) 95736-2560,particular,MED01,2026-09-22 14:20,2026-10-02 16:00,cancelado
AG07205,PAC0476,Lucas Lima Ribeiro,+55 53 995363995,convenio,MED04,22/09/2026 14:33,2026-10-01 09:30,agendada
AG07206,PAC0139,Roberto Teixeira Monteiro,(51) 94905-0474,particular,MED06,2026-09-22 15:20,2026-10-20 11:00,agendada
AG07207,PAC1559,Mateus Fonseca Pereira,51919254835,convenio,MED04,2026-09-22 15:26,2026-09-23 11:30,realizada
AG07208,PAC1451,Priscila Becker Prado,51908500842,convenio,MED04,2026-09-22 15:41,2026-10-02 11:00,agendada
AG07209,PAC0333,Beatriz Santana Kuhn,(51) 92907-9609,convenio,MED04,22/09/2026 16:05,2026-09-23 11:00,realizada
AG07210,PAC0588,Otávio Müller Aguiar,51904876213,convenio,MED01,2026-09-22 16:22,2026-10-02 16:00,Agendada
AG07211,PAC0155,César Peixoto Moreira,51959800742,CONVENIO,MED05,22/09/2026 17:07,2026-10-06 16:00,agendada
AG07212,PAC0068,Vanessa Tomasi Queiroz,(53) 91051-3636,convenio,MED01,2026-09-22 17:20,2026-11-04 08:30,Agendada
AG03492,PAC0705,Mateus Menezes Soares,(53) 90860-7638,convenio,MED05,12/03/2026 14:00,18/03/2026 14:00,realizada
AG07213,PAC1592,Bianca Barbosa Rocha,(54) 90842-8819,particular,MED04,22/09/2026 17:33,05/10/2026 11:00,agendada
AG07214,PAC0959,Fabiana Menezes Siqueira,+55 54 963243915,particular,MED05,2026-09-22 17:41,2026-10-07 15:00,agendada
AG07215,PAC0339,Fábio Siqueira Müller,(51) 98536-0434,particular,MED04,2026-09-22 17:41,2026-10-23 11:30,agendada
AG07216,PAC1388,Murilo Gomes Rezende,51945803065,convenio,MED04,2026-09-22 17:41,2026-10-28 11:30,agendada
AG07217,PAC0642,Emerson Monteiro Schmidt,+55 51 913621239,convenio,MED02,2026-09-23 08:12,2026-09-29 09:30,agendada
AG07218,PAC1345,Sabrina Siqueira Hoffmann,+55 54 993636538,particular,MED04,2026-09-23 08:12,2026-11-05 08:00,agendada
AG07219,PAC0562,Mateus Costa Moura,(54) 92260-0600,Convênio,MED01,2026-09-23 08:20,2026-10-02 14:00,agendada
AG07220,PAC0095,Vanessa Dias Hoffmann,53934170837,PARTICULAR,MED05,2026-09-23 09:00,2026-10-19 14:00,agendada
AG07221,PAC0507,Murilo Fernandes Aguiar,+55 51 932463682,PARTICULAR,MED04,23/09/2026 09:41,13/10/2026 10:00,agendada
AG07222,PAC1591,Isabela Müller Machado,+55 54 915363605,Convênio,MED01,2026-09-23 10:07,2026-10-05 11:00,Agendada
AG07223,PAC1599,Camila Soares Menezes,(54) 99046-0491,convenio,MED01,2026-09-23 10:12,2026-10-07 09:30,agendada
AG07224,PAC0974,Jéssica Kuhn Müller,(53) 92760-7352,convenio,MED04,2026-09-23 10:55,2026-09-30 08:00,agendada
AG07225,PAC1613,Otávio Kuhn Marques,53985296162,convenio,MED05,2026-09-23 11:00,2026-10-15 14:00,agendada
AG07226,PAC0477,Camila Siqueira Xavier,51980800415,Convênio,MED02,23/09/2026 11:12,2026-10-01 16:30,agendada
AG07227,PAC0512,Isabela Dias Machado,,convenio,MED03,2026-09-23 11:41,2026-09-28 14:00,confirmada
AG07228,PAC0115,Carla Souza Lopes,(51) 93283-0302,particular,MED04,2026-09-23 11:55,2026-09-28 08:30,agendada
AG07229,PAC1597,Tatiane Marques Peixoto,(51) 95279-2863,particular,MED04,2026-09-23 12:00,2026-10-06 09:00,agendada
AG07230,PAC1178,Caio Rezende Zanella,(51) 98578-8726,particular,MED03,2026-09-23 12:33,2026-10-09 09:00,agendada
AG07231,PAC0888,Leonardo Schmidt Miranda,(54) 95962-4661,convenio,MED04,2026-09-23 13:00,24/09/2026 09:00,realizada
AG07232,PAC0456,Leonardo Coelho Pires,(51) 96410-8971,CONVENIO,MED01,2026-09-23 13:05,2026-09-30 11:30,agendada
AG07233,PAC0951,Wagner Weber Macedo,(53) 90243-8019,particular,MED02,2026-09-23 13:05,2026-10-15 11:30,agendada
AG07234,PAC0037,Cristina Viana Queiroz,(51) 90307-5736,Convênio,MED02,23/09/2026 13:33,2026-10-01 16:00,agendada
AG07235,PAC0133,Júlia Ferreira Marques,51985181718,convenio,MED02,2026-09-23 15:55,2026-09-24 11:00,falta
AG07236,PAC1615,Maria Moura Oliveira,(53) 95824-7217,particular,MED02,23/09/2026 17:00,2026-10-20 17:30,Agendada
AG07237,PAC1328,Alexandre Duarte Correia,51969112515,particular,MED01,2026-09-23 17:05,2026-11-04 11:30,agendada
AG07238,PAC0786,Mariana Mendes Rocha,51900368509,PARTICULAR,MED06,2026-09-23 17:20,2026-10-21 15:00,agendada
AG07239,PAC0513,Caio Bertoldi Bertoldi,(51) 94281-3339,convenio,MED05,2026-09-24 08:33,2026-10-13 14:30,Agendada
AG07240,PAC1571,Cláudia Schmidt Müller,(51) 97069-8136,convenio,MED04,2026-09-24 08:41,2026-09-25 10:00,confirmado
AG07241,PAC0885,Ana Nascimento Miranda,(51) 90137-0794,convenio,MED01,2026-09-24 09:52,2026-09-25 16:30,confirmada
AG07242,PAC0656,Aline Fonseca Monteiro,+55 51 955957679,particular,MED03,2026-09-24 10:12,2026-10-07 17:00,agendada
AG07243,PAC1228,Felipe Bertoldi Tavares,+55 51 950295448,convenio,MED03,2026-09-24 10:33,2026-10-14 15:30,agendada
AG07244,PAC0918,Leandro Silva Mendes,53948443877,Convênio,MED01,24/09/2026 11:05,2026-10-07 08:30,agendada
AG07245,PAC0101,César Almeida Campos,(54) 95435-8456,particular,MED03,2026-09-24 11:12,2026-09-25 08:30,agendada
AG07246,PAC0608,Felipe Rezende Lorenzi,(51) 95417-7420,particular,MED05,2026-09-24 11:12,30/09/2026 15:30,agendada
AG07247,PAC0937,Larissa Lima Xavier,53987912276,convênio,MED06,2026-09-24 11:33,2026-09-29 10:00,agendada
AG07248,PAC0369,Letícia Marques Schmidt,(53) 95146-3485,particular,MED04,2026-09-24 11:33,2026-10-16 08:00,agendada
AG07249,PAC1610,André Batista Viana,(51) 97426-2434,particular,MED06,2026-09-24 11:48,2026-10-14 14:30,agendada
AG07250,PAC1555,Bianca Tavares Tavares,+55 51 914926708,convenio,MED01,2026-09-24 11:55,25/09/2026 13:30,confirmada
AG07251,PAC0969,Murilo Cavalcanti Santana,(51) 97711-1633,convenio,MED01,2026-09-24 12:05,2026-10-07 11:30,agendada
AG07252,PAC0812,César  Pires Weber,(54) 97086-8597,convenio,MED01,2026-09-24 12:05,2026-10-28 11:30,agendada
AG07253,PAC0219,Otávio Miranda Pinto,(54) 96002-1930,convenio,MED01,2026-09-24 13:55,2026-09-30 08:00,agendada
AG07254,PAC1423,Júlia Pires Zanella,54990353081,convenio,MED05,2026-09-24 13:55,2026-10-06 14:30,agendada
AG07255,PAC1237,Sabrina Vieira Silva,(51) 94824-7485,Convênio,MED03,2026-09-24 14:05,2026-09-30 16:00,agendada
AG07256,PAC1182,Sabrina Bezerra Xavier,(51) 96617-3248,convenio,MED01,2026-09-24 15:05,2026-10-16 13:00,Agendada
AG07257,PAC1024,Ana Bezerra Lima,(54) 97088-2241,convenio,MED03,2026-09-24 15:12,2026-10-02 11:00,agendada
AG07258,PAC0147,Ricardo Carvalho Teixeira,(53) 92099-0039,particular,MED03,2026-09-24 15:41,2026-10-09 08:30,agendada
AG07259,PAC1621,César Fernandes Fonseca,51985639067,convenio,MED01,2026-09-24 15:41,06/11/2026 15:00,agendada
AG07260,PAC1617,Wagner Schmidt Brandão,(53) 99203-6594,convenio,MED02,2026-09-24 16:00,2026-10-22 08:00,
AG07261,PAC1622,Gustavo Ferreira Ferreira,+55 51 924561161,Particular,MED01,2026-09-24 16:00,2026-11-06 16:00,Agendada
AG07262,PAC0801,Márcio Hoffmann Fernandes,+55 51 920643434,convenio,MED02,24/09/2026 16:48,2026-10-08 08:00,cancelada_paciente
AG07263,PAC1417,Fernando Pereira Marques,(51) 90859-1507,convenio,MED05,2026-09-24 17:33,2026-10-06 15:30,agendada
AG07264,PAC0289,Gabriel Aguiar Carvalho,54984298548,particular,MED01,2026-09-24 17:42,2026-09-28 10:00,agendada
AG07265,PAC1140,Débora Nascimento Fonseca,(51) 92216-4415,convenio,MED05,2026-01-06 11:55,2026-01-14 18:30,realizada
AG07266,PAC0384,Otávio Duarte Bezerra,(53) 92118-3929,convenio,MED03,2026-09-02 14:48,2026-09-12 06:30,realizada
AG07267,PAC0658,Luiza Andrade Silva,(51) 90063-5386,convenio,MED01,2026-06-05 17:20,2026-06-20 06:00,realizada
AG07268,PAC1582,Samuel Monteiro Carvalho,(53) 91250-7444,particular,MED01,2026-02-04 17:00,2026-02-21 12:30,falta
AG07269,PAC0819,João Marques Tavares,(53) 93616-7001,particular,MED03,2026-05-08 10:05,2026-05-20 19:30,falta
AG07270,PAC0189,João Becker Borges,92286,convenio,MED06,2026-08-25 10:41,2026-09-05 18:30,falta
AG07271,PAC1251,Priscila Freitas Bertoldi,(54) 92861-2461,convenio,MED03,2026-01-05 09:41,2026-01-22 18:00,realizada
AG07272,PAC0149,Lucas Cavalcanti Correia,51955318507,particular,MED02,2026-04-02 17:05,2026-04-14 19:30,realizada
AG07273,PAC1174,Cláudia Miranda Coelho,51971711675,convenio,MED01,2026-07-22 08:33,2026-08-08 19:00,realizada
AG07274,PAC0123,Cláudia Bittencourt Pinto,(53) 96497-9758,particular,MED01,2025-12-08 11:20,2025-12-12 06:00,realizada
AG07275,PAC0714,Gabriel Rezende Nascimento,(54) 94727-1455,convenio,MED02,2026-03-19 11:55,2026-03-25 06:30,falta
AG07276,PAC0045,Henrique Macedo Rodrigues,(51) 98619-6258,particular,MED06,2026-06-09 17:33,2026-06-27 19:00,realizada
AG07277,PAC0086,Luiza Costa Santana,+55 53 917497258,convenio,MED02,2025-11-18 11:48,2025-11-29 12:30,realizada
AG07278,PAC0089,Emerson Gomes Coelho,51982389020,particular,MED01,2026-07-21 11:00,2026-08-05 06:00,realizada
AG07279,PAC0540,Priscila Pinto Santana,(51) 93660-4100,particular,MED01,2026-01-22 13:05,2026-01-24 06:30,realizada
AG07280,PAC0182,João Farias Mendes,0000000000,convenio,MED05,2026-04-06 13:55,2026-04-11 06:00,realizada
AG07281,PAC0141,Rodrigo Tomasi Brandão,(51) 91828-0393,convenio,MED03,2026-01-15 08:12,2026-01-17 19:00,falta
AG07282,PAC0254,Juliana Monteiro Dias,+55 53 932153346,particular,MED04,2026-02-11 12:55,2026-03-03 06:00,falta
AG07283,PAC0406,Leandro Soares Miranda,(51) 90785-2201,convenio,MED03,2026-09-21 14:48,2026-10-05 13:30,realizada
AG07284,PAC1549,Jéssica Soares Araújo,(53) 91547-8896,convenio,MED04,2026-09-21 09:41,2026-11-16 09:30,realizada
AG07285,PAC0905,Otávio Lorenzi Farias,(51) 91115-8608,particular,MED04,2026-09-18 16:05,2026-10-15 09:00,realizada
AG07286,PAC0508,Daniel Zanella Dias,51924481285,particular,MED05,2026-09-24 14:48,2026-11-09 15:00,realizada
AG07287,PAC0197,Carolina Lorenzi Souza,(51) 94236-2099,convenio,MED04,2026-09-18 14:00,2026-10-28 09:00,realizada
AG07288,PAC0830,Roberto Ferreira Dias,54950957888,particular,MED03,2026-09-04 11:00,2026-10-19 17:30,realizada
AG07289,PAC1600,Wagner Pereira Schmidt,53930985938,convenio,MED04,2026-09-10 08:20,2026-11-18 10:00,realizada
AG07290,PAC0461,Bruno Moreira Correia,+55 53 993957896,convenio,MED01,2026-09-11 15:00,2026-11-13 13:30,realizada
AG07291,PAC0027,Viviane Vieira Ramos,(53) 91096-7130,convenio,MED04,2026-09-10 11:00,2026-11-11 10:30,realizada
AG07292,PAC0443,Helena Machado Siqueira,53917176498,convenio,MED01,2026-09-22 10:05,2026-10-14 11:00,realizada
AG07293,PAC1287,Samuel Rodrigues Souza,+55 53 906543131,convenio,MED05,2026-09-17 17:12,2026-10-29 15:30,realizada
AG07294,PAC1248,Larissa Queiroz Tomasi,(51) 97080-8822,particular,MED03,2026-09-15 17:48,2026-11-04 15:00,realizada
